SLOT,AMKT,NEW,NOTE,",",380,UNIT,PD#,z,LEGALS,SW,BRAND LIST,BRAND WIRE,F,PROJ KITTED, ,CONLAY,CONASY,PWRCHK,D380 FINAL-BIQ,SHIPC,Extract Lookup Key,Slot Lookup,DEPT 380 TARGET,DAYS LATE,PRNT CARD,NEW COMMMIT,BIQ COMP,HIDE,COMMENTS,.,PSS,BAAN,GID,SLOT,AMKT,NEW,NOTE,LWC,PROJECT,UNIT,PD#,CONDEF,LEGALS,SW,BRAND LIST,BRAND WIRE,CONCSH WO OPEN,PROJ KITTED,PTION-LINE,CONLAY,CONASY,TEST1ST PASS,CONCUS,PWRCHK,D380 FINAL-BIQ,SHIPC,Extract Lookup Key,SlotLookup,DEPT 380 TARGET,DAYS LATE,MSR,NEW COMMMIT,BIQ COMP,HIDE,COMMENTS,OV BASELAY,PSS,BAAN,GID
,,,,Onskid,TRP-CO,,,02/23/23,,,,,04/20/23,,06/01/23,,,,,,,,,,,,,,,YES,,,,,,,,,,,,,,,,,,,,,,,,,,,,,,,,,,,,,,,
,,,,Onskid,SO-C,,,see #1,,,,,04/18/23,,06/01/23,,,,,,,,,,,,,,,YES,,,,,,,,,,,,,,,,,,,,,,,,,,,,,,,,,,,,,,,
,,,,Onskid,SO-C,,,02/20/23,,,,,04/17/23,,05/02/23,,,,,,,,,,,,,,,YES,,,,,,,,,,,,,,,,,,,,,,,,,,,,,,,,,,,,,,,
 ,,,,Onskid,KM-MC,,,02/16/23,,,,,04/13/23,,06/01/23,,,,,,,,,,,,,,,YES,,,, ,,,,,,,,,,,,,,,,,,,,,,,,,,,,,,,,,,,
,,,,Offskid,TCE-3,,,02/22/23,,,,,04/19/23,,06/01/23,,,,,,,#VALUE!,,,,,,,,YES,,,,,,,,,,,,,,,,,,,,,,,,,,,,,,,,,,,,,,,
,,,,New,DCP-CB,,,02/15/23,,,,,04/12/23,,05/02/23,,,,,,,,,,,,,,,YES,,,,,,,,,,,,,,,,,,,,,,,,,,,,,,,,,,,,,,,
,,,,Onskid,WWM-MW,,,see #1,,,,,04/13/23,,see #1,,,,,,,,,,,,,,,YES,,,,,,,,,,,,,,,,,,,,,,,,,,,,,,,,,,,,,,,
,,,,Offskid,TCE-2,,,02/17/23,,,,,04/14/23,,05/09/23,,,,,,,#VALUE!,,,,,,,,YES,,,,,,,,,,,,,,,,,,,,,,,,,,,,,,,,,,,,,,,
,,,,New,INEOS,,,see #1,,,,,04/06/23,,04/11/23,,,,,,,#VALUE!,,,,,,,,YES,,,,,,,,,,,,,,,,,,,,,,,,,,,,,,,,,,,,,,,
,,,,Onskid,WWM-MW,,,02/10/23,,,,,04/07/23,,05/02/23,,,,,,,,,,,,,,,YES,,,,,,,,,,,,,,,,,,,,,,,,,,,,,,,,,,,,,,,
,,,,Onskid,WIL0803,,,see #1,,,,,04/11/23,,see #1,,,,,,,,,,,,,,,YES,,,,,,,,,,,,,,,,,,,,,,,,,,,,,,,,,,,,,,,
,,,,Onskid,BHP-MC,,,02/01/23,,,,,03/29/23,,04/19/23,,,,,,,,,,,,,,,YES,,,,,,,,,,,,,,,,,,,,,,,,,,,,,,,,,,,,,,,
,,,,Offskid,VSP WIP1,,,02/08/23,,,,,04/05/23,,04/19/23,,,,,,,#VALUE!,,,,,,,,YES,,,,,,,,,,,,,,,,,,,,,,,,,,,,,,,,,,,,,,,
,,,,Onskid,WIL0803,,,02/07/23,,,,,04/04/23,,04/19/23,,,,,,,,,,,,,,,YES,,,,,,,,,,,,,,,,,,,,,,,,,,,,,,,,,,,,,,,
,,,,New,INEOS,,,02/09/23,,,,,04/06/23,,04/19/23,,,,,,,#VALUE!,,,,,,,,YES,,,,,,,,,,,,,,,,,,,,,,,,,,,,,,,,,,,,,,,
,,,,New,RAND WHITNEY,,,02/17/23,,,,,04/14/23,,05/04/23,,,,,,,#VALUE!,,,,,,,,YES,,,,,,,,,,,,,,,,,,,,,,,,,,,,,,,,,,,,,,,
,,,,Onskid,KM-CS15,,,02/03/23,,,,,03/31/23,,04/19/23,,,,,,,,,,,,,,,YES,,,,,,,,,,,,,,,,,,,,,,,,,,,,,,,,,,,,,,,
,,,,Offskid,CNL EESP,,,02/03/23,,,,,03/31/23,,04/19/23,,,,,,,#VALUE!,,,,,,,,YES,,,,,,,,,,,,,,,,,,,,,,,,,,,,,,,,,,,,,,,
,,,,NTB,APA-SS6,,,02/21/23,,,,,04/18/23,,05/04/23,,,,,,,,,,,,,,,YES,,,,,,,,,,,,,,,,,,,,,,,,,,,,,,,,,,,,,,,
,,,,New,NNG-GAR,,,01/31/23,,,,,03/28/23,,04/19/23,,,,,,,,,,,,,,,YES,,,,,,,,,,,,,,,,,,,,,,,,,,,,,,,,,,,,,,,
,,,,Onskid,LLOG-S,,,02/02/23,,,,,03/30/23,,04/19/23,,,,,,,,,,,,,,,YES,,,,,,,,,,,,,,,,,,,,,,,,,,,,,,,,,,,,,,,
,,,,NTB,APA-MW4,,,02/13/23,,,,,04/10/23,,04/28/23,,,,,,,,,,,,,,,YES,,,,,,,,,,,,,,,,,,,,,,,,,,,,,,,,,,,,,,,
,,,,Offskid,PPCL-GS,,,see #1,,,,,03/23/23,,see #1,,,,,,,,,,,,,,,YES,,,,,,,,,,,,,,,,,,,,,,,,,,,,,,,,,,,,,,,
,,,,Onskid,KM-EH,,,01/30/23,,,,,03/27/23,,04/18/23,,,,,,,,,,,,,,,YES,,,,,,,,,,,,,,,,,,,,,,,,,,,,,,,,,,,,,,,
,,,,Offskid,GROUPEMENT,,,01/25/23,,,,,03/22/23,,04/17/23,,,,,,,#VALUE!,,,,,,,,YES,,,,,,,,,,,,,,,,,,,,,,,,,,,,,,,,,,,,,,,
,,,,Offskid,TCE-1,,,01/25/23,,,,,03/22/23,,04/17/23,,,,,,,#VALUE!,,,,,,,,YES,,,,,,,,,,,,,,,,,,,,,,,,,,,,,,,,,,,,,,,
,,,,New,PEMEX CINCO,,,01/27/23,,,,,03/24/23,,04/18/23,,,,,,,#VALUE!,,,,,,,,YES,,,,,,,,,,,,,,,,,,,,,,,,,,,,,,,,,,,,,,,
,,,,Onskid,MPLX-V3,,,01/24/23,,,,,03/21/23,,04/17/23,,,,,,,,,,,,,,,YES,,,,,,,,,,,,,,,,,,,,,,,,,,,,,,,,,,,,,,,
,,,,,TRAINING,,,01/25/23,,,,,03/22/23,,04/26/23,,,,,,,#VALUE!,,,,,,,,YES,,,,,,,,,,,,,,,,,,,,,,,,,,,,,,,,,,,,,,,
,,,,,TRAINING,,,01/17/23,,,,,03/14/23,,04/26/23,,,,,,,#VALUE!,,,,,,,,YES,,,,,,,,,,,,,,,,,,,,,,,,,,,,,,,,,,,,,,,
,,,,,TRAINING,,,01/18/23,,,,,03/15/23,,04/14/23,,,,,,,#VALUE!,,,,,,,,YES,,,,,,,,,,,,,,,,,,,,,,,,,,,,,,,,,,,,,,,
,,,,Onskid,KM-CS5,,,01/23/23,,,,,03/20/23,,04/10/23,,,,,,,,,,,,,,,YES,,,,,,,,,,,,,,,,,,,,,,,,,,,,,,,,,,,,,,,
,,,,Offskid,QNE-FGC,,,01/24/23,,,,,03/21/23,,04/17/23,,,,,,,#VALUE!,,,,,,,,YES,,,,,,,,,,,,,,,,,,,,,,,,,,,,,,,,,,,,,,,
,,,,New,UNM GTG1,,,02/06/23,,,,,04/03/23,,04/21/23,,,,,,,#VALUE!,,,,,,,,YES,,,,,,,,,,,,,,,,,,,,,,,,,,,,,,,,,,,,,,,
,,,,Onskid,LAVENO,,,01/17/23,,,,,03/14/23,,04/06/23,,,,,,,,,,,,,,,YES,,,,,,,,,,,,,,,,,,,,,,,,,,,,,,,,,,,,,,,
,,,,New,DPS-10,,,01/19/23,,,,,03/16/23,,04/05/23,,,,,,,,,,,,,,,YES,,,,,,,,,,,,,,,,,,,,,,,,,,,,,,,,,,,,,,,
,,,,Onskid,KM-CS25,,,01/20/23,,,,,03/17/23,,04/10/23,,,,,,,,,,,,,,,YES,,,,,,,,,,,,,,,,,,,,,,,,,,,,,,,,,,,,,,,
,,,,New,TERRANETS,,,see #1,,,,,02/21/23,,02/28/23,,,,,,,#VALUE!,,,,,,,,YES,,,,,,,,,,,,,,,,,,,,,,,,,,,,,,,,,,,,,,,
,,,,Onskid,AFE-BAB,,,12/16/22,,,,,02/21/23,,03/30/23,,,,,,,,,,,,,,,YES,,,,,,,,,,,,,,,,,,,,,,,,,,,,,,,,,,,,,,,
,,,,Offskid,QNE-BGC,,,01/20/23,,,,,03/17/23,,04/06/23,,,,,,,#VALUE!,,,,,,,,YES,,,,,,,,,,,,,,,,,,,,,,,,,,,,,,,,,,,,,,,
,,,,New,DPS-9,,,01/03/23,,,,,03/01/23,,04/05/23,,,,,,,,,,,,,,,YES,,,,,,,,,,,,,,,,,,,,,,,,,,,,,,,,,,,,,,,
,,,,Offskid,PPCL-GS,,,see #1,,,,,03/01/23,,see #1,,,,,,,,,,,,,,,YES,,,,,,,,,,,,,,,,,,,,,,,,,,,,,,,,,,,,,,,
,,,,Onskid,KM-ED,,,01/03/23,,,,,03/01/23,,03/31/23,,,,,,,,,,,,,,,YES,,,,,,,,,,,,,,,,,,,,,,,,,,,,,,,,,,,,,,,
,,,,New,TERRANETS,,,12/15/22,,,,,02/20/23,,02/28/23,,,,,,,#VALUE!,,,,,,,,YES,,,,,,,,,,,,,,,,,,,,,,,,,,,,,,,,,,,,,,,
,,,,Offskid,TITAN TIRE,,,01/05/23,,,,,03/03/23,,03/29/23,,,,,,,#VALUE!,,,,,,,,YES,,,,,,,,,,,,,,,,,,,,,,,,,,,,,,,,,,,,,,,
,,,,Onskid,PLIN-CS,,,01/04/23,,,,,03/02/23,,03/29/23,,,,,,,,,,,,,,,YES,,,,,,,,,,,,,,,,,,,,,,,,,,,,,,,,,,,,,,,
,,,,Onskid,FORD-BO,,,see #1,,,,,02/27/23,,03/15/23,,,,,,,,,,,,,,,YES,,,,,,,,,,,,,,,,,,,,,,,,,,,,,,,,,,,,,,,
,,,,Onskid,BWP-S,,,12/19/22,,,,,02/22/23,,02/28/23,,,,,,,,,,,,,,,YES,,,,,,,,,,,,,,,,,,,,,,,,,,,,,,,,,,,,,,,
,,,,Onskid,KM-CAY1,,,12/22/22,,,,,02/27/23,,03/15/23,,,,,,,,,,,,,,,YES,,,,,,,,,,,,,,,,,,,,,,,,,,,,,,,,,,,,,,,
,,,,New,BERANTAI,,,12/21/22,,,,,02/24/23,,03/15/23,,,,,,,#VALUE!,,,,,,,,YES,,,,,,,,,,,,,,,,,,,,,,,,,,,,,,,,,,,,,,,
,,,,New,APC-HM SHIP AHEAD,,,12/20/22,,,,,02/23/23,,03/21/23,,,,,,,#VALUE!,,,,,,,,YES,,,,,,,,,,,,,,,,,,,,,,,,,,,,,,,,,,,,,,,
,,,,NTB,PPCL-GS,,,see #1,,,,,03/02/23,,see #1,,,,,,,,,,,,,,,YES,,,,,,,,,,,,,,,,,,,,,,,,,,,,,,,,,,,,,,,
,,,,Offskid,PPCL-GS,,,12/09/22,,,,,02/14/23,,03/01/23,,,,,,,,,,,,,,,YES,,,,,,,,,,,,,,,,,,,,,,,,,,,,,,,,,,,,,,,
,,,,Onskid,FORD-BO,,,12/14/22,,,,,02/17/23,,02/28/23,,,,,,,,,,,,,,,YES,,,,,,,,,,,,,,,,,,,,,,,,,,,,,,,,,,,,,,,
,,,,Offskid,WWM-AD SCS,,,11/03/22,,,,,01/10/23,,01/12/23,,,,,,,#VALUE!,,,,,,,,YES,,,,,,,,,,,,,,,,,,,,,,,,,,,,,,,,,,,,,,,
,,,,Offskid,WWM-MW SC,,,11/30/22,,,,,02/03/23,,02/14/23,,,,,,,#VALUE!,,,,,,,,YES,,,,,,,,,,,,,,,,,,,,,,,,,,,,,,,,,,,,,,,
,,,,Offskid,WWM-MR SC,,,11/30/22,,,,,02/03/23,,02/16/23,,,,,,,#VALUE!,,,,,,,,YES,,,,,,,,,,,,,,,,,,,,,,,,,,,,,,,,,,,,,,,
,,,,Onskid,KM-CS35,,,see #1,,,,,02/16/23,,02/28/23,,,,,,,,,,,,,,,YES,,,,,,,,,,,,,,,,,,,,,,,,,,,,,,,,,,,,,,,
,,,,Onskid,KM-CS35,,,12/08/22,,,,,02/13/23,,02/28/23,,,,,,,,,,,,,,,YES,,,,,,,,,,,,,,,,,,,,,,,,,,,,,,,,,,,,,,,
,,,,New,KERN RIVER,,,12/12/22,,,,,02/15/23,,03/03/23,,,,,,,#VALUE!,,,,,,,,YES,,,,,,,,,,,,,,,,,,,,,,,,,,,,,,,,,,,,,,,
,,,,Onskid,GAZ-KK,,,11/29/22,,,,,02/02/23,,02/13/23,,,,,,,,,,,,,,,YES,,,,,,,,,,,,,,,,,,,,,,,,,,,,,,,,,,,,,,,
,,,,Offskid,SBM-M,,,11/08/22,,,,,01/13/23,,01/26/23,,,,,,,,,,,,,,,YES,,,,,,,,,,,,,,,,,,,,,,,,,,,,,,,,,,,,,,,
,,,,Offskid,QNE-702,,,12/06/22,,,,,02/09/23,,02/22/23,,,,,,,#VALUE!,,,,,,,,YES,,,,,,,,,,,,,,,,,,,,,,,,,,,,,,,,,,,,,,,
,,,,,KM-MC,,,12/07/22,,,,,02/10/23,,03/14/23,,,,,,,#VALUE!,,,,,,,,YES,,,,,,,,,,,,,,,,,,,,,,,,,,,,,,,,,,,,,,,
,,,,,KM-ED,,,12/07/22,,,,,02/10/23,,03/20/23,,,,,,,#VALUE!,,,,,,,,YES,,,,,,,,,,,,,,,,,,,,,,,,,,,,,,,,,,,,,,,
,,,,,KM-CAY1 ,,,01/09/23,,,,,03/07/23,,03/13/23,,,,,,,#VALUE!,,,,,,,,YES,,,,,,,,,,,,,,,,,,,,,,,,,,,,,,,,,,,,,,,
,,,,,KM-CS5 ,,,01/09/23,,,,,03/07/23,,03/13/23,,,,,,,#VALUE!,,,,,,,,YES,,,,,,,,,,,,,,,,,,,,,,,,,,,,,,,,,,,,,,,
,,,,,KM-CS15 ,,,01/09/23,,,,,03/07/23,,03/13/23,,,,,,,#VALUE!,,,,,,,,YES,,,,,,,,,,,,,,,,,,,,,,,,,,,,,,,,,,,,,,,
,,,,,KM-CS25 ,,,01/10/23,,,,,03/08/23,,03/14/23,,,,,,,#VALUE!,,,,,,,,YES,,,,,,,,,,,,,,,,,,,,,,,,,,,,,,,,,,,,,,,
,,,,,KM-CS35 ,,,01/10/23,,,,,03/08/23,,03/13/23,,,,,,,#VALUE!,,,,,,,,YES,,,,,,,,,,,,,,,,,,,,,,,,,,,,,,,,,,,,,,,
,,,,,KM-CS35 ,,,see #1,,,,,03/08/23,,see #1,,,,,,,#VALUE!,,,,,,,,YES,,,,,,,,,,,,,,,,,,,,,,,,,,,,,,,,,,,,,,,
,,,,Onskid,LINY-HP,,,see #1,,,,,02/08/23,,02/21/23,,,,,,,,,,,,,,,YES,,,,,,,,,,,,,,,,,,,,,,,,,,,,,,,,,,,,,,,
,,,,Onskid,TEG-O,,,12/07/22,,,,,02/10/23,,02/24/23,,,,,,,,,,,,,,,YES,,,,,,,,,,,,,,,,,,,,,,,,,,,,,,,,,,,,,,,
,,,,Offskid,WWM-MG SC,,,12/01/22,,,,,02/06/23,,02/17/23,,,,,,,#VALUE!,,,,,,,,YES,,,,,,,,,,,,,,,,,,,,,,,,,,,,,,,,,,,,,,,
,,,,Onskid,KM-HP,,,11/29/22,,,,,02/02/23,,02/14/23,,,,,,,,,,,,,,,YES,,,,,,,,,,,,,,,,,,,,,,,,,,,,,,,,,,,,,,,
,,,,Offskid,PEARL RIVER -B,,,11/15/22,,,,,01/23/23,,02/06/23,,,,,,,#VALUE!,,,,,,,,YES,,,,,,,,,,,,,,,,,,,,,,,,,,,,,,,,,,,,,,,
,,,,New,SOMOIL,,,11/14/22,,,,,01/20/23,,02/07/23,,,,,,,#VALUE!,,,,,,,,YES,,,,,,,,,,,,,,,,,,,,,,,,,,,,,,,,,,,,,,,
,,,,Onskid,LINY-HP,,,11/17/22,,,,,01/25/23,,02/09/23,,,,,,,,,,,,,,,YES,,,,,,,,,,,,,,,,,,,,,,,,,,,,,,,,,,,,,,,
,,,,Onskid,LIV-FM,,,see #1,,,,,01/23/23,,02/03/23,,,,,,,,,,,,,,,YES,,,,,,,,,,,,,,,,,,,,,,,,,,,,,,,,,,,,,,,
,,,,Offskid,PEARL RIVER-A,,,11/16/22,,,,,01/24/23,,01/30/23,,,,,,,#VALUE!,,,,,,,,YES,,,,,,,,,,,,,,,,,,,,,,,,,,,,,,,,,,,,,,,
,,,,NTB,PPCL-GS,,,12/02/22,,,,,02/07/23,,02/20/23,,,,,,,,,,,,,,,YES,,,,,,,,,,,,,,,,,,,,,,,,,,,,,,,,,,,,,,,
,,,,NTB,PPCL-GS,,,see #1,,,,,02/07/23,,02/20/23,,,,,,,,,,,,,,,YES,,,,,,,,,,,,,,,,,,,,,,,,,,,,,,,,,,,,,,,
,,,,New,EMER-P1,,,01/03/23,,,,,03/01/23,,03/15/23,,,,,,,,,,,,,,,YES,,,,,,,,,,,,,,,,,,,,,,,,,,,,,,,,,,,,,,,
,,,,New,EMER-P2,,,01/03/23,,,,,03/01/23,,03/03/23,,,,,,,,,,,,,,,YES,,,,,,,,,,,,,,,,,,,,,,,,,,,,,,,,,,,,,,,
,,,,NTB,PTT-S,,,02/15/23,,,,,04/12/23,,06/01/23,,,,,,,,,,,,,,,YES,,,,,,,,,,,,,,,,,,,,,,,,,,,,,,,,,,,,,,,
,,,,,,,,02/15/23,,,,,04/12/23,,04/26/23,,,,,,,,,,,,,,,YES,,,,,,,,,,,,,,,,,,,,,,,,,,,,,,,,,,,,,,,
,,,,,,,,02/15/23,,,,,04/12/23,,04/26/23,,,,,,,,,,,,,,,YES,,,,,,,,,,,,,,,,,,,,,,,,,,,,,,,,,,,,,,,
,,,,,,,,02/15/23,,,,,04/12/23,,04/26/23,,,,,,,,,,,,,,,YES,,,,,,,,,,,,,,,,,,,,,,,,,,,,,,,,,,,,,,,
,,,,,,,,02/15/23,,,,,04/12/23,,04/26/23,,,,,,,,,,,,,,,YES,,,,,,,,,,,,,,,,,,,,,,,,,,,,,,,,,,,,,,,
,,,,,,,,02/15/23,,,,,04/12/23,,04/26/23,,,,,,,,,,,,,,,YES,,,,,,,,,,,,,,,,,,,,,,,,,,,,,,,,,,,,,,,
,,,,,,,,02/15/23,,,,,04/12/23,,04/26/23,,,,,,,,,,,,,,,YES,,,,,,,,,,,,,,,,,,,,,,,,,,,,,,,,,,,,,,,
,,,,,,,,02/15/23,,,,,04/12/23,,04/26/23,,,,,,,,,,,,,,,YES,,,,,,,,,,,,,,,,,,,,,,,,,,,,,,,,,,,,,,,
,,,,,,,,02/15/23,,,,,04/12/23,,04/26/23,,,,,,,,,,,,,,,YES,,,,,,,,,,,,,,,,,,,,,,,,,,,,,,,,,,,,,,,
,,,,New,MOUNTAIN WEST,,,02/20/23,,,,,04/17/23,,06/01/23,,,,,,,#VALUE!,,,,,,,,YES,,,,,,,,,,,,,,,,,,,,,,,,,,,,,,,,,,,,,,,
,,,,,,,,02/20/23,,,,,04/17/23,,05/01/23,,,,,,,,,,,,,,,YES,,,,,,,,,,,,,,,,,,,,,,,,,,,,,,,,,,,,,,,
,,,,,,,,02/20/23,,,,,04/17/23,,05/01/23,,,,,,,,,,,,,,,YES,,,,,,,,,,,,,,,,,,,,,,,,,,,,,,,,,,,,,,,
,,,,,,,,02/20/23,,,,,04/17/23,,05/01/23,,,,,,,,,,,,,,,YES,,,,,,,,,,,,,,,,,,,,,,,,,,,,,,,,,,,,,,,
,,,,,,,,02/20/23,,,,,04/17/23,,05/01/23,,,,,,,,,,,,,,,YES,,,,,,,,,,,,,,,,,,,,,,,,,,,,,,,,,,,,,,,
,,,,,,,,02/20/23,,,,,04/17/23,,05/01/23,,,,,,,,,,,,,,,YES,,,,,,,,,,,,,,,,,,,,,,,,,,,,,,,,,,,,,,,
,,,,,,,,02/20/23,,,,,04/17/23,,05/01/23,,,,,,,,,,,,,,,YES,,,,,,,,,,,,,,,,,,,,,,,,,,,,,,,,,,,,,,,
,,,,,,,,02/20/23,,,,,04/17/23,,05/01/23,,,,,,,,,,,,,,,YES,,,,,,,,,,,,,,,,,,,,,,,,,,,,,,,,,,,,,,,
,,,,,,,,02/20/23,,,,,04/17/23,,05/01/23,,,,,,,,,,,,,,,YES,,,,,,,,,,,,,,,,,,,,,,,,,,,,,,,,,,,,,,,
,,,,,,,,02/20/23,,,,,04/17/23,,05/01/23,,,,,,,,,,,,,,,YES,,,,,,,,,,,,,,,,,,,,,,,,,,,,,,,,,,,,,,,
,,,,NTB,PTT-S,,,see #1,,,,,04/20/23,,06/01/23,,,,,,,,,,,,,,,YES,,,,,,,,,,,,,,,,,,,,,,,,,,,,,,,,,,,,,,,
,,,,,,,,02/23/23,,,,,04/20/23,,05/04/23,,,,,,,,,,,,,,,YES,,,,,,,,,,,,,,,,,,,,,,,,,,,,,,,,,,,,,,,
,,,,Offskid,PERTAMINA LIRIK,,,02/24/23,,,,,04/21/23,,06/01/23,,,,,,,#VALUE!,,,,,,,,YES,,,,,,,,,,,,,,,,,,,,,,,,,,,,,,,,,,,,,,,
,,,,Onskid,TRP-VN,,,02/24/23,,,,,04/21/23,,05/02/23,,,,,,,,,,,,,,,YES,,,,,,,,,,,,,,,,,,,,,,,,,,,,,,,,,,,,,,,
,,,,,,,,02/24/23,,,,,04/21/23,,05/05/23,,,,,,,,,,,,,,,YES,,,,,,,,,,,,,,,,,,,,,,,,,,,,,,,,,,,,,,,
,,,,Onskid,DAMANG3,,,02/27/23,,,,,04/24/23,,06/01/23,,,,,,,,,,,,,,,YES,,,,,,,,,,,,,,,,,,,,,,,,,,,,,,,,,,,,,,,
,,,,Onskid,DUB10-1,,,see #1,,,,,04/24/23,,06/01/23,,,,,,,,,,,,,,,YES,,,,,,,,,,,,,,,,,,,,,,,,,,,,,,,,,,,,,,,
,,,,,,,,02/27/23,,,,,04/24/23,,05/08/23,,,,,,,,,,,,,,,YES,,,,,,,,,,,,,,,,,,,,,,,,,,,,,,,,,,,,,,,
,,,,New,SHELL MC807,,,02/28/23,,,,,04/25/23,,06/01/23,,,,,,,#VALUE!,,,,,,,,YES,,,,,,,,,,,,,,,,,,,,,,,,,,,,,,,,,,,,,,,
,,,,Onskid,TRP-VN,,,see #1,,,,,04/25/23,,05/02/23,,,,,,,,,,,,,,,YES,,,,,,,,,,,,,,,,,,,,,,,,,,,,,,,,,,,,,,,
,,,,,,,,02/28/23,,,,,04/25/23,,05/09/23,,,,,,,,,,,,,,,YES,,,,,,,,,,,,,,,,,,,,,,,,,,,,,,,,,,,,,,,
,,,,Offskid,APA-MW4,,,03/01/23,,,,,04/26/23,,05/26/23,,,,,,,,,,,,,,,YES,,,,,,,,,,,,,,,,,,,,,,,,,,,,,,,,,,,,,,,
,,,,,,,,03/01/23,,,,,04/26/23,,05/10/23,,,,,,,,,,,,,,,YES,,,,,,,,,,,,,,,,,,,,,,,,,,,,,,,,,,,,,,,
,,,,,,,,03/01/23,,,,,04/26/23,,05/10/23,,,,,,,,,,,,,,,YES,,,,,,,,,,,,,,,,,,,,,,,,,,,,,,,,,,,,,,,
,,,,Offskid,APA-SS6,,,03/02/23,,,,,04/27/23,,05/26/23,,,,,,,,,,,,,,,YES,,,,,,,,,,,,,,,,,,,,,,,,,,,,,,,,,,,,,,,
,,,,,,,,03/02/23,,,,,04/27/23,,05/11/23,,,,,,,,,,,,,,,YES,,,,,,,,,,,,,,,,,,,,,,,,,,,,,,,,,,,,,,,
,,,,,,,,03/02/23,,,,,04/27/23,,05/11/23,,,,,,,,,,,,,,,YES,,,,,,,,,,,,,,,,,,,,,,,,,,,,,,,,,,,,,,,
,,,,Offskid,PTT-S,,,03/03/23,,,,,04/28/23,,05/26/23,,,,,,,,,,,,,,,YES,,,,,,,,,,,,,,,,,,,,,,,,,,,,,,,,,,,,,,,
,,,,,,,,03/03/23,,,,,04/28/23,,05/12/23,,,,,,,,,,,,,,,YES,,,,,,,,,,,,,,,,,,,,,,,,,,,,,,,,,,,,,,,
,,,,,,,,03/03/23,,,,,04/28/23,,05/12/23,,,,,,,,,,,,,,,YES,,,,,,,,,,,,,,,,,,,,,,,,,,,,,,,,,,,,,,,
,,,,Onskid,EQM-M,,,03/06/23,,,,,05/01/23,,05/26/23,,,,,,,,,,,,,,,YES,,,,,,,,,,,,,,,,,,,,,,,,,,,,,,,,,,,,,,,
,,,,,,,,03/06/23,,,,,05/01/23,,05/15/23,,,,,,,,,,,,,,,YES,,,,,,,,,,,,,,,,,,,,,,,,,,,,,,,,,,,,,,,
,,,,,,,,03/06/23,,,,,05/01/23,,05/15/23,,,,,,,,,,,,,,,YES,,,,,,,,,,,,,,,,,,,,,,,,,,,,,,,,,,,,,,,
,,,,Onskid,TRP-VN,,,see #1,,,,,05/01/23,,05/26/23,,,,,,,,,,,,,,,YES,,,,,,,,,,,,,,,,,,,,,,,,,,,,,,,,,,,,,,,
,,,,,,,,03/06/23,,,,,05/01/23,,05/15/23,,,,,,,,,,,,,,,YES,,,,,,,,,,,,,,,,,,,,,,,,,,,,,,,,,,,,,,,
,,,,,,,,03/06/23,,,,,05/01/23,,05/15/23,,,,,,,,,,,,,,,YES,,,,,,,,,,,,,,,,,,,,,,,,,,,,,,,,,,,,,,,
,,,,Onskid,PEM-IR,,,03/06/23,,,,,05/01/23,,05/26/23,,,,,,,,,,,,,,,YES,,,,,,,,,,,,,,,,,,,,,,,,,,,,,,,,,,,,,,,
,,,,,,,,03/06/23,,,,,05/01/23,,05/15/23,,,,,,,,,,,,,,,YES,,,,,,,,,,,,,,,,,,,,,,,,,,,,,,,,,,,,,,,
,,,,,,,,03/06/23,,,,,05/01/23,,05/15/23,,,,,,,,,,,,,,,YES,,,,,,,,,,,,,,,,,,,,,,,,,,,,,,,,,,,,,,,
,,,,New,SHELL URSA -A,,,03/07/23,,,,,05/02/23,,06/13/23,,,,,,,#VALUE!,,,,,,,,YES,,,,,,,,,,,,,,,,,,,,,,,,,,,,,,,,,,,,,,,
,,,,,,,,03/07/23,,,,,05/02/23,,05/16/23,,,,,,,,,,,,,,,YES,,,,,,,,,,,,,,,,,,,,,,,,,,,,,,,,,,,,,,,
,,,,,,,,03/07/23,,,,,05/02/23,,05/16/23,,,,,,,,,,,,,,,YES,,,,,,,,,,,,,,,,,,,,,,,,,,,,,,,,,,,,,,,
,,,,New,SHELL URSA-B,,,03/07/23,,,,,05/02/23,,06/13/23,,,,,,,#VALUE!,,,,,,,,YES,,,,,,,,,,,,,,,,,,,,,,,,,,,,,,,,,,,,,,,
,,,,Onskid,EQM-M,,,see #1,,,,,05/02/23,,see #1,,,,,,,,,,,,,,,YES,,,,,,,,,,,,,,,,,,,,,,,,,,,,,,,,,,,,,,,
,,,,,,,,03/07/23,,,,,05/02/23,,05/16/23,,,,,,,,,,,,,,,YES,,,,,,,,,,,,,,,,,,,,,,,,,,,,,,,,,,,,,,,
,,,,Onskid,EQM-C,,,03/08/23,,,,,05/03/23,,see #1,,,,,,,,,,,,,,,YES,,,,,,,,,,,,,,,,,,,,,,,,,,,,,,,,,,,,,,,
,,,,,,,,03/08/23,,,,,05/03/23,,05/17/23,,,,,,,,,,,,,,,YES,,,,,,,,,,,,,,,,,,,,,,,,,,,,,,,,,,,,,,,
,,,,,,,,03/08/23,,,,,05/03/23,,05/17/23,,,,,,,,,,,,,,,YES,,,,,,,,,,,,,,,,,,,,,,,,,,,,,,,,,,,,,,,
,,,,Onskid,ONEOK-M,,,03/09/23,,,,,05/04/23,,see #1,,,,,,,,,,,,,,,YES,,,,,,,,,,,,,,,,,,,,,,,,,,,,,,,,,,,,,,,
,,,,,,,,03/09/23,,,,,05/04/23,,05/18/23,,,,,,,,,,,,,,,YES,,,,,,,,,,,,,,,,,,,,,,,,,,,,,,,,,,,,,,,
,,,,,,,,03/09/23,,,,,05/04/23,,05/18/23,,,,,,,,,,,,,,,YES,,,,,,,,,,,,,,,,,,,,,,,,,,,,,,,,,,,,,,,
,,,,Onskid,WIL1602,,,03/10/23,,,,,05/05/23,,see #1,,,,,,,,,,,,,,,YES,,,,,,,,,,,,,,,,,,,,,,,,,,,,,,,,,,,,,,,
,,,,,,,,03/10/23,,,,,05/05/23,,05/19/23,,,,,,,,,,,,,,,YES,,,,,,,,,,,,,,,,,,,,,,,,,,,,,,,,,,,,,,,
,,,,,,,,03/10/23,,,,,05/05/23,,05/19/23,,,,,,,,,,,,,,,YES,,,,,,,,,,,,,,,,,,,,,,,,,,,,,,,,,,,,,,,
,,,,Onskid,TRP-VN,,,see #1,,,,,05/08/23,,see #1,,,,,,,,,,,,,,,YES,,,,,,,,,,,,,,,,,,,,,,,,,,,,,,,,,,,,,,,
,,,,New,SHELL URSA-B,,,see #1,,,,,05/08/23,,05/16/23,,,,,,,#VALUE!,,,,,,,,YES,,,,,,,,,,,,,,,,,,,,,,,,,,,,,,,,,,,,,,,
,,,,,SHELL URSA-B,,,see #1,,,,,05/08/23,,see #1,,,,,,,#VALUE!,,,,,,,,YES,,,,,,,,,,,,,,,,,,,,,,,,,,,,,,,,,,,,,,,
,,,,New,SHELL URSA-B,,,see #1,,,,,05/09/23,,see #1,,,,,,,#VALUE!,,,,,,,,YES,,,,,,,,,,,,,,,,,,,,,,,,,,,,,,,,,,,,,,,
,,,,New,BOTAS,,,03/14/23,,,,,05/09/23,,06/19/23,,,,,,,#VALUE!,,,,,,,,YES,,,,,,,,,,,,,,,,,,,,,,,,,,,,,,,,,,,,,,,
,,,,,,,,03/14/23,,,,,05/09/23,,05/23/23,,,,,,,,,,,,,,,YES,,,,,,,,,,,,,,,,,,,,,,,,,,,,,,,,,,,,,,,
,,,,Onskid,CNOOC-K,,,03/15/23,,,,,05/10/23,,06/22/23,,,,,,,,,,,,,,,YES,,,,,,,,,,,,,,,,,,,,,,,,,,,,,,,,,,,,,,,
,,,,New,BOTAS,,,see #1,,,,,05/10/23,,see #1,,,,,,,#VALUE!,,,,,,,,YES,,,,,,,,,,,,,,,,,,,,,,,,,,,,,,,,,,,,,,,
,,,,,,,,03/15/23,,,,,05/10/23,,05/24/23,,,,,,,,,,,,,,,YES,,,,,,,,,,,,,,,,,,,,,,,,,,,,,,,,,,,,,,,
,,,,New,BOTAS,,,see #1,,,,,05/10/23,,see #1,,,,,,,#VALUE!,,,,,,,,YES,,,,,,,,,,,,,,,,,,,,,,,,,,,,,,,,,,,,,,,
,,,,Onskid,UCLA,,,03/15/23,,,,,05/10/23,,06/22/23,,,,,,,,,,,,,,,YES,,,,,,,,,,,,,,,,,,,,,,,,,,,,,,,,,,,,,,,
,,,,,,,,03/15/23,,,,,05/10/23,,05/24/23,,,,,,,,,,,,,,,YES,,,,,,,,,,,,,,,,,,,,,,,,,,,,,,,,,,,,,,,
,,,,New,NNG BELLEVILLE CB,,,03/16/23,,,,,05/11/23,,06/16/23,,,,,,,#VALUE!,,,,,,,,YES,,,,,,,,,,,,,,,,,,,,,,,,,,,,,,,,,,,,,,,
,,,,,,,,03/16/23,,,,,05/11/23,,05/25/23,,,,,,,,,,,,,,,YES,,,,,,,,,,,,,,,,,,,,,,,,,,,,,,,,,,,,,,,
,,,,,,,,03/16/23,,,,,05/11/23,,05/25/23,,,,,,,,,,,,,,,YES,,,,,,,,,,,,,,,,,,,,,,,,,,,,,,,,,,,,,,,
,,,,New,NNG BELLEVILLE,,,03/17/23,,,,,05/12/23,,06/22/23,,,,,,,#VALUE!,,,,,,,,YES,,,,,,,,,,,,,,,,,,,,,,,,,,,,,,,,,,,,,,,
,,,,New,NNG BELLEVILLE,,,see #1,,,,,05/12/23,,06/22/23,,,,,,,#VALUE!,,,,,,,,YES,,,,,,,,,,,,,,,,,,,,,,,,,,,,,,,,,,,,,,,
,,,,New,NNG BELLEVILLE,,,see #1,,,,,05/12/23,,see #1,,,,,,,#VALUE!,,,,,,,,YES,,,,,,,,,,,,,,,,,,,,,,,,,,,,,,,,,,,,,,,
,,,,New,NNG BELLEVILLE,,,see #1,,,,,05/15/23,,06/22/23,,,,,,,#VALUE!,,,,,,,,YES,,,,,,,,,,,,,,,,,,,,,,,,,,,,,,,,,,,,,,,
,,,,,NNG BELLEVILLE,,,see #1,,,,,05/15/23,,see #1,,,,,,,#VALUE!,,,,,,,,YES,,,,,,,,,,,,,,,,,,,,,,,,,,,,,,,,,,,,,,,
,,,,,,,,03/20/23,,,,,05/15/23,,05/30/23,,,,,,,,,,,,,,,YES,,,,,,,,,,,,,,,,,,,,,,,,,,,,,,,,,,,,,,,
,,,,Onskid,WIL1603,,,03/21/23,,,,,05/16/23,,06/26/23,,,,,,,,,,,,,,,YES,,,,,,,,,,,,,,,,,,,,,,,,,,,,,,,,,,,,,,,
,,,,,,,,03/21/23,,,,,05/16/23,,05/31/23,,,,,,,,,,,,,,,YES,,,,,,,,,,,,,,,,,,,,,,,,,,,,,,,,,,,,,,,
,,,,,lost,,,03/21/23,,,,,05/16/23,,05/31/23,,,,,,,,,,,,,,,YES,,,,,,,,,,,,,,,,,,,,,,,,,,,,,,,,,,,,,,,
,,,,Offskid,PTT-S,,,see #1,,,,,05/17/23,,06/26/23,,,,,,,,,,,,,,,YES,,,,,,,,,,,,,,,,,,,,,,,,,,,,,,,,,,,,,,,
,,,,Offskid,WWM-MB SC,,,03/22/23,,,,,05/17/23,,06/26/23,,,,,,,#VALUE!,,,,,,,,YES,,,,,,,,,,,,,,,,,,,,,,,,,,,,,,,,,,,,,,,
,,,,,,,,03/22/23,,,,,05/17/23,,06/01/23,,,,,,,,,,,,,,,YES,,,,,,,,,,,,,,,,,,,,,,,,,,,,,,,,,,,,,,,
,,,,New,CHIRNO2,,,03/29/23,,,,,05/24/23,,06/26/23,,,,,,,,,,,,,,,YES,,,,,,,,,,,,,,,,,,,,,,,,,,,,,,,,,,,,,,,
,,,,Offskid,DPE C40,,,03/29/23,,,,,05/24/23,,05/31/23,,,,,,,#VALUE!,,,,,,,,YES,,,,,,,,,,,,,,,,,,,,,,,,,,,,,,,,,,,,,,,
,,,,,,,,03/29/23,,,,,05/24/23,,06/08/23,,,,,,,,,,,,,,,YES,,,,,,,,,,,,,,,,,,,,,,,,,,,,,,,,,,,,,,,
,,,,,,,,03/29/23,,,,,05/24/23,,06/08/23,,,,,,,,,,,,,,,YES,,,,,,,,,,,,,,,,,,,,,,,,,,,,,,,,,,,,,,,
,,,,New,BOTAS STATION,,,03/29/23,,,,,05/24/23,,06/26/23,,,,,,,#VALUE!,,,,,,,,YES,,,,,,,,,,,,,,,,,,,,,,,,,,,,,,,,,,,,,,,
,,,,,,,,03/29/23,,,,,05/24/23,,06/08/23,,,,,,,,,,,,,,,YES,,,,,,,,,,,,,,,,,,,,,,,,,,,,,,,,,,,,,,,
,,,,Onskid,WWM-MR,,,03/30/23,,,,,05/25/23,,06/26/23,,,,,,,,,,,,,,,YES,,,,,,,,,,,,,,,,,,,,,,,,,,,,,,,,,,,,,,,
,,,,,,,,03/30/23,,,,,05/25/23,,06/09/23,,,,,,,,,,,,,,,YES,,,,,,,,,,,,,,,,,,,,,,,,,,,,,,,,,,,,,,,
,,,,,,,,03/31/23,,,,,05/26/23,,06/12/23,,,,,,,,,,,,,,,YES,,,,,,,,,,,,,,,,,,,,,,,,,,,,,,,,,,,,,,,
,,,,,,,,03/31/23,,,,,05/26/23,,06/12/23,,,,,,,,,,,,,,,YES,,,,,,,,,,,,,,,,,,,,,,,,,,,,,,,,,,,,,,,
,,,,New,PECHANGA,,,03/31/23,,,,,05/26/23,,06/26/23,,,,,,,#VALUE!,,,,,,,,YES,,,,,,,,,,,,,,,,,,,,,,,,,,,,,,,,,,,,,,,
,,,,New,MIDCOAST TRINIDAD,,,03/31/23,,,,,05/26/23,,07/06/23,,,,,,,#VALUE!,,,,,,,,YES,,,,,,,,,,,,,,,,,,,,,,,,,,,,,,,,,,,,,,,
,,,,Offskid,VSP CCP,,,04/03/23,,,,,05/30/23,,07/06/23,,,,,,,#VALUE!,,,,,,,,YES,,,,,,,,,,,,,,,,,,,,,,,,,,,,,,,,,,,,,,,
,,,,Offskid,CHEVRON NIGERIA,,,04/03/23,,,,,05/30/23,,07/06/23,,,,,,,#VALUE!,,,,,,,,YES,,,,,,,,,,,,,,,,,,,,,,,,,,,,,,,,,,,,,,,
,,,,,,,,03/31/23,,,,,05/26/23,,06/12/23,,,,,,,,,,,,,,,YES,,,,,,,,,,,,,,,,,,,,,,,,,,,,,,,,,,,,,,,
,,,,Onskid,WWM-MR,,,see #1,,,,,05/30/23,,07/06/23,,,,,,,,,,,,,,,YES,,,,,,,,,,,,,,,,,,,,,,,,,,,,,,,,,,,,,,,
,,,,,,,,04/03/23,,,,,05/30/23,,06/13/23,,,,,,,,,,,,,,,YES,,,,,,,,,,,,,,,,,,,,,,,,,,,,,,,,,,,,,,,
,,,,,lost,,,04/04/23,,,,,05/31/23,,06/14/23,,,,,,,,,,,,,,,YES,,,,,,,,,,,,,,,,,,,,,,,,,,,,,,,,,,,,,,,
,,,,New,CHEVRON MWIP,,,04/05/23,,,,,06/01/23,,07/06/23,,,,,,,#VALUE!,,,,,,,,YES,,,,,,,,,,,,,,,,,,,,,,,,,,,,,,,,,,,,,,,
,,,,,,,,04/05/23,,,,,06/01/23,,06/15/23,,,,,,,,,,,,,,,YES,,,,,,,,,,,,,,,,,,,,,,,,,,,,,,,,,,,,,,,
,,,,,,,,04/05/23,,,,,06/01/23,,06/15/23,,,,,,,,,,,,,,,YES,,,,,,,,,,,,,,,,,,,,,,,,,,,,,,,,,,,,,,,
,,,,Offskid,HARBOUR ENERGY-A,,,04/06/23,,,,,06/02/23,,07/06/23,,,,,,,#VALUE!,,,,,,,,YES,,,,,,,,,,,,,,,,,,,,,,,,,,,,,,,,,,,,,,,
,,,,Offskid,HARBOUR ENERGY-B,,,04/06/23,,,,,06/02/23,,07/06/23,,,,,,,#VALUE!,,,,,,,,YES,,,,,,,,,,,,,,,,,,,,,,,,,,,,,,,,,,,,,,,
,,,,,,,,04/06/23,,,,,06/02/23,,06/16/23,,,,,,,,,,,,,,,YES,,,,,,,,,,,,,,,,,,,,,,,,,,,,,,,,,,,,,,,
,,,,Onskid,SWBNO-1,,,04/07/23,,,,,06/05/23,,07/19/23,,,,,,,,,,,,,,,YES,,,,,,,,,,,,,,,,,,,,,,,,,,,,,,,,,,,,,,,
,,,,New,CHEVRON MWIP,,,see #1,,,,,06/05/23,,see #1,,,,,,,#VALUE!,,,,,,,,YES,,,,,,,,,,,,,,,,,,,,,,,,,,,,,,,,,,,,,,,
,,,,,HARBOUR ENERGY-B,,,04/07/23,,,,,06/05/23,,06/19/23,,,,,,,#VALUE!,,,,,,,,YES,,,,,,,,,,,,,,,,,,,,,,,,,,,,,,,,,,,,,,,
,,,,Offskid,CABINDA KWIP,,,04/10/23,,,,,06/06/23,,07/19/23,,,,,,,#VALUE!,,,,,,,,YES,,,,,,,,,,,,,,,,,,,,,,,,,,,,,,,,,,,,,,,
,,,,Offskid,CABINDA KWIP,,,see #1,,,,,06/06/23,,07/19/23,,,,,,,#VALUE!,,,,,,,,YES,,,,,,,,,,,,,,,,,,,,,,,,,,,,,,,,,,,,,,,
,,,,,HARBOUR ENERGY-A,,,04/10/23,,,,,06/06/23,,06/20/23,,,,,,,#VALUE!,,,,,,,,YES,,,,,,,,,,,,,,,,,,,,,,,,,,,,,,,,,,,,,,,
,,,,New,CHIRNO2,,,see #1,,,,,06/06/23,,07/19/23,,,,,,,,,,,,,,,YES,,,,,,,,,,,,,,,,,,,,,,,,,,,,,,,,,,,,,,,
,,,,,,,,04/10/23,,,,,06/06/23,,06/20/23,,,,,,,,,,,,,,,YES,,,,,,,,,,,,,,,,,,,,,,,,,,,,,,,,,,,,,,,
,,,,,,,,04/10/23,,,,,06/06/23,,06/20/23,,,,,,,,,,,,,,,YES,,,,,,,,,,,,,,,,,,,,,,,,,,,,,,,,,,,,,,,
,,,,NTB,PEM-IG,,,04/11/23,,,,,06/07/23,,07/19/23,,,,,,,,,,,,,,,YES,,,,,,,,,,,,,,,,,,,,,,,,,,,,,,,,,,,,,,,
,,,,Onskid,RDM-BAR,,,04/11/23,,,,,06/07/23,,07/11/23,,,,,,,,,,,,,,,YES,,,,,,,,,,,,,,,,,,,,,,,,,,,,,,,,,,,,,,,
,,,,,,,,04/11/23,,,,,06/07/23,,06/21/23,,,,,,,,,,,,,,,YES,,,,,,,,,,,,,,,,,,,,,,,,,,,,,,,,,,,,,,,
,,,,Offskid,TCE HANMORE,,,04/12/23,,,,,06/08/23,,07/19/23,,,,,,,#VALUE!,,,,,,,,YES,,,,,,,,,,,,,,,,,,,,,,,,,,,,,,,,,,,,,,,
,,,,Offskid,FORTISBC -A,,,04/12/23,,,,,06/08/23,,see #1,,,,,,,#VALUE!,,,,,,,,YES,,,,,,,,,,,,,,,,,,,,,,,,,,,,,,,,,,,,,,,
,,,,,,,,04/12/23,,,,,06/08/23,,06/22/23,,,,,,,,,,,,,,,YES,,,,,,,,,,,,,,,,,,,,,,,,,,,,,,,,,,,,,,,
,,,,Onskid,CNOOC-K,,,see #1,,,,,06/09/23,,07/19/23,,,,,,,,,,,,,,,YES,,,,,,,,,,,,,,,,,,,,,,,,,,,,,,,,,,,,,,,
,,,,Onskid,WIL5157,,,04/13/23,,,,,06/09/23,,07/19/23,,,,,,,,,,,,,,,YES,,,,,,,,,,,,,,,,,,,,,,,,,,,,,,,,,,,,,,,
,,,,,,,,04/13/23,,,,,06/09/23,,06/23/23,,,,,,,,,,,,,,,YES,,,,,,,,,,,,,,,,,,,,,,,,,,,,,,,,,,,,,,,
,,,,Offskid,MONDELEZ ROCKFORD,,,04/14/23,,,,,06/12/23,,07/19/23,,,,,,,#VALUE!,,,,,,,,YES,,,,,,,,,,,,,,,,,,,,,,,,,,,,,,,,,,,,,,,
,,,,Onskid,CNOOC-K,,,see #1,,,,,06/12/23,,see #1,,,,,,,,,,,,,,,YES,,,,,,,,,,,,,,,,,,,,,,,,,,,,,,,,,,,,,,,
,,,,,,,,04/14/23,,,,,06/12/23,,06/26/23,,,,,,,,,,,,,,,YES,,,,,,,,,,,,,,,,,,,,,,,,,,,,,,,,,,,,,,,
,,,,Onskid,CNOOC-K,,,see #1,,,,,06/12/23,,see #1,,,,,,,,,,,,,,,YES,,,,,,,,,,,,,,,,,,,,,,,,,,,,,,,,,,,,,,,
,,,,Onskid,DUB10-1,,,see #1,,,,,06/12/23,,see #1,,,,,,,,,,,,,,,YES,,,,,,,,,,,,,,,,,,,,,,,,,,,,,,,,,,,,,,,
,,,,,,,,04/14/23,,,,,06/12/23,,06/26/23,,,,,,,,,,,,,,,YES,,,,,,,,,,,,,,,,,,,,,,,,,,,,,,,,,,,,,,,
,,,,Onskid,NVA-W,,,04/17/23,,,,,06/13/23,,08/01/23,,,,,,,,,,,,,,,YES,,,,,,,,,,,,,,,,,,,,,,,,,,,,,,,,,,,,,,,
,,,,New,Kent State,,,04/17/23,,,,,06/13/23,,08/09/23,,,,,,,#VALUE!,,,,,,,,YES,,,,,,,,,,,,,,,,,,,,,,,,,,,,,,,,,,,,,,,
,,,,,,,,04/17/23,,,,,06/13/23,,06/27/23,,,,,,,,,,,,,,,YES,,,,,,,,,,,,,,,,,,,,,,,,,,,,,,,,,,,,,,,
,,,,Onskid,WIL5157,,,see #1,,,,,06/13/23,,see #1,,,,,,,,,,,,,,,YES,,,,,,,,,,,,,,,,,,,,,,,,,,,,,,,,,,,,,,,
,,,,Onskid,PEM-IR,,,see #1,,,,,06/13/23,,08/09/23,,,,,,,,,,,,,,,YES,,,,,,,,,,,,,,,,,,,,,,,,,,,,,,,,,,,,,,,
,,,,,,,,04/17/23,,,,,06/13/23,,06/27/23,,,,,,,,,,,,,,,YES,,,,,,,,,,,,,,,,,,,,,,,,,,,,,,,,,,,,,,,
,,,,Offskid,FORTISBC-B,,,04/18/23,,,,,06/14/23,,07/31/23,,,,,,,#VALUE!,,,,,,,,YES,,,,,,,,,,,,,,,,,,,,,,,,,,,,,,,,,,,,,,,
,,,,New,TEXAS GAS,,,04/18/23,,,,,06/14/23,,08/09/23,,,,,,,#VALUE!,,,,,,,,YES,,,,,,,,,,,,,,,,,,,,,,,,,,,,,,,,,,,,,,,
,,,,,,,,04/18/23,,,,,06/14/23,,06/28/23,,,,,,,,,,,,,,,YES,,,,,,,,,,,,,,,,,,,,,,,,,,,,,,,,,,,,,,,
,,,,,lost,,,see #1,,,,,06/15/23,,see #1,,,,,,,,,,,,,,,YES,,,,,,,,,,,,,,,,,,,,,,,,,,,,,,,,,,,,,,,
,,,,Onskid,OSH-P,,,04/19/23,,,,,06/15/23,,08/09/23,,,,,,,,,,,,,,,YES,,,,,,,,,,,,,,,,,,,,,,,,,,,,,,,,,,,,,,,
,,,,,,,,04/19/23,,,,,06/15/23,,06/29/23,,,,,,,,,,,,,,,YES,,,,,,,,,,,,,,,,,,,,,,,,,,,,,,,,,,,,,,,
,,,,Onskid,PEM-Y,,,04/19/23,,,,,06/15/23,,08/09/23,,,,,,,,,,,,,,,YES,,,,,,,,,,,,,,,,,,,,,,,,,,,,,,,,,,,,,,,
,,,,New,MIDCOAST STREETMAN,,,04/20/23,,,,,06/16/23,,06/27/23,,,,,,,#VALUE!,,,,,,,,YES,,,,,,,,,,,,,,,,,,,,,,,,,,,,,,,,,,,,,,,
,,,,,,,,04/20/23,,,,,06/16/23,,06/30/23,,,,,,,,,,,,,,,YES,,,,,,,,,,,,,,,,,,,,,,,,,,,,,,,,,,,,,,,
,,,,NTB,PEM-IG,,,see #1,,,,,06/19/23,,see #1,,,,,,,,,,,,,,,YES,,,,,,,,,,,,,,,,,,,,,,,,,,,,,,,,,,,,,,,
,,,,Onskid,DUB10-1,,,see #1,,,,,06/22/23,,08/09/23,,,,,,,,,,,,,,,YES,,,,,,,,,,,,,,,,,,,,,,,,,,,,,,,,,,,,,,,
,,,,,,,,04/26/23,,,,,06/22/23,,07/10/23,,,,,,,,,,,,,,,YES,,,,,,,,,,,,,,,,,,,,,,,,,,,,,,,,,,,,,,,
,,,,Onskid,PEM-Y,,,see #1,,,,,06/23/23,,08/09/23,,,,,,,,,,,,,,,YES,,,,,,,,,,,,,,,,,,,,,,,,,,,,,,,,,,,,,,,
,,,,Offskid,DPE DESUP A,,,04/27/23,,,,,06/23/23,,06/27/23,,,,,,,#VALUE!,,,,,,,,YES,,,,,,,,,,,,,,,,,,,,,,,,,,,,,,,,,,,,,,,
,,,,New,HILCORP ALASKA,,,04/27/23,,,,,06/23/23,,see #1,,,,,,,#VALUE!,,,,,,,,YES,,,,,,,,,,,,,,,,,,,,,,,,,,,,,,,,,,,,,,,
,,,,New,HILCORP ALASKA,,,see #1,,,,,06/26/23,,see #1,,,,,,,#VALUE!,,,,,,,,YES,,,,,,,,,,,,,,,,,,,,,,,,,,,,,,,,,,,,,,,
,,,,Onskid,WIL2011,,,04/28/23,,,,,06/26/23,,06/27/23,,,,,,,,,,,,,,,YES,,,,,,,,,,,,,,,,,,,,,,,,,,,,,,,,,,,,,,,
,,,,,,,,04/28/23,,,,,06/26/23,,07/12/23,,,,,,,,,,,,,,,YES,,,,,,,,,,,,,,,,,,,,,,,,,,,,,,,,,,,,,,,
,,,,,lost,,,04/28/23,,,,,06/26/23,,08/07/23,,,,,,,,,,,,,,,YES,,,,,,,,,,,,,,,,,,,,,,,,,,,,,,,,,,,,,,,
,,,,,lost,,,04/28/23,,,,,06/26/23,,08/07/23,,,,,,,,,,,,,,,YES,,,,,,,,,,,,,,,,,,,,,,,,,,,,,,,,,,,,,,,
,,,,Onskid,WWM-AD,,,04/28/23,,,,,06/26/23,,08/11/23,,,,,,,,,,,,,,,YES,,,,,,,,,,,,,,,,,,,,,,,,,,,,,,,,,,,,,,,
,,,,Onskid,PRSAC60,,,05/01/23,,,,,06/27/23,,08/16/23,,,,,,,,,,,,,,,YES,,,,,,,,,,,,,,,,,,,,,,,,,,,,,,,,,,,,,,,
,,,,New,KM WAHA-1,,,05/01/23,,,,,06/27/23,,08/16/23,,,,,,,#VALUE!,,,,,,,,YES,,,,,,,,,,,,,,,,,,,,,,,,,,,,,,,,,,,,,,,
,,,,New,KM WAHA-2,,,05/01/23,,,,,06/27/23,,08/18/23,,,,,,,#VALUE!,,,,,,,,YES,,,,,,,,,,,,,,,,,,,,,,,,,,,,,,,,,,,,,,,
,,,,,lost,,,05/02/23,,,,,06/28/23,,08/15/23,,,,,,,,,,,,,,,YES,,,,,,,,,,,,,,,,,,,,,,,,,,,,,,,,,,,,,,,
,,,,,lost,,,05/02/23,,,,,06/28/23,,08/10/23,,,,,,,,,,,,,,,YES,,,,,,,,,,,,,,,,,,,,,,,,,,,,,,,,,,,,,,,
,,,,,,,,05/02/23,,,,,06/28/23,,07/14/23,,,,,,,,,,,,,,,YES,,,,,,,,,,,,,,,,,,,,,,,,,,,,,,,,,,,,,,,
,,,,,lost,,,05/03/23,,,,,06/29/23,,08/11/23,,,,,,,,,,,,,,,YES,,,,,,,,,,,,,,,,,,,,,,,,,,,,,,,,,,,,,,,
,,,,,lost,,,05/03/23,,,,,06/29/23,,08/11/23,,,,,,,,,,,,,,,YES,,,,,,,,,,,,,,,,,,,,,,,,,,,,,,,,,,,,,,,
,,,,,,,,05/03/23,,,,,06/29/23,,07/17/23,,,,,,,,,,,,,,,YES,,,,,,,,,,,,,,,,,,,,,,,,,,,,,,,,,,,,,,,
,,,,,lost,,,05/04/23,,,,,06/30/23,,08/17/23,,,,,,,,,,,,,,,YES,,,,,,,,,,,,,,,,,,,,,,,,,,,,,,,,,,,,,,,
,,,,,lost,,,05/04/23,,,,,06/30/23,,08/14/23,,,,,,,,,,,,,,,YES,,,,,,,,,,,,,,,,,,,,,,,,,,,,,,,,,,,,,,,
,,,,,,,,05/04/23,,,,,06/30/23,,07/18/23,,,,,,,,,,,,,,,YES,,,,,,,,,,,,,,,,,,,,,,,,,,,,,,,,,,,,,,,
,,,,,lost,,,05/05/23,,,,,07/05/23,,08/14/23,,,,,,,,,,,,,,,YES,,,,,,,,,,,,,,,,,,,,,,,,,,,,,,,,,,,,,,,
,,,,New,CNOOC-K PMS,,,05/05/23,,,,,07/05/23,,08/18/23,,,,,,,#VALUE!,,,,,,,,YES,,,,,,,,,,,,,,,,,,,,,,,,,,,,,,,,,,,,,,,
,,,,Onskid,WWM-AD,,,see #1,,,,,07/05/23,,08/18/23,,,,,,,,,,,,,,,YES,,,,,,,,,,,,,,,,,,,,,,,,,,,,,,,,,,,,,,,
,,,,Onskid,DUB10-2,,,05/08/23,,,,,07/06/23,,08/18/23,,,,,,,,,,,,,,,YES,,,,,,,,,,,,,,,,,,,,,,,,,,,,,,,,,,,,,,,
,,,,Onskid,BWP-CH,,,05/08/23,,,,,07/06/23,,08/18/23,,,,,,, ,,,,,,,,YES,,,,,,,,,,,,,,,,,,,,,,,,,,,,,,,,,,,,,,,
,,,,,,,,05/08/23,,,,,07/06/23,,08/16/23,,,,,,,,,,,,,,,YES,,,,,,,,,,,,,,,,,,,,,,,,,,,,,,,,,,,,,,,
,,,,Onskid,PEM-Y,,,see #1,,,,,07/06/23,,08/18/23,,,,,,,,,,,,,,,YES,,,,,,,,,,,,,,,,,,,,,,,,,,,,,,,,,,,,,,,
,,,,New,DCP CARTHAGE,,,05/08/23,,,,,07/06/23,,08/15/23,,,,,,,#VALUE!,,,,,,,,YES,,,,,,,,,,,,,,,,,,,,,,,,,,,,,,,,,,,,,,,
,,,,NTB,CNOOC-H,,,05/08/23,,,,,07/06/23,,08/10/23,,,,,,,,,,,,,,,YES,,,,,,,,,,,,,,,,,,,,,,,,,,,,,,,,,,,,,,,
,,,,NTB,PEM-R,,,05/09/23,,,,,07/07/23,,08/22/23,,,,,,,,,,,,,,,YES,,,,,,,,,,,,,,,,,,,,,,,,,,,,,,,,,,,,,,,
,,,,NTB,PEM-R,,,see #1,,,,,07/07/23,,see #1,,,,,,, ,,,,,,,,YES,,,,,,,,,,,,,,,,,,,,,,,,,,,,,,,,,,,,,,,
,,,,Onskid,ENB-WC,,,05/09/23,,,,,07/07/23,,08/18/23,,,,,,,,,,,,,,,YES,,,,,,,,,,,,,,,,,,,,,,,,,,,,,,,,,,,,,,,
,,,,New,EDELMAG,,,05/11/23,,,,,07/11/23,,08/18/23,,,,,,,#VALUE!,,,,,,,,YES,,,,,,,,,,,,,,,,,,,,,,,,,,,,,,,,,,,,,,,
,,,,,lost,,,05/11/23,,,,,07/11/23,,07/20/23,,,,,,,,,,,,,,,YES,,,,,,,,,,,,,,,,,,,,,,,,,,,,,,,,,,,,,,,
,,,,,lost,,,05/11/23,,,,,07/11/23,,07/20/23,,,,,,,,,,,,,,,YES,,,,,,,,,,,,,,,,,,,,,,,,,,,,,,,,,,,,,,,
,,,,,,,,05/12/23,,,,,07/12/23,,07/21/23,,,,,,,,,,,,,,,YES,,,,,,,,,,,,,,,,,,,,,,,,,,,,,,,,,,,,,,,
,,,,,,,,05/12/23,,,,,07/12/23,,07/21/23,,,,,,,,,,,,,,,YES,,,,,,,,,,,,,,,,,,,,,,,,,,,,,,,,,,,,,,,
,,,,,,,,05/12/23,,,,,07/12/23,,07/21/23,,,,,,,,,,,,,,,YES,,,,,,,,,,,,,,,,,,,,,,,,,,,,,,,,,,,,,,,
,,,,,,,,05/15/23,,,,,07/13/23,,07/24/23,,,,,,,,,,,,,,,YES,,,,,,,,,,,,,,,,,,,,,,,,,,,,,,,,,,,,,,,
,,,,,,,,05/15/23,,,,,07/13/23,,07/24/23,,,,,,,,,,,,,,,YES,,,,,,,,,,,,,,,,,,,,,,,,,,,,,,,,,,,,,,,
,,,,,,,,05/15/23,,,,,07/13/23,,07/24/23,,,,,,,,,,,,,,,YES,,,,,,,,,,,,,,,,,,,,,,,,,,,,,,,,,,,,,,,
,,,,,,,,05/16/23,,,,,07/14/23,,07/25/23,,,,,,,,,,,,,,,YES,,,,,,,,,,,,,,,,,,,,,,,,,,,,,,,,,,,,,,,
,,,,,,,,05/16/23,,,,,07/14/23,,07/25/23,,,,,,,,,,,,,,,YES,,,,,,,,,,,,,,,,,,,,,,,,,,,,,,,,,,,,,,,
,,,,,,,,05/16/23,,,,,07/14/23,,07/25/23,,,,,,,,,,,,,,,YES,,,,,,,,,,,,,,,,,,,,,,,,,,,,,,,,,,,,,,,
,,,,,,,,05/17/23,,,,,07/17/23,,07/26/23,,,,,,,,,,,,,,,YES,,,,,,,,,,,,,,,,,,,,,,,,,,,,,,,,,,,,,,,
,,,,,,,,05/17/23,,,,,07/17/23,,07/31/23,,,,,,,,,,,,,,,YES,,,,,,,,,,,,,,,,,,,,,,,,,,,,,,,,,,,,,,,
,,,,,,,,05/17/23,,,,,07/17/23,,07/31/23,,,,,,,,,,,,,,,YES,,,,,,,,,,,,,,,,,,,,,,,,,,,,,,,,,,,,,,,
,,,,,,,,05/17/23,,,,,07/17/23,,07/31/23,,,,,,,,,,,,,,,YES,,,,,,,,,,,,,,,,,,,,,,,,,,,,,,,,,,,,,,,
,,,,,,,,05/17/23,,,,,07/17/23,,07/31/23,,,,,,,,,,,,,,,YES,,,,,,,,,,,,,,,,,,,,,,,,,,,,,,,,,,,,,,,
,,,,,,,,05/17/23,,,,,07/17/23,,07/31/23,,,,,,,,,,,,,,,YES,,,,,,,,,,,,,,,,,,,,,,,,,,,,,,,,,,,,,,,
,,,,,,,,05/18/23,,,,,07/18/23,,07/27/23,,,,,,,,,,,,,,,YES,,,,,,,,,,,,,,,,,,,,,,,,,,,,,,,,,,,,,,,
,,,,,,,,05/18/23,,,,,07/18/23,,07/27/23,,,,,,,,,,,,,,,YES,,,,,,,,,,,,,,,,,,,,,,,,,,,,,,,,,,,,,,,
,,,,,,,,05/19/23,,,,,07/19/23,,08/02/23,,,,,,,,,,,,,,,YES,,,,,,,,,,,,,,,,,,,,,,,,,,,,,,,,,,,,,,,
,,,,,,,,05/22/23,,,,,07/20/23,,07/31/23,,,,,,,,,,,,,,,YES,,,,,,,,,,,,,,,,,,,,,,,,,,,,,,,,,,,,,,,
,,,,,,,,05/22/23,,,,,07/20/23,,08/03/23,,,,,,,,,,,,,,,YES,,,,,,,,,,,,,,,,,,,,,,,,,,,,,,,,,,,,,,,
,,,,,,,,05/22/23,,,,,07/20/23,,08/03/23,,,,,,,,,,,,,,,YES,,,,,,,,,,,,,,,,,,,,,,,,,,,,,,,,,,,,,,,
,,,,,,,,05/23/23,,,,,07/21/23,,08/04/23,,,,,,,,,,,,,,,YES,,,,,,,,,,,,,,,,,,,,,,,,,,,,,,,,,,,,,,,
,,,,,,,,05/23/23,,,,,07/21/23,,08/01/23,,,,,,,,,,,,,,,YES,,,,,,,,,,,,,,,,,,,,,,,,,,,,,,,,,,,,,,,
,,,,,,,,05/23/23,,,,,07/21/23,,08/01/23,,,,,,,,,,,,,,,YES,,,,,,,,,,,,,,,,,,,,,,,,,,,,,,,,,,,,,,,
,,,,,,,,05/24/23,,,,,07/24/23,,08/02/23,,,,,,,,,,,,,,,YES,,,,,,,,,,,,,,,,,,,,,,,,,,,,,,,,,,,,,,,
,,,,,,,,05/24/23,,,,,07/24/23,,08/02/23,,,,,,,,,,,,,,,YES,,,,,,,,,,,,,,,,,,,,,,,,,,,,,,,,,,,,,,,
,,,,,,,,05/24/23,,,,,07/24/23,,08/07/23,,,,,,,,,,,,,,,YES,,,,,,,,,,,,,,,,,,,,,,,,,,,,,,,,,,,,,,,
,,,,,,,,05/25/23,,,,,07/25/23,,08/03/23,,,,,,,,,,,,,,,YES,,,,,,,,,,,,,,,,,,,,,,,,,,,,,,,,,,,,,,,
,,,,,,,,05/25/23,,,,,07/25/23,,08/03/23,,,,,,,,,,,,,,,YES,,,,,,,,,,,,,,,,,,,,,,,,,,,,,,,,,,,,,,,
,,,,,,,,05/25/23,,,,,07/25/23,,08/08/23,,,,,,,,,,,,,,,YES,,,,,,,,,,,,,,,,,,,,,,,,,,,,,,,,,,,,,,,
,,,,,,,,05/26/23,,,,,07/26/23,,08/04/23,,,,,,,,,,,,,,,YES,,,,,,,,,,,,,,,,,,,,,,,,,,,,,,,,,,,,,,,
,,,,,,,,05/26/23,,,,,07/26/23,,08/04/23,,,,,,,,,,,,,,,YES,,,,,,,,,,,,,,,,,,,,,,,,,,,,,,,,,,,,,,,
,,,,,,,,05/26/23,,,,,07/26/23,,08/09/23,,,,,,,,,,,,,,,YES,,,,,,,,,,,,,,,,,,,,,,,,,,,,,,,,,,,,,,,
,,,,,,,,05/30/23,,,,,07/27/23,,08/10/23,,,,,,,,,,,,,,,YES,,,,,,,,,,,,,,,,,,,,,,,,,,,,,,,,,,,,,,,
,,,,,,,,05/30/23,,,,,07/27/23,,08/10/23,,,,,,,,,,,,,,,YES,,,,,,,,,,,,,,,,,,,,,,,,,,,,,,,,,,,,,,,
,,,,,,,,05/30/23,,,,,07/27/23,,08/10/23,,,,,,,,,,,,,,,YES,,,,,,,,,,,,,,,,,,,,,,,,,,,,,,,,,,,,,,,
,,,,,,,,05/31/23,,,,,07/28/23,,08/11/23,,,,,,,,,,,,,,,YES,,,,,,,,,,,,,,,,,,,,,,,,,,,,,,,,,,,,,,,
,,,,,,,,05/31/23,,,,,07/28/23,,08/11/23,,,,,,,,,,,,,,,YES,,,,,,,,,,,,,,,,,,,,,,,,,,,,,,,,,,,,,,,
,,,,,,,,05/31/23,,,,,07/28/23,,08/11/23,,,,,,,,,,,,,,,YES,,,,,,,,,,,,,,,,,,,,,,,,,,,,,,,,,,,,,,,
,,,,,,,,06/01/23,,,,,07/31/23,,08/14/23,,,,,,,,,,,,,,,YES,,,,,,,,,,,,,,,,,,,,,,,,,,,,,,,,,,,,,,,
,,,,,,,,06/01/23,,,,,07/31/23,,08/14/23,,,,,,,,,,,,,,,YES,,,,,,,,,,,,,,,,,,,,,,,,,,,,,,,,,,,,,,,
,,,,,,,,06/01/23,,,,,07/31/23,,08/14/23,,,,,,,,,,,,,,,YES,,,,,,,,,,,,,,,,,,,,,,,,,,,,,,,,,,,,,,,
,,,,,,,,06/02/23,,,,,08/01/23,,08/15/23,,,,,,,,,,,,,,,YES,,,,,,,,,,,,,,,,,,,,,,,,,,,,,,,,,,,,,,,
,,,,,,,,06/02/23,,,,,08/01/23,,08/15/23,,,,,,,,,,,,,,,YES,,,,,,,,,,,,,,,,,,,,,,,,,,,,,,,,,,,,,,,
,,,,,,,,06/02/23,,,,,08/01/23,,08/15/23,,,,,,,,,,,,,,,YES,,,,,,,,,,,,,,,,,,,,,,,,,,,,,,,,,,,,,,,
,,,,,,,,06/05/23,,,,,08/02/23,,08/16/23,,,,,,,,,,,,,,,YES,,,,,,,,,,,,,,,,,,,,,,,,,,,,,,,,,,,,,,,
,,,,,,,,06/05/23,,,,,08/02/23,,08/11/23,,,,,,,,,,,,,,,YES,,,,,,,,,,,,,,,,,,,,,,,,,,,,,,,,,,,,,,,
,,,,,,,,06/05/23,,,,,08/02/23,,08/11/23,,,,,,,,,,,,,,,YES,,,,,,,,,,,,,,,,,,,,,,,,,,,,,,,,,,,,,,,
,,,,,,,,06/06/23,,,,,08/03/23,,08/14/23,,,,,,,,,,,,,,,YES,,,,,,,,,,,,,,,,,,,,,,,,,,,,,,,,,,,,,,,
,,,,,,,,06/06/23,,,,,08/03/23,,08/14/23,,,,,,,,,,,,,,,YES,,,,,,,,,,,,,,,,,,,,,,,,,,,,,,,,,,,,,,,
,,,,,,,,06/06/23,,,,,08/03/23,,08/17/23,,,,,,,,,,,,,,,YES,,,,,,,,,,,,,,,,,,,,,,,,,,,,,,,,,,,,,,,
,,,,,,,,06/07/23,,,,,08/04/23,,08/15/23,,,,,,,,,,,,,,,YES,,,,,,,,,,,,,,,,,,,,,,,,,,,,,,,,,,,,,,,
,,,,,,,,06/07/23,,,,,08/04/23,,08/15/23,,,,,,,,,,,,,,,YES,,,,,,,,,,,,,,,,,,,,,,,,,,,,,,,,,,,,,,,
,,,,,,,,06/07/23,,,,,08/04/23,,08/18/23,,,,,,,,,,,,,,,YES,,,,,,,,,,,,,,,,,,,,,,,,,,,,,,,,,,,,,,,
,,,,,,,,06/08/23,,,,,08/07/23,,08/16/23,,,,,,,,,,,,,,,YES,,,,,,,,,,,,,,,,,,,,,,,,,,,,,,,,,,,,,,,
,,,,,,,,06/08/23,,,,,08/07/23,,08/16/23,,,,,,,,,,,,,,,YES,,,,,,,,,,,,,,,,,,,,,,,,,,,,,,,,,,,,,,,
,,,,,,,,06/08/23,,,,,08/07/23,,08/21/23,,,,,,,,,,,,,,,YES,,,,,,,,,,,,,,,,,,,,,,,,,,,,,,,,,,,,,,,
,,,,,,,,06/09/23,,,,,08/08/23,,08/17/23,,,,,,,,,,,,,,,YES,,,,,,,,,,,,,,,,,,,,,,,,,,,,,,,,,,,,,,,
,,,,,,,,06/09/23,,,,,08/08/23,,08/17/23,,,,,,,,,,,,,,,YES,,,,,,,,,,,,,,,,,,,,,,,,,,,,,,,,,,,,,,,
,,,,,,,,06/09/23,,,,,08/08/23,,08/22/23,,,,,,,,,,,,,,,YES,,,,,,,,,,,,,,,,,,,,,,,,,,,,,,,,,,,,,,,
,,,,,,,,06/12/23,,,,,08/09/23,,08/18/23,,,,,,,,,,,,,,,YES,,,,,,,,,,,,,,,,,,,,,,,,,,,,,,,,,,,,,,,
,,,,Onskid,S130-11,,,06/12/23,,,,,08/09/23,,08/18/23,,,,,,,,,,,,,,,YES,,,,,,,,,,,,,,,,,,,,,,,,,,,,,,,,,,,,,,,
,,,,Onskid,S130-12,,,06/12/23,,,,,08/09/23,,08/18/23,,,,,,,,,,,,,,,YES,,,,,,,,,,,,,,,,,,,,,,,,,,,,,,,,,,,,,,,
,,,,Onskid,DUB10-2,,,see #1,,,,,08/10/23,,08/18/23,,,,,,,,,,,,,,,YES,,,,,,,,,,,,,,,,,,,,,,,,,,,,,,,,,,,,,,,
,,,,Offskid,DPE DESUP A,,,see #1,,,,,08/10/23,,08/15/23,,,,,,,#VALUE!,,,,,,,,YES,,,,,,,,,,,,,,,,,,,,,,,,,,,,,,,,,,,,,,,
,,,,Onskid,NRG-K,,,06/13/23,,,,,08/10/23,,08/10/23,,,,,,,,,,,,,,,YES,,,,,,,,,,,,,,,,,,,,,,,,,,,,,,,,,,,,,,,
,,,,Onskid,PEM-IR,,,see #1,,,,,08/14/23,,07/14/23,,,,,,,,,,,,,,,YES,,,,,,,,,,,,,,,,,,,,,,,,,,,,,,,,,,,,,,,
,,,,Onskid,NRG-K,,,see #1,,,,,08/14/23,,see #1,,,,,,,,,,,,,,,YES,,,,,,,,,,,,,,,,,,,,,,,,,,,,,,,,,,,,,,,
,,,,Offskid,PEM-IG,,,06/15/23,,,,,08/14/23,,08/29/23,,,,,,,,,,,,,,,YES,,,,,,,,,,,,,,,,,,,,,,,,,,,,,,,,,,,,,,,
,,,,New,KM DAGGETT,,,06/16/23,,,,,08/15/23,,08/31/23,,,,,,,#VALUE!,,,,,,,,YES,,,,,,,,,,,,,,,,,,,,,,,,,,,,,,,,,,,,,,,
,,,,New,TARGA GCF,,,06/16/23,,,,,08/15/23,,08/30/23,,,,,,,#VALUE!,,,,,,,,YES,,,,,,,,,,,,,,,,,,,,,,,,,,,,,,,,,,,,,,,
,,,,,LOST,,,06/16/23,,,,,08/15/23,,08/24/23,,,,,,,,,,,,,,,YES,,,,,,,,,,,,,,,,,,,,,,,,,,,,,,,,,,,,,,,
,,,,New,TARGA GCF,,,see #1,,,,,08/16/23,,see #1,,,,,,,#VALUE!,,,,,,,,YES,,,,,,,,,,,,,,,,,,,,,,,,,,,,,,,,,,,,,,,
,,,,New,TARGA GCF,,,see #1,,,,,08/16/23,,see #1,,,,,,,#VALUE!,,,,,,,,YES,,,,,,,,,,,,,,,,,,,,,,,,,,,,,,,,,,,,,,,
,,,,,LOST,,,06/19/23,,,,,08/16/23,,08/25/23,,,,,,,,,,,,,,,YES,,,,,,,,,,,,,,,,,,,,,,,,,,,,,,,,,,,,,,,
,,,,New,TARGA GCF,,,see #1,,,,,08/16/23,,see #1,,,,,,,#VALUE!,,,,,,,,YES,,,,,,,,,,,,,,,,,,,,,,,,,,,,,,,,,,,,,,,
,,,,Onskid,OSH-P,,,see #1,,,,,08/16/23,,see #1,,,,,,,,,,,,,,,YES,,,,,,,,,,,,,,,,,,,,,,,,,,,,,,,,,,,,,,,
,,,,,LOST,,,06/19/23,,,,,08/16/23,,08/25/23,,,,,,,,,,,,,,,YES,,,,,,,,,,,,,,,,,,,,,,,,,,,,,,,,,,,,,,,
,,,,Onskid,SHL-WF,,,06/20/23,,,,,08/17/23,,09/07/23,,,,,,,,,,,,,,,YES,,,,,,,,,,,,,,,,,,,,,,,,,,,,,,,,,,,,,,,
,,,,Onskid,PEM-IR,,,see #1,,,,,08/17/23,,see #1,,,,,,,,,,,,,,,YES,,,,,,,,,,,,,,,,,,,,,,,,,,,,,,,,,,,,,,,
,,,,Offskid,CNOOC-H,,,06/20/23,,,,,08/17/23,,09/11/23,,,,,,,,,,,,,,,YES,,,,,,,,,,,,,,,,,,,,,,,,,,,,,,,,,,,,,,,
,,,,,lost,,,06/21/23,,,,,08/18/23,,09/01/23,,,,,,,#VALUE!,,,,,,,,YES,,,,,,,,,,,,,,,,,,,,,,,,,,,,,,,,,,,,,,,
,,,,NTB,PEM-IG,,,see #1,,,,,08/18/23,,see #1,,,,,,,,,,,,,,,YES,,,,,,,,,,,,,,,,,,,,,,,,,,,,,,,,,,,,,,,
,,,,,lost,,,see #1,,,,,08/18/23,,see #1,,,,,,,#VALUE!,,,,,,,,YES,,,,,,,,,,,,,,,,,,,,,,,,,,,,,,,,,,,,,,,
,,,,Onskid,SMTSTK1,,,06/22/23,,,,,08/21/23,,09/07/23,,,,,,,,,,,,,,,YES,,,,,,,,,,,,,,,,,,,,,,,,,,,,,,,,,,,,,,,
,,,,Offskid,PEM-R,,,06/22/23,,,,,08/21/23,,09/07/23,,,,,,,,,,,,,,,YES,,,,,,,,,,,,,,,,,,,,,,,,,,,,,,,,,,,,,,,
,,,,Offskid,PEM-IG,,,see #1,,,,,08/21/23,,09/07/23,,,,,,,,,,,,,,,YES,,,,,,,,,,,,,,,,,,,,,,,,,,,,,,,,,,,,,,,
,,,,Offskid,PEM-R,,,see #1,,,,,08/22/23,,09/07/23,,,,,,,,,,,,,,,YES,,,,,,,,,,,,,,,,,,,,,,,,,,,,,,,,,,,,,,,
,,,,,lost,,,06/23/23,,,,,08/22/23,,09/06/23,,,,,,,,,,,,,,,YES,,,,,,,,,,,,,,,,,,,,,,,,,,,,,,,,,,,,,,,
,,,,,lost,,,06/23/23,,,,,08/22/23,,09/06/23,,,,,,,,,,,,,,,YES,,,,,,,,,,,,,,,,,,,,,,,,,,,,,,,,,,,,,,,
,,,,,lost,,,06/26/23,,,,,08/23/23,,09/07/23,,,,,,,,,,,,,,,YES,,,,,,,,,,,,,,,,,,,,,,,,,,,,,,,,,,,,,,,
,,,,,lost,,,06/26/23,,,,,08/23/23,,09/07/23,,,,,,,,,,,,,,,YES,,,,,,,,,,,,,,,,,,,,,,,,,,,,,,,,,,,,,,,
,,,,,lost,,,06/26/23,,,,,08/23/23,,09/07/23,,,,,,,,,,,,,,,YES,,,,,,,,,,,,,,,,,,,,,,,,,,,,,,,,,,,,,,,
,,,,,lost,,,06/27/23,,,,,08/24/23,,09/08/23,,,,,,,,,,,,,,,YES,,,,,,,,,,,,,,,,,,,,,,,,,,,,,,,,,,,,,,,
,,,,,lost,,,06/27/23,,,,,08/24/23,,09/08/23,,,,,,,,,,,,,,,YES,,,,,,,,,,,,,,,,,,,,,,,,,,,,,,,,,,,,,,,
,,,,,lost,,,06/27/23,,,,,08/24/23,,09/08/23,,,,,,,,,,,,,,,YES,,,,,,,,,,,,,,,,,,,,,,,,,,,,,,,,,,,,,,,
,,,,,lost,,,06/28/23,,,,,08/25/23,,09/11/23,,,,,,,,,,,,,,,YES,,,,,,,,,,,,,,,,,,,,,,,,,,,,,,,,,,,,,,,
,,,,,lost,,,06/28/23,,,,,08/25/23,,09/06/23,,,,,,,,,,,,,,,YES,,,,,,,,,,,,,,,,,,,,,,,,,,,,,,,,,,,,,,,
,,,,,lost,,,06/28/23,,,,,08/25/23,,09/11/23,,,,,,,,,,,,,,,YES,,,,,,,,,,,,,,,,,,,,,,,,,,,,,,,,,,,,,,,
,,,,,lost,,,06/29/23,,,,,08/28/23,,09/11/23,,,,,,,,,,,,,,,YES,,,,,,,,,,,,,,,,,,,,,,,,,,,,,,,,,,,,,,,
,,,,Onskid,SMTSTK2,,,06/29/23,,,,,08/28/23,,09/12/23,,,,,,,,,,,,,,,YES,,,,,,,,,,,,,,,,,,,,,,,,,,,,,,,,,,,,,,,
,,,,Onskid,S130-13,,,06/29/23,,,,,08/28/23,,09/12/23,,,,,,,,,,,,,,,YES,,,,,,,,,,,,,,,,,,,,,,,,,,,,,,,,,,,,,,,
,,,,,lost,,,06/30/23,,,,,08/29/23,,09/12/23,,,,,,,,,,,,,,,YES,,,,,,,,,,,,,,,,,,,,,,,,,,,,,,,,,,,,,,,
,,,,Offskid,TGN CHAJAN,,,06/30/23,,,,,08/29/23,,09/19/23,,,,,,,#VALUE!,,,,,,,,YES,,,,,,,,,,,,,,,,,,,,,,,,,,,,,,,,,,,,,,,
,,,,Onskid,TCE-L,,,06/30/23,,,,,08/29/23,,09/19/23,,,,,,,,,,,,,,,YES,,,,,,,,,,,,,,,,,,,,,,,,,,,,,,,,,,,,,,,
,,,,New,SAN-PIK,,,07/05/23,,,,,08/30/23,,09/20/23,,,,,,,,,,,,,,,YES,,,,,,,,,,,,,,,,,,,,,,,,,,,,,,,,,,,,,,,
,,,,,lost,,,07/05/23,,,,,08/30/23,,09/11/23,,,,,,,,,,,,,,,YES,,,,,,,,,,,,,,,,,,,,,,,,,,,,,,,,,,,,,,,
,,,,New,SAN-PIK,,,see #1,,,,,08/30/23,,09/19/23,,,,,,,,,,,,,,,YES,,,,,,,,,,,,,,,,,,,,,,,,,,,,,,,,,,,,,,,
,,,,Onskid,ENLC-GC,,,07/06/23,,,,,08/31/23,,09/19/23,,,,,,,,,,,,,,,YES,,,,,,,,,,,,,,,,,,,,,,,,,,,,,,,,,,,,,,,
,,,,,lost,,,07/06/23,,,,,08/31/23,,09/12/23,,,,,,,,,,,,,,,YES,,,,,,,,,,,,,,,,,,,,,,,,,,,,,,,,,,,,,,,
,,,,Onskid,DEBNO70,,,07/06/23,,,,,08/31/23,,09/25/23,,,,,,,,,,,,,,,YES,,,,,,,,,,,,,,,,,,,,,,,,,,,,,,,,,,,,,,,
,,,,New,PEM-IR CMS,,,07/07/23,,,,,09/01/23,,09/20/23,,,,,,,#VALUE!,,,,,,,,YES,,,,,,,,,,,,,,,,,,,,,,,,,,,,,,,,,,,,,,,
,,,,,lost,,,07/07/23,,,,,09/01/23,,09/13/23,,,,,,,,,,,,,,,YES,,,,,,,,,,,,,,,,,,,,,,,,,,,,,,,,,,,,,,,
,,,,New,TEX GAS-A,,,07/07/23,,,,,09/01/23,,09/21/23,,,,,,,#VALUE!,,,,,,,,YES,,,,,,,,,,,,,,,,,,,,,,,,,,,,,,,,,,,,,,,
,,,,New,TEX GAS-B,,,07/10/23,,,,,09/05/23,,09/27/23,,,,,,,#VALUE!,,,,,,,,YES,,,,,,,,,,,,,,,,,,,,,,,,,,,,,,,,,,,,,,,
,,,,,lost,,,07/10/23,,,,,09/05/23,,09/14/23,,,,,,,,,,,,,,,YES,,,,,,,,,,,,,,,,,,,,,,,,,,,,,,,,,,,,,,,
,,,,Offskid,BTG-C,,,07/07/23,,,,,09/01/23,,09/20/23,,,,,,,,,,,,,,,YES,,,,,,,,,,,,,,,,,,,,,,,,,,,,,,,,,,,,,,,
,,,,Onskid,WIL1502,,,07/11/23,,,,,09/06/23,,09/22/23,,,,,,,,,,,,,,,YES,,,,,,,,,,,,,,,,,,,,,,,,,,,,,,,,,,,,,,,
,,,,Onskid,S130-14,,,07/11/23,,,,,09/06/23,,09/12/23,,,,,,,,,,,,,,,YES,,,,,,,,,,,,,,,,,,,,,,,,,,,,,,,,,,,,,,,
,,,,New,ENB-NR,,,07/11/23,,,,,09/06/23,,10/04/23,,,,,,,,,,,,,,,YES,,,,,,,,,,,,,,,,,,,,,,,,,,,,,,,,,,,,,,,
,,,,NTB,BTG-C,,,07/07/23,,,,,09/01/23,,09/20/23,,,,,,,,,,,,,,,YES,,,,,,,,,,,,,,,,,,,,,,,,,,,,,,,,,,,,,,,
,,,,,lost,,,07/07/23,,,,,09/01/23,,09/13/23,,,,,,,,,,,,,,,YES,,,,,,,,,,,,,,,,,,,,,,,,,,,,,,,,,,,,,,,
,,,,Offskid,SHELL EA PMS,,,07/12/23,,,,,09/07/23,,10/02/23,,,,,,,#VALUE!,,,,,,,,YES,,,,,,,,,,,,,,,,,,,,,,,,,,,,,,,,,,,,,,,
,,,,,lost,,,07/13/23,,,,,09/08/23,,09/19/23,,,,,,,,,,,,,,,YES,,,,,,,,,,,,,,,,,,,,,,,,,,,,,,,,,,,,,,,
,,,,Offskid,PEM-IG,,,see #1,,,,,09/08/23,,see #1,,,,,,,,,,,,,,,YES,,,,,,,,,,,,,,,,,,,,,,,,,,,,,,,,,,,,,,,
,,,,New,ETC LA GRANGE,,,07/13/23,,,,,09/08/23,,10/03/23,,,,,,,#VALUE!,,,,,,,,YES,,,,,,,,,,,,,,,,,,,,,,,,,,,,,,,,,,,,,,,
,,,,Onskid,S130-15,,,07/14/23,,,,,09/11/23,,09/20/23,,,,,,,,,,,,,,,YES,,,,,,,,,,,,,,,,,,,,,,,,,,,,,,,,,,,,,,,
,,,,New,MM-CS SHIP AHEAD,,,07/14/23,,,,,09/11/23,,09/25/23,,,,,,,#VALUE!,,,,,,,,YES,,,,,,,,,,,,,,,,,,,,,,,,,,,,,,,,,,,,,,,
,,,,New,MM-CS SHIP AHEAD,,,see #1,,,,,09/11/23,,see #1,,,,,,,#VALUE!,,,,,,,,YES,,,,,,,,,,,,,,,,,,,,,,,,,,,,,,,,,,,,,,,
,,,,,lost,,,07/17/23,,,,,09/12/23,,09/21/23,,,,,,,,,,,,,,,YES,,,,,,,,,,,,,,,,,,,,,,,,,,,,,,,,,,,,,,,
,,,,,lost,,,07/17/23,,,,,09/12/23,,09/21/23,,,,,,,,,,,,,,,YES,,,,,,,,,,,,,,,,,,,,,,,,,,,,,,,,,,,,,,,
,,,,,lost,,,07/17/23,,,,,09/12/23,,09/21/23,,,,,,,,,,,,,,,YES,,,,,,,,,,,,,,,,,,,,,,,,,,,,,,,,,,,,,,,
,,,,,lost,,,07/18/23,,,,,09/13/23,,09/22/23,,,,,,,,,,,,,,,YES,,,,,,,,,,,,,,,,,,,,,,,,,,,,,,,,,,,,,,,
,,,,,lost,,,07/18/23,,,,,09/13/23,,09/22/23,,,,,,,,,,,,,,,YES,,,,,,,,,,,,,,,,,,,,,,,,,,,,,,,,,,,,,,,
,,,,,lost,,,07/18/23,,,,,09/13/23,,09/22/23,,,,,,,,,,,,,,,YES,,,,,,,,,,,,,,,,,,,,,,,,,,,,,,,,,,,,,,,
,,,,,lost,,,07/19/23,,,,,09/14/23,,09/25/23,,,,,,,,,,,,,,,YES,,,,,,,,,,,,,,,,,,,,,,,,,,,,,,,,,,,,,,,
,,,,,lost,,,07/19/23,,,,,09/14/23,,09/25/23,,,,,,,,,,,,,,,YES,,,,,,,,,,,,,,,,,,,,,,,,,,,,,,,,,,,,,,,
,,,,,lost,,,07/19/23,,,,,09/14/23,,09/25/23,,,,,,,,,,,,,,,YES,,,,,,,,,,,,,,,,,,,,,,,,,,,,,,,,,,,,,,,
,,,,,lost,,,07/20/23,,,,,09/15/23,,09/26/23,,,,,,,,,,,,,,,YES,,,,,,,,,,,,,,,,,,,,,,,,,,,,,,,,,,,,,,,
,,,,,lost,,,07/20/23,,,,,09/15/23,,09/26/23,,,,,,,,,,,,,,,YES,,,,,,,,,,,,,,,,,,,,,,,,,,,,,,,,,,,,,,,
,,,,,lost,,,07/20/23,,,,,09/15/23,,09/26/23,,,,,,,,,,,,,,,YES,,,,,,,,,,,,,,,,,,,,,,,,,,,,,,,,,,,,,,,
,,,,,lost,,,07/21/23,,,,,09/18/23,,09/27/23,,,,,,,,,,,,,,,YES,,,,,,,,,,,,,,,,,,,,,,,,,,,,,,,,,,,,,,,
,,,,,lost,,,07/21/23,,,,,09/18/23,,09/27/23,,,,,,,,,,,,,,,YES,,,,,,,,,,,,,,,,,,,,,,,,,,,,,,,,,,,,,,,
,,,,,lost,,,07/21/23,,,,,09/18/23,,09/27/23,,,,,,,,,,,,,,,YES,,,,,,,,,,,,,,,,,,,,,,,,,,,,,,,,,,,,,,,
,,,,,lost,,,07/24/23,,,,,09/19/23,,09/28/23,,,,,,,,,,,,,,,YES,,,,,,,,,,,,,,,,,,,,,,,,,,,,,,,,,,,,,,,
,,,,,lost,,,07/24/23,,,,,09/19/23,,09/28/23,,,,,,,,,,,,,,,YES,,,,,,,,,,,,,,,,,,,,,,,,,,,,,,,,,,,,,,,
,,,,,lost,,,07/24/23,,,,,09/19/23,,09/28/23,,,,,,,,,,,,,,,YES,,,,,,,,,,,,,,,,,,,,,,,,,,,,,,,,,,,,,,,
,,,,,lost,,,07/25/23,,,,,09/20/23,,09/29/23,,,,,,,,,,,,,,,YES,,,,,,,,,,,,,,,,,,,,,,,,,,,,,,,,,,,,,,,
,,,,,lost,,,07/25/23,,,,,09/20/23,,09/29/23,,,,,,,,,,,,,,,YES,,,,,,,,,,,,,,,,,,,,,,,,,,,,,,,,,,,,,,,
,,,,,,,,07/25/23,,,,,09/20/23,,09/20/23,,,,,,,,,,,,,,,NO,,,,,,,,,,,,,,,,,,,,,,,,,,,,,,,,,,,,,,,
,,,,Onskid,SEDA-UK,,,07/26/23,,,,,09/21/23,,10/03/23,,,,,,,,,,,,,,,YES,,,,,,,,,,,,,,,,,,,,,,,,,,,,,,,,,,,,,,,
,,,,,,,,07/26/23,,,,,09/21/23,,10/02/23,,,,,,,,,,,,,,,NO,,,,,,,,,,,,,,,,,,,,,,,,,,,,,,,,,,,,,,,
,,,,New,ECA,,,07/26/23,,,,,09/21/23,,10/12/23,,,,,,,#VALUE!,,,,,,,,YES,,,,,,,,,,,,,,,,,,,,,,,,,,,,,,,,,,,,,,,
,,,,New,ECA,,,see #1,,,,,09/22/23,,see #1,,,,,,,#VALUE!,,,,,,,,YES,,,,,,,,,,,,,,,,,,,,,,,,,,,,,,,,,,,,,,,
,,,,Onskid,,,,07/27/23,,,,,09/22/23,,10/03/23,,,,,,,,,,,,,,,YES,,,,,,,,,,,,,,,,,,,,,,,,,,,,,,,,,,,,,,,
,,,,New,ONEOK VIKING,,,07/27/23,,,,,09/22/23,,10/04/23,,,,,,,#VALUE!,,,,,,,,YES,,,,,,,,,,,,,,,,,,,,,,,,,,,,,,,,,,,,,,,
,,,,,,,,07/28/23,,,,,09/25/23,,10/04/23,,,,,,,,,,,,,,,YES,,,,,,,,,,,,,,,,,,,,,,,,,,,,,,,,,,,,,,,
,,,,New,STATION 80 ENGINE,,,07/28/23,,,,,09/25/23,,10/04/23,,,,,,,#VALUE!,,,,,,,,YES,,,,,,,,,,,,,,,,,,,,,,,,,,,,,,,,,,,,,,,
,,,,,,,,07/28/23,,,,,09/25/23,,10/04/23,,,,,,,,,,,,,,,YES,,,,,,,,,,,,,,,,,,,,,,,,,,,,,,,,,,,,,,,
,,,,Onskid,WIL1502,,,see #1,,,,,09/26/23,,see #1,,,,,,,,,,,,,,,YES,,,,,,,,,,,,,,,,,,,,,,,,,,,,,,,,,,,,,,,
,,,,Onskid,WILSUS3,,,07/31/23,,,,,09/26/23,,10/09/23,,,,,,,,,,,,,,,YES,,,,,,,,,,,,,,,,,,,,,,,,,,,,,,,,,,,,,,,
,,,,Onskid,,,,07/31/23,,,,,09/26/23,,10/05/23,,,,,,,,,,,,,,,YES,,,,,,,,,,,,,,,,,,,,,,,,,,,,,,,,,,,,,,,
,,,,Offskid,CHOC-A,,,08/01/23,,,,,09/27/23,,10/10/23,,,,,,,#VALUE!,,,,,,,,YES,,,,,,,,,,,,,,,,,,,,,,,,,,,,,,,,,,,,,,,
,,,,Offskid,CHOC-A,,,see #1,,,,,09/27/23,,see #1,,,,,,,#VALUE!,,,,,,,,YES,,,,,,,,,,,,,,,,,,,,,,,,,,,,,,,,,,,,,,,
,,,,,,,,08/01/23,,,,,09/27/23,,10/06/23,,,,,,,,,,,,,,,YES,,,,,,,,,,,,,,,,,,,,,,,,,,,,,,,,,,,,,,,
,,,,Offskid,CHOC-B,,,08/02/23,,,,,09/28/23,,10/16/23,,,,,,,#VALUE!,,,,,,,,YES,,,,,,,,,,,,,,,,,,,,,,,,,,,,,,,,,,,,,,,
,,,,Offskid,CHOC-B,,,see #1,,,,,09/28/23,,see #1,,,,,,,#VALUE!,,,,,,,,YES,,,,,,,,,,,,,,,,,,,,,,,,,,,,,,,,,,,,,,,
,,,,,,,,08/02/23,,,,,09/28/23,,10/09/23,,,,,,,,,,,,,,,YES,,,,,,,,,,,,,,,,,,,,,,,,,,,,,,,,,,,,,,,
,,,,Offskid,CHOC-C,,,08/03/23,,,,,09/29/23,,10/17/23,,,,,,,#VALUE!,,,,,,,,YES,,,,,,,,,,,,,,,,,,,,,,,,,,,,,,,,,,,,,,,
,,,,NTB,BTG-C,,,see #1,,,,,09/29/23,,see #1,,,,,,,,,,,,,,,YES,,,,,,,,,,,,,,,,,,,,,,,,,,,,,,,,,,,,,,,
,,,,New,PINE,,,08/03/23,,,,,09/29/23,,10/12/23,,,,,,,,,,,,,,,YES,,,,,,,,,,,,,,,,,,,,,,,,,,,,,,,,,,,,,,,
,,,,Onskid,SOC-HAJ,,,08/04/23,,,,,10/02/23,,10/12/23,,,,,,,,,,,,,,,YES,,,,,,,,,,,,,,,,,,,,,,,,,,,,,,,,,,,,,,,
,,,,Onskid,ZOC-1,,,08/04/23,,,,,10/02/23,,10/12/23,,,,,,,,,,,,,,,YES,,,,,,,,,,,,,,,,,,,,,,,,,,,,,,,,,,,,,,,
,,,,,lost,,,08/04/23,,,,,10/02/23,,10/11/23,,,,,,,,,,,,,,,YES,,,,,,,,,,,,,,,,,,,,,,,,,,,,,,,,,,,,,,,
,,,,,lost,,,08/07/23,,,,,10/03/23,,10/12/23,,,,,,,,,,,,,,,YES,,,,,,,,,,,,,,,,,,,,,,,,,,,,,,,,,,,,,,,
,,,,,lost,,,08/07/23,,,,,10/03/23,,10/12/23,,,,,,,,,,,,,,,YES,,,,,,,,,,,,,,,,,,,,,,,,,,,,,,,,,,,,,,,
,,,,,lost,,,08/07/23,,,,,10/03/23,,10/12/23,,,,,,,,,,,,,,,YES,,,,,,,,,,,,,,,,,,,,,,,,,,,,,,,,,,,,,,,
,,,,,lost,,,08/08/23,,,,,10/04/23,,10/13/23,,,,,,,,,,,,,,,YES,,,,,,,,,,,,,,,,,,,,,,,,,,,,,,,,,,,,,,,
,,,,,lost,,,08/08/23,,,,,10/04/23,,10/13/23,,,,,,,,,,,,,,,YES,,,,,,,,,,,,,,,,,,,,,,,,,,,,,,,,,,,,,,,
,,,,,lost,,,08/08/23,,,,,10/04/23,,10/13/23,,,,,,,,,,,,,,,YES,,,,,,,,,,,,,,,,,,,,,,,,,,,,,,,,,,,,,,,
,,,,Onskid,ZOC-2,,,08/09/23,,,,,10/05/23,,10/12/23,,,,,,,,,,,,,,,YES,,,,,,,,,,,,,,,,,,,,,,,,,,,,,,,,,,,,,,,
,,,,,lost,,,08/09/23,,,,,10/05/23,,10/16/23,,,,,,,,,,,,,,,YES,,,,,,,,,,,,,,,,,,,,,,,,,,,,,,,,,,,,,,,
,,,,,lost,,,08/09/23,,,,,10/05/23,,10/16/23,,,,,,,,,,,,,,,YES,,,,,,,,,,,,,,,,,,,,,,,,,,,,,,,,,,,,,,,
,,,,New,MONTEFIORE,,,08/10/23,,,,,10/06/23,,10/12/23,,,,,,,#VALUE!,,,,,,,,YES,,,,,,,,,,,,,,,,,,,,,,,,,,,,,,,,,,,,,,,
,,,,Offskid,KAHALDA,,,08/10/23,,,,,10/06/23,,10/12/23,,,,,,,#VALUE!,,,,,,,,YES,,,,,,,,,,,,,,,,,,,,,,,,,,,,,,,,,,,,,,,
,,,,NTB,BTG-C,,,see #1,,,,,10/06/23,,10/12/23,,,,,,,,,,,,,,,YES,,,,,,,,,,,,,,,,,,,,,,,,,,,,,,,,,,,,,,,
,,,,Offskid,BAPECO,,,08/11/23,,,,,10/09/23,,10/12/23,,,,,,,#VALUE!,,,,,,,,YES,,,,,,,,,,,,,,,,,,,,,,,,,,,,,,,,,,,,,,,
,,,,Offskid,BAPECO,,,see #1,,,,,10/09/23,,10/12/23,,,,,,,#VALUE!,,,,,,,,YES,,,,,,,,,,,,,,,,,,,,,,,,,,,,,,,,,,,,,,,
,,,,Onskid,SOC-HAJ,,,see #1,,,,,10/09/23,,10/12/23,,,,,,,,,,,,,,,YES,,,,,,,,,,,,,,,,,,,,,,,,,,,,,,,,,,,,,,,
,,,,Onskid,ENB-LA,,,08/14/23,,,,,10/10/23,,10/12/23,,,,,,,,,,,,,,,YES,,,,,,,,,,,,,,,,,,,,,,,,,,,,,,,,,,,,,,,
,,,,Onskid,OSH-P,,,see #1,,,,,10/10/23,,10/12/23,,,,,,,,,,,,,,,YES,,,,,,,,,,,,,,,,,,,,,,,,,,,,,,,,,,,,,,,
,,,,Onskid,SOC-HAJ,,,see #1,,,,,10/10/23,,10/12/23,,,,,,,,,,,,,,,YES,,,,,,,,,,,,,,,,,,,,,,,,,,,,,,,,,,,,,,,
,,,,NTB,BTG-C,,,see #1,,,,,10/11/23,,see #1,,,,,,,,,,,,,,,YES,,,,,,,,,,,,,,,,,,,,,,,,,,,,,,,,,,,,,,,
,,,,Onskid,KM-EY,,,08/15/23,,,,,10/11/23,,10/26/23,,,,,,,,,,,,,,,YES,,,,,,,,,,,,,,,,,,,,,,,,,,,,,,,,,,,,,,,
,,,,,,,,08/15/23,,,,,10/11/23,,10/20/23,,,,,,,,,,,,,,,YES,,,,,,,,,,,,,,,,,,,,,,,,,,,,,,,,,,,,,,,
,,,,Onskid,MPLX-V4,,,08/16/23,,,,,10/12/23,,10/26/23,,,,,,,,,,,,,,,YES,,,,,,,,,,,,,,,,,,,,,,,,,,,,,,,,,,,,,,,
,,,,Onskid,XOM-WQ1,,,08/16/23,,,,,10/12/23,,10/26/23,,,,,,,,,,,,,,,YES,,,,,,,,,,,,,,,,,,,,,,,,,,,,,,,,,,,,,,,
,,,,,,,,08/16/23,,,,,10/12/23,,10/23/23,,,,,,,,,,,,,,,YES,,,,,,,,,,,,,,,,,,,,,,,,,,,,,,,,,,,,,,,
,,,,Offskid,BTG-C,,,see #1,,,,,10/13/23,,10/26/23,,,,,,,,,,,,,,,YES,,,,,,,,,,,,,,,,,,,,,,,,,,,,,,,,,,,,,,,
,,,,NTB,AE-C50,,,08/17/23,,,,,10/13/23,,10/25/23,,,,,,,,,,,,,,,YES,,,,,,,,,,,,,,,,,,,,,,,,,,,,,,,,,,,,,,,
,,,,,,,,08/17/23,,,,,10/13/23,,10/24/23,,,,,,,,,,,,,,,YES,,,,,,,,,,,,,,,,,,,,,,,,,,,,,,,,,,,,,,,
,,,,Onskid,KM-EPS,,,08/18/23,,,,,10/16/23,,10/31/23,,,,,,,,,,,,,,,YES,,,,,,,,,,,,,,,,,,,,,,,,,,,,,,,,,,,,,,,
,,,,Offskid,DPE DUSUP B,,,08/18/23,,,,,10/16/23,,11/02/23,,,,,,,#VALUE!,,,,,,,,YES,,,,,,,,,,,,,,,,,,,,,,,,,,,,,,,,,,,,,,,
,,,,Onskid,DUB10-2,,,see #1,,,,,10/16/23,,see #1,,,,,,,,,,,,,,,YES,,,,,,,,,,,,,,,,,,,,,,,,,,,,,,,,,,,,,,,
,,,,Offskid,DPE DUSUP B,,,see #1,,,,,10/17/23,,see #1,,,,,,,#VALUE!,,,,,,,,YES,,,,,,,,,,,,,,,,,,,,,,,,,,,,,,,,,,,,,,,
,,,,Offskid,DPE DUSUP B,,,see #1,,,,,10/17/23,,see #1,,,,,,,#VALUE!,,,,,,,,YES,,,,,,,,,,,,,,,,,,,,,,,,,,,,,,,,,,,,,,,
,,,,Offskid,BTG-C,,,see #1,,,,,10/17/23,,see #1,,,,,,,,,,,,,,,YES,,,,,,,,,,,,,,,,,,,,,,,,,,,,,,,,,,,,,,,
,,,,Onskid,KM-RH,,,08/22/23,,,,,10/18/23,,11/03/23,,,,,,,,,,,,,,,YES,,,,,,,,,,,,,,,,,,,,,,,,,,,,,,,,,,,,,,,
,,,,Onskid,BWP-OLA,,,08/22/23,,,,,10/18/23,,11/08/23,,,,,,,,,,,,,,,YES,,,,,,,,,,,,,,,,,,,,,,,,,,,,,,,,,,,,,,,
,,,,Offskid,ENERGIA MAYAKAN ST,,,08/22/23,,,,,10/18/23,,11/03/23,,,,,,,#VALUE!,,,,,,,,YES,,,,,,,,,,,,,,,,,,,,,,,,,,,,,,,,,,,,,,,
,,,,Offskid,ENERGIA MAYAKAN,,,08/23/23,,,,,10/19/23,,11/07/23,,,,,,,#VALUE!,,,,,,,,YES,,,,,,,,,,,,,,,,,,,,,,,,,,,,,,,,,,,,,,,
,,,,Offskid,ENERGIA MAYAKAN,,,see #1,,,,,10/19/23,,see #1,,,,,,,#VALUE!,,,,,,,,YES,,,,,,,,,,,,,,,,,,,,,,,,,,,,,,,,,,,,,,,
,,,,New,KM D PLANT,,,08/23/23,,,,,10/19/23,,11/03/23,,,,,,,#VALUE!,,,,,,,,YES,,,,,,,,,,,,,,,,,,,,,,,,,,,,,,,,,,,,,,,
,,,,,,,,08/24/23,,,,,10/20/23,,11/14/23,,,,,,,,,,,,,,,YES,,,,,,,,,,,,,,,,,,,,,,,,,,,,,,,,,,,,,,,
,,,,,,,,08/24/23,,,,,10/20/23,,11/14/23,,,,,,,,,,,,,,,YES,,,,,,,,,,,,,,,,,,,,,,,,,,,,,,,,,,,,,,,
,,,,,,,,08/24/23,,,,,10/20/23,,11/15/23,,,,,,,,,,,,,,,YES,,,,,,,,,,,,,,,,,,,,,,,,,,,,,,,,,,,,,,,
,,,,Onskid,KM-EPS,,,see #1,,,,,10/19/23,,see #1,,,,,,,,,,,,,,,YES,,,,,,,,,,,,,,,,,,,,,,,,,,,,,,,,,,,,,,,
,,,,Onskid,,,,08/23/23,,,,,10/19/23,,10/30/23,,,,,,,,,,,,,,,YES,,,,,,,,,,,,,,,,,,,,,,,,,,,,,,,,,,,,,,,
,,,,Offskid,PHE OSES,,,08/23/23,,,,,10/19/23,,11/07/23,,,,,,,#VALUE!,,,,,,,,YES,,,,,,,,,,,,,,,,,,,,,,,,,,,,,,,,,,,,,,,
,,,,New,ONEOK WOODWARD,,,08/23/23,,,,,10/19/23,,11/13/23,,,,,,,#VALUE!,,,,,,,,YES,,,,,,,,,,,,,,,,,,,,,,,,,,,,,,,,,,,,,,,
,,,,Offskid,BTG-C,,,see #1,,,,,10/19/23,,see #1,,,,,,,,,,,,,,,YES,,,,,,,,,,,,,,,,,,,,,,,,,,,,,,,,,,,,,,,
,,,,Onskid,KM-RH,,,see #1,,,,,10/19/23,,see #1,,,,,,,,,,,,,,,YES,,,,,,,,,,,,,,,,,,,,,,,,,,,,,,,,,,,,,,,
,,,,,,,,08/24/23,,,,,10/20/23,,10/31/23,,,,,,,,,,,,,,,YES,,,,,,,,,,,,,,,,,,,,,,,,,,,,,,,,,,,,,,,
,,,,Offskid,PHE OSES,,,see #1,,,,,10/20/23,,see #1,,,,,,,#VALUE!,,,,,,,,YES,,,,,,,,,,,,,,,,,,,,,,,,,,,,,,,,,,,,,,,
,,,,Offskid,PHE OSES,,,see #1,,,,,10/20/23,,see #1,,,,,,,#VALUE!,,,,,,,,YES,,,,,,,,,,,,,,,,,,,,,,,,,,,,,,,,,,,,,,,
,,,,Offskid,PHE OSES,,,see #1,,,,,10/23/23,,see #1,,,,,,,#VALUE!,,,,,,,,YES,,,,,,,,,,,,,,,,,,,,,,,,,,,,,,,,,,,,,,,
,,,,New,TDE-FM,,,08/25/23,,,,,10/23/23,,11/14/23,,,,,,,,,,,,,,,YES,,,,,,,,,,,,,,,,,,,,,,,,,,,,,,,,,,,,,,,
,,,,Onskid,WWM-MG,,,08/29/23,,,,,10/25/23,,11/15/23,,,,,,,,,,,,,,,YES,,,,,,,,,,,,,,,,,,,,,,,,,,,,,,,,,,,,,,,
,,,,,,,,08/30/23,,,,,10/26/23,,11/06/23,,,,,,,,,,,,,,,YES,,,,,,,,,,,,,,,,,,,,,,,,,,,,,,,,,,,,,,,
,,,,Offskid,AE-C50,,,08/30/23,,,,,10/26/23,,11/13/23,,,,,,,,,,,,,,,YES,,,,,,,,,,,,,,,,,,,,,,,,,,,,,,,,,,,,,,,
,,,,Onskid,WILJUN1,,,08/30/23,,,,,10/26/23,,11/16/23,,,,,,,,,,,,,,,YES,,,,,,,,,,,,,,,,,,,,,,,,,,,,,,,,,,,,,,,
,,,,,,,,08/31/23,,,,,10/27/23,,11/07/23,,,,,,,,,,,,,,,YES,,,,,,,,,,,,,,,,,,,,,,,,,,,,,,,,,,,,,,,
,,,,,,,,08/30/23,,,,,10/26/23,,11/16/23,,,,,,,,,,,,,,,YES,,,,,,,,,,,,,,,,,,,,,,,,,,,,,,,,,,,,,,,
,,,,Onskid,WWM-MG,,,see #1,,,,,10/26/23,,see #1,,,,,,,,,,,,,,,YES,,,,,,,,,,,,,,,,,,,,,,,,,,,,,,,,,,,,,,,
,,,,,,,,08/31/23,,,,,10/27/23,,11/07/23,,,,,,,,,,,,,,,YES,,,,,,,,,,,,,,,,,,,,,,,,,,,,,,,,,,,,,,,
,,,,NTB,VSP-KNT,,,08/30/23,,,,,10/26/23,,11/14/23,,,,,,,,,,,,,,,YES,,,,,,,,,,,,,,,,,,,,,,,,,,,,,,,,,,,,,,,
,,,,NTB,VSP-KNT,,,see #1,,,,,10/26/23,,see #1,,,,,,,,,,,,,,,YES,,,,,,,,,,,,,,,,,,,,,,,,,,,,,,,,,,,,,,,
,,,,,,,,08/31/23,,,,,10/27/23,,11/07/23,,,,,,,,,,,,,,,YES,,,,,,,,,,,,,,,,,,,,,,,,,,,,,,,,,,,,,,,
,,,,New,TDE-FM,,,see #1,,,,,10/27/23,,see #1,,,,,,,,,,,,,,,YES,,,,,,,,,,,,,,,,,,,,,,,,,,,,,,,,,,,,,,,
,,,,Offskid,VSP-KNT,,,08/31/23,,,,,10/27/23,,11/16/23,,,,,,,,,,,,,,,YES,,,,,,,,,,,,,,,,,,,,,,,,,,,,,,,,,,,,,,,
,,,,,,,,09/01/23,,,,,10/30/23,,11/08/23,,,,,,,,,,,,,,,YES,,,,,,,,,,,,,,,,,,,,,,,,,,,,,,,,,,,,,,,
,,,,Onskid,AMP-2,,,09/01/23,,,,,10/30/23,,11/21/23,,,,,,,,,,,,,,,YES,,,,,,,,,,,,,,,,,,,,,,,,,,,,,,,,,,,,,,,
,,,,NTB,PET-K,,,09/01/23,,,,,10/30/23,,11/17/23,,,,,,,,,,,,,,,YES,,,,,,,,,,,,,,,,,,,,,,,,,,,,,,,,,,,,,,,
,,,,Onskid,WILGRR1,,,09/05/23,,,,,10/31/23,,11/21/23,,,,,,,,,,,,,,,YES,,,,,,,,,,,,,,,,,,,,,,,,,,,,,,,,,,,,,,,
,,,,NTB,CEO-P,,,09/05/23,,,,,10/31/23,,11/21/23,,,,,,,,,,,,,,,YES,,,,,,,,,,,,,,,,,,,,,,,,,,,,,,,,,,,,,,,
,,,,Onskid,WILGRR2,,,09/05/23,,,,,10/31/23,,11/21/23,,,,,,,,,,,,,,,YES,,,,,,,,,,,,,,,,,,,,,,,,,,,,,,,,,,,,,,,
,,,,Onskid,WILTEX1,,,09/06/23,,,,,11/01/23,,11/21/23,,,,,,,,,,,,,,,YES,,,,,,,,,,,,,,,,,,,,,,,,,,,,,,,,,,,,,,,
,,,,,,,,09/06/23,,,,,11/01/23,,11/10/23,,,,,,,,,,,,,,,YES,,,,,,,,,,,,,,,,,,,,,,,,,,,,,,,,,,,,,,,
,,,,New,SHELL URSA-C,,,09/06/23,,,,,11/01/23,,11/17/23,,,,,,,#VALUE!,,,,,,,,YES,,,,,,,,,,,,,,,,,,,,,,,,,,,,,,,,,,,,,,,
,,,,New,SHELL URSA-D,,,09/07/23,,,,,11/02/23,,11/17/23,,,,,,,#VALUE!,,,,,,,,YES,,,,,,,,,,,,,,,,,,,,,,,,,,,,,,,,,,,,,,,
,,,,,,,,09/07/23,,,,,11/02/23,,11/13/23,,,,,,,,,,,,,,,YES,,,,,,,,,,,,,,,,,,,,,,,,,,,,,,,,,,,,,,,
,,,,New,MM-CS SC,,,09/07/23,,,,,11/02/23,,11/21/23,,,,,,,#VALUE!,,,,,,,,YES,,,,,,,,,,,,,,,,,,,,,,,,,,,,,,,,,,,,,,,
,,,,Offskid,KM YATES,,,09/08/23,,,,,11/03/23,,11/21/23,,,,,,,#VALUE!,,,,,,,,YES,,,,,,,,,,,,,,,,,,,,,,,,,,,,,,,,,,,,,,,
,,,,,,,,09/08/23,,,,,11/03/23,,11/14/23,,,,,,,,,,,,,,,YES,,,,,,,,,,,,,,,,,,,,,,,,,,,,,,,,,,,,,,,
,,,,New,PTT OFFSHORE,,,09/08/23,,,,,11/03/23,,11/17/23,,,,,,,#VALUE!,,,,,,,,YES,,,,,,,,,,,,,,,,,,,,,,,,,,,,,,,,,,,,,,,
,,,,New,ATMOS WAHA,,,09/11/23,,,,,11/06/23,,11/17/23,,,,,,,#VALUE!,,,,,,,,YES,,,,,,,,,,,,,,,,,,,,,,,,,,,,,,,,,,,,,,,
,,,,New,XOM-WQ1 PMS,,,09/11/23,,,,,11/06/23,,11/21/23,,,,,,,#VALUE!,,,,,,,,YES,,,,,,,,,,,,,,,,,,,,,,,,,,,,,,,,,,,,,,,
,,,,Offskid,TRAIN-E TT5,,,09/11/23,,,,,11/06/23,,11/21/23,,,,,,,#VALUE!,,,,,,,,YES,,,,,,,,,,,,,,,,,,,,,,,,,,,,,,,,,,,,,,,
,,,,,,,,09/12/23,,,,,11/07/23,,11/16/23,,,,,,,,,,,,,,,YES,,,,,,,,,,,,,,,,,,,,,,,,,,,,,,,,,,,,,,,
,,,,,,,,09/12/23,,,,,11/07/23,,11/16/23,,,,,,,,,,,,,,,YES,,,,,,,,,,,,,,,,,,,,,,,,,,,,,,,,,,,,,,,
,,,,Onskid,WIL1663,,,09/12/23,,,,,11/07/23,,11/21/23,,,,,,,,,,,,,,,YES,,,,,,,,,,,,,,,,,,,,,,,,,,,,,,,,,,,,,,,
,,,,,,,,09/13/23,,,,,11/08/23,,11/17/23,,,,,,,,,,,,,,,YES,,,,,,,,,,,,,,,,,,,,,,,,,,,,,,,,,,,,,,,
,,,,Offskid,VSP-KNT,,,see #1,,,,,11/08/23,,11/21/23,,,,,,,,,,,,,,,YES,,,,,,,,,,,,,,,,,,,,,,,,,,,,,,,,,,,,,,,
,,,,Onskid,COS-L,,,09/13/23,,,,,11/08/23,,11/21/23,,,,,,,,,,,,,,,YES,,,,,,,,,,,,,,,,,,,,,,,,,,,,,,,,,,,,,,,
,,,,Onskid,HUSKER,,,09/14/23,,,,,11/09/23,,11/21/23,,,,,,,,,,,,,,,YES,,,,,,,,,,,,,,,,,,,,,,,,,,,,,,,,,,,,,,,
,,,,Offskid,PET-K,,,09/14/23,,,,,11/09/23,,11/21/23,,,,,,,,,,,,,,,YES,,,,,,,,,,,,,,,,,,,,,,,,,,,,,,,,,,,,,,,
,,,,Onskid,SCG-NTG,,,09/14/23,,,,,11/09/23,,11/21/23,,,,,,,,,,,,,,,YES,,,,,,,,,,,,,,,,,,,,,,,,,,,,,,,,,,,,,,,
,,,,,,,,09/15/23,,,,,11/10/23,,11/21/23,,,,,,,,,,,,,,,YES,,,,,,,,,,,,,,,,,,,,,,,,,,,,,,,,,,,,,,,
,,,,Onskid,,,,09/15/23,,,,,11/10/23,,12/05/23,,,,,,,,,,,,,,,YES,,,,,,,,,,,,,,,,,,,,,,,,,,,,,,,,,,,,,,,
,,,,Onskid,,,,09/15/23,,,,,11/10/23,,12/06/23,,,,,,,,,,,,,,,YES,,,,,,,,,,,,,,,,,,,,,,,,,,,,,,,,,,,,,,,
,,,,,,,,09/18/23,,,,,11/13/23,,11/22/23,,,,,,,,,,,,,,,YES,,,,,,,,,,,,,,,,,,,,,,,,,,,,,,,,,,,,,,,
,,,,NTB,ELPS-1,,,09/18/23,,,,,11/13/23,,11/28/23,,,,,,,,,,,,,,,YES,,,,,,,,,,,,,,,,,,,,,,,,,,,,,,,,,,,,,,,
,,,,Onskid,WWM-MB,,,09/18/23,,,,,11/13/23,,11/21/23,,,,,,,,,,,,,,,YES,,,,,,,,,,,,,,,,,,,,,,,,,,,,,,,,,,,,,,,
,,,,Onskid,BWP-O,,,09/19/23,,,,,11/14/23,,11/21/23,,,,,,,,,,,,,,,YES,,,,,,,,,,,,,,,,,,,,,,,,,,,,,,,,,,,,,,,
,,,,Onskid,SCG-NTG,,,see #1,,,,,11/14/23,,11/21/23,,,,,,,,,,,,,,,YES,,,,,,,,,,,,,,,,,,,,,,,,,,,,,,,,,,,,,,,
,,,,NTB,ELPS-1,,,see #1,,,,,11/14/23,,see #1,,,,,,,,,,,,,,,YES,,,,,,,,,,,,,,,,,,,,,,,,,,,,,,,,,,,,,,,
,,,,NTB,ELPS-1,,,see #1,,,,,11/15/23,,see #1,,,,,,,,,,,,,,,YES,,,,,,,,,,,,,,,,,,,,,,,,,,,,,,,,,,,,,,,
,,,,Offskid,CEO-P,,,09/20/23,,,,,11/15/23,,12/06/23,,,,,,,,,,,,,,,YES,,,,,,,,,,,,,,,,,,,,,,,,,,,,,,,,,,,,,,,
,,,,Offskid,PET-K,,,see #1,,,,,11/15/23,,see #1,,,,,,,,,,,,,,,YES,,,,,,,,,,,,,,,,,,,,,,,,,,,,,,,,,,,,,,,
,,,,NTB,VSP-RPE,,,09/21/23,,,,,11/16/23,,12/06/23,,,,,,,,,,,,,,,YES,,,,,,,,,,,,,,,,,,,,,,,,,,,,,,,,,,,,,,,
,,,,Onskid,WWM-MB,,,see #1,,,,,11/16/23,,see #1,,,,,,,,,,,,,,,YES,,,,,,,,,,,,,,,,,,,,,,,,,,,,,,,,,,,,,,,
,,,,Onskid,APC-M1,,,09/21/23,,,,,11/16/23,,12/12/23,,,,,,,,,,,,,,,YES,,,,,,,,,,,,,,,,,,,,,,,,,,,,,,,,,,,,,,,
,,,,Onskid,WIL1681,,,09/22/23,,,,,11/17/23,,12/13/23,,,,,,,,,,,,,,,YES,,,,,,,,,,,,,,,,,,,,,,,,,,,,,,,,,,,,,,,
,,,,Offskid,ELPS-1,,,09/22/23,,,,,11/17/23,,12/13/23,,,,,,,,,,,,,,,YES,,,,,,,,,,,,,,,,,,,,,,,,,,,,,,,,,,,,,,,
,,,,NTB,ELPS-1,,,see #1,,,,,11/17/23,,see #1,,,,,,,,,,,,,,,YES,,,,,,,,,,,,,,,,,,,,,,,,,,,,,,,,,,,,,,,
,,,,Onskid,APC-M1,,,see #1,,,,,11/20/23,,see #1,,,,,,,,,,,,,,,YES,,,,,,,,,,,,,,,,,,,,,,,,,,,,,,,,,,,,,,,
,,,,NTB,PET-K,,,see #1,,,,,11/20/23,,see #1,,,,,,,,,,,,,,,YES,,,,,,,,,,,,,,,,,,,,,,,,,,,,,,,,,,,,,,,
,,,,Onskid,APC-M2,,,09/25/23,,,,,11/20/23,,see #1,,,,,,,,,,,,,,,YES,,,,,,,,,,,,,,,,,,,,,,,,,,,,,,,,,,,,,,,
,,,,NTB,PET-K,,,see #1,,,,,11/21/23,,see #1,,,,,,,,,,,,,,,YES,,,,,,,,,,,,,,,,,,,,,,,,,,,,,,,,,,,,,,,
,,,,Onskid,FGT-TRIGHTON,,,09/26/23,,,,,11/21/23,,see #1,,,,,,,#VALUE!,,,,,,,,YES,,,,,,,,,,,,,,,,,,,,,,,,,,,,,,,,,,,,,,,
,,,,Offskid,ELPS-1,,,see #1,,,,,11/21/23,,see #1,,,,,,,,,,,,,,,YES,,,,,,,,,,,,,,,,,,,,,,,,,,,,,,,,,,,,,,,
,,,,,,,,09/27/23,,,,,11/22/23,,12/15/23,,,,,,,,,,,,,,,YES,,,,,,,,,,,,,,,,,,,,,,,,,,,,,,,,,,,,,,,
,,,,Offskid,VSP-RPE,,,09/27/23,,,,,11/22/23,,12/18/23,,,,,,,,,,,,,,,YES,,,,,,,,,,,,,,,,,,,,,,,,,,,,,,,,,,,,,,,
,,,,Onskid,APC-M2,,,see #1,,,,,11/22/23,,see #1,,,,,,,,,,,,,,,YES,,,,,,,,,,,,,,,,,,,,,,,,,,,,,,,,,,,,,,,
,,,,Offskid,ELPS-1,,,see #1,,,,,11/27/23,,see #1,,,,,,,,,,,,,,,YES,,,,,,,,,,,,,,,,,,,,,,,,,,,,,,,,,,,,,,,
,,,,Offskid,PET-K,,,see #1,,,,,11/27/23,,see #1,,,,,,,,,,,,,,,YES,,,,,,,,,,,,,,,,,,,,,,,,,,,,,,,,,,,,,,,
,,,,,,,,09/28/23,,,,,11/27/23,,12/19/23,,,,,,,,,,,,,,,YES,,,,,,,,,,,,,,,,,,,,,,,,,,,,,,,,,,,,,,,
,,,,Onskid,APC-HM,,,09/29/23,,,,,11/28/23,,12/19/23,,,,,,,,,,,,,,,YES,,,,,,,,,,,,,,,,,,,,,,,,,,,,,,,,,,,,,,,
,,,,,,,,09/29/23,,,,,11/28/23,,12/20/23,,,,,,,,,,,,,,,YES,,,,,,,,,,,,,,,,,,,,,,,,,,,,,,,,,,,,,,,
,,,,NTB,JSC-INC,,,09/29/23,,,,,11/28/23,,12/20/23,,,,,,,,,,,,,,,YES,,,,,,,,,,,,,,,,,,,,,,,,,,,,,,,,,,,,,,,
,,,,Offskid,ELPS-1,,,see #1,,,,,11/29/23,,see #1,,,,,,,,,,,,,,,YES,,,,,,,,,,,,,,,,,,,,,,,,,,,,,,,,,,,,,,,
,,,,,,,,10/02/23,,,,,11/29/23,,12/21/23,,,,,,,,,,,,,,,YES,,,,,,,,,,,,,,,,,,,,,,,,,,,,,,,,,,,,,,,
,,,,,,,,10/02/23,,,,,11/29/23,,12/21/23,,,,,,,,,,,,,,,YES,,,,,,,,,,,,,,,,,,,,,,,,,,,,,,,,,,,,,,,
,,,,Onskid,LE-CHP,,,10/03/23,,,,,11/30/23,,01/04/24,,,,,,,,,,,,,,,YES,,,,,,,,,,,,,,,,,,,,,,,,,,,,,,,,,,,,,,,
,,,,,,,,10/03/23,,,,,11/30/23,,12/22/23,,,,,,,,,,,,,,,YES,,,,,,,,,,,,,,,,,,,,,,,,,,,,,,,,,,,,,,,
,,,,,,,,10/03/23,,,,,11/30/23,,12/22/23,,,,,,,,,,,,,,,YES,,,,,,,,,,,,,,,,,,,,,,,,,,,,,,,,,,,,,,,
,,,,,,,,10/04/23,,,,,12/01/23,,12/22/23,,,,,,,,,,,,,,,YES,,,,,,,,,,,,,,,,,,,,,,,,,,,,,,,,,,,,,,,
,,,,Offskid,TRIDENT ENERGY,,,10/04/23,,,,,12/01/23,,01/03/24,,,,,,,#VALUE!,,,,,,,,YES,,,,,,,,,,,,,,,,,,,,,,,,,,,,,,,,,,,,,,,
,,,,,,,,10/04/23,,,,,12/01/23,,01/02/24,,,,,,,,,,,,,,,YES,,,,,,,,,,,,,,,,,,,,,,,,,,,,,,,,,,,,,,,
,,,,Offskid,TRIDENT ENERGY,,,see #1,,,,,12/04/23,,see #1,,,,,,,#VALUE!,,,,,,,,YES,,,,,,,,,,,,,,,,,,,,,,,,,,,,,,,,,,,,,,,
,,,,,,,,10/05/23,,,,,12/04/23,,01/03/24,,,,,,,,,,,,,,,YES,,,,,,,,,,,,,,,,,,,,,,,,,,,,,,,,,,,,,,,
,,,,NTB,ELPS-2,,,10/05/23,,,,,12/04/23,,01/02/24,,,,,,,,,,,,,,,YES,,,,,,,,,,,,,,,,,,,,,,,,,,,,,,,,,,,,,,,
,,,,New,FTS-EM5,,,10/06/23,,,,,12/05/23,,01/02/24,,,,,,,,,,,,,,,YES,,,,,,,,,,,,,,,,,,,,,,,,,,,,,,,,,,,,,,,
,,,,,,,,10/06/23,,,,,12/05/23,,01/04/24,,,,,,,,,,,,,,,YES,,,,,,,,,,,,,,,,,,,,,,,,,,,,,,,,,,,,,,,
,,,,NTB,ELPS-2,,,see #1,,,,,12/05/23,,see #1,,,,,,,,,,,,,,,YES,,,,,,,,,,,,,,,,,,,,,,,,,,,,,,,,,,,,,,,
,,,,NTB,ENI-F,,,10/09/23,,,,,12/06/23,,01/10/24,,,,,,,,,,,,,,,YES,,,,,,,,,,,,,,,,,,,,,,,,,,,,,,,,,,,,,,,
,,,,,,,,10/09/23,,,,,12/06/23,,01/05/24,,,,,,,,,,,,,,,YES,,,,,,,,,,,,,,,,,,,,,,,,,,,,,,,,,,,,,,,
,,,,New,ALTERA VOYAGEUR,,,10/09/23,,,,,12/06/23,,01/04/24,,,,,,,#VALUE!,,,,,,,,YES,,,,,,,,,,,,,,,,,,,,,,,,,,,,,,,,,,,,,,,
,,,,New,ALTERA VOYAGEUR,,,see #1,,,,,12/07/23,,see #1,,,,,,,#VALUE!,,,,,,,,YES,,,,,,,,,,,,,,,,,,,,,,,,,,,,,,,,,,,,,,,
,,,,,,,,10/10/23,,,,,12/07/23,,12/18/23,,,,,,,,,,,,,,,YES,,,,,,,,,,,,,,,,,,,,,,,,,,,,,,,,,,,,,,,
,,,,,,,,10/10/23,,,,,12/07/23,,12/18/23,,,,,,,,,,,,,,,YES,,,,,,,,,,,,,,,,,,,,,,,,,,,,,,,,,,,,,,,
,,,,,,,,10/11/23,,,,,12/08/23,,12/19/23,,,,,,,,,,,,,,,YES,,,,,,,,,,,,,,,,,,,,,,,,,,,,,,,,,,,,,,,
,,,,,,,,10/11/23,,,,,12/08/23,,12/19/23,,,,,,,,,,,,,,,YES,,,,,,,,,,,,,,,,,,,,,,,,,,,,,,,,,,,,,,,
,,,,,,,,10/11/23,,,,,12/08/23,,12/19/23,,,,,,,,,,,,,,,YES,,,,,,,,,,,,,,,,,,,,,,,,,,,,,,,,,,,,,,,
,,,,New,WWM-B1 SHIP AHEAD,,,10/12/23,,,,,12/11/23,,12/22/23,,,,,,,#VALUE!,,,,,,,,YES,,,,,,,,,,,,,,,,,,,,,,,,,,,,,,,,,,,,,,,
,,,,Onskid,T350GS,,,10/12/23,,,,,12/11/23,,01/11/24,,,,,,,,,,,,,,,YES,,,,,,,,,,,,,,,,,,,,,,,,,,,,,,,,,,,,,,,
,,,,New,WWM-B1 SHIP AHEAD,,,see #1,,,,,12/11/23,,see #1,,,,,,,#VALUE!,,,,,,,,YES,,,,,,,,,,,,,,,,,,,,,,,,,,,,,,,,,,,,,,,
,,,,Offskid,SHL-S-CB,,,10/13/23,,,,,12/12/23,,01/12/24,,,,,,,#VALUE!,,,,,,,,YES,,,,,,,,,,,,,,,,,,,,,,,,,,,,,,,,,,,,,,,
,,,,New,SHL-S STATION,,,10/13/23,,,,,12/12/23,,01/17/24,,,,,,,#VALUE!,,,,,,,,YES,,,,,,,,,,,,,,,,,,,,,,,,,,,,,,,,,,,,,,,
,,,,New,WWM-B2 SHIP AHEAD,,,10/13/23,,,,,12/12/23,,01/03/24,,,,,,,#VALUE!,,,,,,,,YES,,,,,,,,,,,,,,,,,,,,,,,,,,,,,,,,,,,,,,,
,,,,New,WWM-B2 SHIP AHEAD,,,see #1,,,,,12/13/23,,see #1,,,,,,,#VALUE!,,,,,,,,YES,,,,,,,,,,,,,,,,,,,,,,,,,,,,,,,,,,,,,,,
,,,,New,WWM-B3 SHIP AHEAD,,,10/16/23,,,,,12/13/23,,01/03/24,,,,,,,#VALUE!,,,,,,,,YES,,,,,,,,,,,,,,,,,,,,,,,,,,,,,,,,,,,,,,,
,,,,New,WWM-B3 SHIP AHEAD,,,see #1,,,,,12/13/23,,see #1,,,,,,,#VALUE!,,,,,,,,YES,,,,,,,,,,,,,,,,,,,,,,,,,,,,,,,,,,,,,,,
,,,,Onskid,DIX-L,,,10/17/23,,,,,12/14/23,,01/16/24,,,,,,,,,,,,,,,YES,,,,,,,,,,,,,,,,,,,,,,,,,,,,,,,,,,,,,,,
,,,,Onskid,PGMSK10,,,10/17/23,,,,,12/14/23,,01/12/24,,,,,,,,,,,,,,,YES,,,,,,,,,,,,,,,,,,,,,,,,,,,,,,,,,,,,,,,
,,,,Onskid,130-19D,,,10/17/23,,,,,12/14/23,,01/12/24,,,,,,,,,,,,,,,YES,,,,,,,,,,,,,,,,,,,,,,,,,,,,,,,,,,,,,,,
,,,,NTB,ELPS-2,,,see #1,,,,,12/15/23,,see #1,,,,,,,,,,,,,,,YES,,,,,,,,,,,,,,,,,,,,,,,,,,,,,,,,,,,,,,,
,,,,NTB,ELPS-2,,,see #1,,,,,12/15/23,,see #1,,,,,,,,,,,,,,,YES,,,,,,,,,,,,,,,,,,,,,,,,,,,,,,,,,,,,,,,
,,,,New,FTS-EM5,,,see #1,,,,,12/15/23,,see #1,,,,,,,,,,,,,,,YES,,,,,,,,,,,,,,,,,,,,,,,,,,,,,,,,,,,,,,,
,,,,Onskid,APC-M3,,,10/19/23,,,,,12/18/23,,01/17/24,,,,,,,,,,,,,,,YES,,,,,,,,,,,,,,,,,,,,,,,,,,,,,,,,,,,,,,,
,,,,Onskid,DIX-L,,,see #1,,,,,12/18/23,,see #1,,,,,,,,,,,,,,,YES,,,,,,,,,,,,,,,,,,,,,,,,,,,,,,,,,,,,,,,
,,,,,,,,10/19/23,,,,,12/18/23,,01/04/24,,,,,,,,,,,,,,,YES,,,,,,,,,,,,,,,,,,,,,,,,,,,,,,,,,,,,,,,
,,,,Offskid,JSC-INC,,,10/20/23,,,,,12/19/23,,01/18/24,,,,,,,,,,,,,,,YES,,,,,,,,,,,,,,,,,,,,,,,,,,,,,,,,,,,,,,,
,,,,NTB,ENI-F,,,see #1,,,,,12/19/23,,see #1,,,,,,,,,,,,,,,YES,,,,,,,,,,,,,,,,,,,,,,,,,,,,,,,,,,,,,,,
,,,,Onskid,APC-M3,,,see #1,,,,,12/19/23,,see #1,,,,,,,,,,,,,,,YES,,,,,,,,,,,,,,,,,,,,,,,,,,,,,,,,,,,,,,,
,,,,,,,,10/23/23,,,,,12/20/23,,01/08/24,,,,,,,,,,,,,,,YES,,,,,,,,,,,,,,,,,,,,,,,,,,,,,,,,,,,,,,,
,,,,Offskid,HILCORP,,,10/23/23,,,,,12/20/23,,01/18/24,,,,,,,#VALUE!,,,,,,,,YES,,,,,,,,,,,,,,,,,,,,,,,,,,,,,,,,,,,,,,,
,,,,Onskid,HILCORP,,,10/23/23,,,,,12/20/23,,01/18/24,,,,,,,#VALUE!,,,,,,,,YES,,,,,,,,,,,,,,,,,,,,,,,,,,,,,,,,,,,,,,,
,,,,Onskid,HILCORP,,,see #1,,,,,12/21/23,,01/18/24,,,,,,,#VALUE!,,,,,,,,YES,,,,,,,,,,,,,,,,,,,,,,,,,,,,,,,,,,,,,,,
,,,,Offskid,HILCORP,,,see #1,,,,,12/21/23,,01/18/24,,,,,,,#VALUE!,,,,,,,,YES,,,,,,,,,,,,,,,,,,,,,,,,,,,,,,,,,,,,,,,
,,,,Onskid,PER-MA,,,10/24/23,,,,,12/21/23,,01/18/24,,,,,,,,,,,,,,,YES,,,,,,,,,,,,,,,,,,,,,,,,,,,,,,,,,,,,,,,
,,,,,,,,10/25/23,,,,,12/22/23,,01/10/24,,,,,,,,,,,,,,,YES,,,,,,,,,,,,,,,,,,,,,,,,,,,,,,,,,,,,,,,
,,,,Offskid,ELPS-2,,,10/25/23,,,,,12/22/23,,01/18/24,,,,,,,,,,,,,,,YES,,,,,,,,,,,,,,,,,,,,,,,,,,,,,,,,,,,,,,,
,,,,,,,,10/25/23,,,,,12/22/23,,01/23/24,,,,,,,,,,,,,,,YES,,,,,,,,,,,,,,,,,,,,,,,,,,,,,,,,,,,,,,,
,,,,,,,,10/26/23,,,,,01/02/24,,01/11/24,,,,,,,,,,,,,,,YES,,,,,,,,,,,,,,,,,,,,,,,,,,,,,,,,,,,,,,,
,,,,Onskid,S60-22,,,see #1,,,,,01/02/24,,01/18/24,,,,,,,#VALUE!,,,,,,,,YES,,,,,,,,,,,,,,,,,,,,,,,,,,,,,,,,,,,,,,,
,,,,New,TEX EASTERN,,,10/26/23,,,,,01/02/24,,01/18/24,,,,,,,#VALUE!,,,,,,,,YES,,,,,,,,,,,,,,,,,,,,,,,,,,,,,,,,,,,,,,,
,,,,,,,,10/27/23,,,,,01/03/24,,01/12/24,,,,,,,,,,,,,,,YES,,,,,,,,,,,,,,,,,,,,,,,,,,,,,,,,,,,,,,,
,,,,Onskid,FTS-EMD,,,10/27/23,,,,,01/03/24,,01/18/24,,,,,,,#VALUE!,,,,,,,,YES,,,,,,,,,,,,,,,,,,,,,,,,,,,,,,,,,,,,,,,
,,,,Onskid,APC-M3,,,see #1,,,,,01/03/24,,see #1,,,,,,,,,,,,,,,YES,,,,,,,,,,,,,,,,,,,,,,,,,,,,,,,,,,,,,,,
,,,,,,,,10/30/23,,,,,01/04/24,,01/16/24,,,,,,,,,,,,,,,YES,,,,,,,,,,,,,,,,,,,,,,,,,,,,,,,,,,,,,,,
,,,,Offskid,ELPS-2,,,see #1,,,,,01/04/24,,01/18/24,,,,,,,,,,,,,,,YES,,,,,,,,,,,,,,,,,,,,,,,,,,,,,,,,,,,,,,,
,,,,Onskid,DTM-S,,,10/30/23,,,,,01/04/24,,01/18/24,,,,,,,,,,,,,,,YES,,,,,,,,,,,,,,,,,,,,,,,,,,,,,,,,,,,,,,,
,,,,,,,,10/31/23,,,,,01/05/24,,01/17/24,,,,,,,,,,,,,,,YES,,,,,,,,,,,,,,,,,,,,,,,,,,,,,,,,,,,,,,,
,,,,,,,,10/31/23,,,,,01/05/24,,01/17/24,,,,,,,,,,,,,,,YES,,,,,,,,,,,,,,,,,,,,,,,,,,,,,,,,,,,,,,,
,,,,Onskid,PENDING-N,,,10/31/23,,,,,01/05/24,,01/18/24,,,,,,,,,,,,,,,YES,,,,,,,,,,,,,,,,,,,,,,,,,,,,,,,,,,,,,,,
,,,,Onskid,PENDING-N,,,see #1,,,,,01/08/24,,see #1,,,,,,,,,,,,,,,YES,,,,,,,,,,,,,,,,,,,,,,,,,,,,,,,,,,,,,,,
,,,,,,,,11/01/23,,,,,01/08/24,,01/18/24,,,,,,,,,,,,,,,YES,,,,,,,,,,,,,,,,,,,,,,,,,,,,,,,,,,,,,,,
,,,,,,,,11/01/23,,,,,01/08/24,,01/18/24,,,,,,,,,,,,,,,YES,,,,,,,,,,,,,,,,,,,,,,,,,,,,,,,,,,,,,,,
,,,,Onskid,PGMSTK7,,,11/02/23,,,,,01/09/24,,01/18/24,,,,,,,,,,,,,,,YES,,,,,,,,,,,,,,,,,,,,,,,,,,,,,,,,,,,,,,,
,,,,Onskid,PENDING-N,,,11/02/23,,,,,01/09/24,,01/18/24,,,,,,,,,,,,,,,YES,,,,,,,,,,,,,,,,,,,,,,,,,,,,,,,,,,,,,,,
,,,,Onskid,PENDING-N,,,11/02/23,,,,,01/09/24,,01/18/24,,,,,,,,,,,,,,,YES,,,,,,,,,,,,,,,,,,,,,,,,,,,,,,,,,,,,,,,
,,,,,,,,11/03/23,,,,,01/10/24,,01/18/24,,,,,,,,,,,,,,,NO,,,,,,,,,,,,,,,,,,,,,,,,,,,,,,,,,,,,,,,
,,,,Onskid,APC-M3,,,see #1,,,,,01/10/24,,01/18/24,,,,,,,,,,,,,,,YES,,,,,,,,,,,,,,,,,,,,,,,,,,,,,,,,,,,,,,,
,,,,,,,,11/03/23,,,,,01/10/24,,01/30/24,,,,,,,,,,,,,,,YES,,,,,,,,,,,,,,,,,,,,,,,,,,,,,,,,,,,,,,,
,,,,Onskid,PENDING-N,,,11/06/23,,,,,01/11/24,,01/18/24,,,,,,,,,,,,,,,YES,,,,,,,,,,,,,,,,,,,,,,,,,,,,,,,,,,,,,,,
,,,,Offskid,ELPS-2,,,see #1,,,,,01/11/24,,see #1,,,,,,,,,,,,,,,YES,,,,,,,,,,,,,,,,,,,,,,,,,,,,,,,,,,,,,,,
,,,,,,,,11/06/23,,,,,01/11/24,,01/30/24,,,,,,,,,,,,,,,YES,,,,,,,,,,,,,,,,,,,,,,,,,,,,,,,,,,,,,,,
,,,,Offskid,ELPS-2,,,see #1,,,,,01/12/24,,01/18/24,,,,,,,,,,,,,,,YES,,,,,,,,,,,,,,,,,,,,,,,,,,,,,,,,,,,,,,,
,,,,Onskid,COS-P,,,11/07/23,,,,,01/12/24,,01/18/24,,,,,,,,,,,,,,,YES,,,,,,,,,,,,,,,,,,,,,,,,,,,,,,,,,,,,,,,
,,,,,,,,11/07/23,,,,,01/12/24,,02/01/24,,,,,,,,,,,,,,,NO,,,,,,,,,,,,,,,,,,,,,,,,,,,,,,,,,,,,,,,
,,,,Onskid,LREC-CS,,,11/08/23,,,,,01/16/24,,02/08/24,,,,,,,,,,,,,,,YES,,,,,,,,,,,,,,,,,,,,,,,,,,,,,,,,,,,,,,,
,,,,Onskid,S60-23,,,see #1,,,,,01/16/24,,see #1,,,,,,,#VALUE!,,,,,,,,YES,,,,,,,,,,,,,,,,,,,,,,,,,,,,,,,,,,,,,,,
,,,,Onskid,CARTESR,,,11/08/23,,,,,01/16/24,,02/02/24,,,,,,,,,,,,,,,YES,,,,,,,,,,,,,,,,,,,,,,,,,,,,,,,,,,,,,,,
,,,,Onskid,APC-M3,,,see #1,,,,,01/17/24,,see #1,,,,,,,,,,,,,,,YES,,,,,,,,,,,,,,,,,,,,,,,,,,,,,,,,,,,,,,,
,,,,,,,,11/09/23,,,,,01/17/24,,02/05/24,,,,,,,,,,,,,,,NO,,,,,,,,,,,,,,,,,,,,,,,,,,,,,,,,,,,,,,,
,,,,Onskid,BALBOA MEDICAL,,,11/09/23,,,,,01/17/24,,02/08/24,,,,,,,#VALUE!,,,,,,,,YES,,,,,,,,,,,,,,,,,,,,,,,,,,,,,,,,,,,,,,,
,,,,Onskid,FTS-EMD,,,11/10/23,,,,,01/18/24,,02/07/24,,,,,,,,,,,,,,,YES,,,,,,,,,,,,,,,,,,,,,,,,,,,,,,,,,,,,,,,
,,,,Offskid,NAM K14,,,11/10/23,,,,,01/18/24,,02/07/24,,,,,,,#VALUE!,,,,,,,,YES,,,,,,,,,,,,,,,,,,,,,,,,,,,,,,,,,,,,,,,
,,,,Offskid,BALBOA MED STAT,,,11/10/23,,,,,01/18/24,,02/08/24,,,,,,,#VALUE!,,,,,,,,YES,,,,,,,,,,,,,,,,,,,,,,,,,,,,,,,,,,,,,,,
,,,,NTB,ENI-F,,,see #1,,,,,01/19/24,,see #1,,,,,,,,,,,,,,,YES,,,,,,,,,,,,,,,,,,,,,,,,,,,,,,,,,,,,,,,
,,,,Offskid,NAM K14 PMS,,,11/13/23,,,,,01/19/24,,02/08/24,,,,,,,#VALUE!,,,,,,,,YES,,,,,,,,,,,,,,,,,,,,,,,,,,,,,,,,,,,,,,,
,,,,Onskid,FTS-EMD,,,see #1,,,,,01/19/24,,see #1,,,,,,,,,,,,,,,YES,,,,,,,,,,,,,,,,,,,,,,,,,,,,,,,,,,,,,,,
,,,,,,,,11/14/23,,,,,01/22/24,,01/31/24,,,,,,,,,,,,,,,YES,,,,,,,,,,,,,,,,,,,,,,,,,,,,,,,,,,,,,,,
,,,,,,,,11/14/23,,,,,01/22/24,,02/09/24,,,,,,,,,,,,,,,NO,,,,,,,,,,,,,,,,,,,,,,,,,,,,,,,,,,,,,,,
,,,,,,,,11/14/23,,,,,01/22/24,,02/09/24,,,,,,,,,,,,,,,NO,,,,,,,,,,,,,,,,,,,,,,,,,,,,,,,,,,,,,,,
,,,,,,,,11/15/23,,,,,01/23/24,,02/12/24,,,,,,,,,,,,,,,NO,,,,,,,,,,,,,,,,,,,,,,,,,,,,,,,,,,,,,,,
,,,,,,,,11/15/23,,,,,01/23/24,,02/01/24,,,,,,,,,,,,,,,YES,,,,,,,,,,,,,,,,,,,,,,,,,,,,,,,,,,,,,,,
,,,,,,,,11/15/23,,,,,01/23/24,,02/01/24,,,,,,,,,,,,,,,YES,,,,,,,,,,,,,,,,,,,,,,,,,,,,,,,,,,,,,,,
,,,,,,,,11/16/23,,,,,01/24/24,,02/02/24,,,,,,,,,,,,,,,YES,,,,,,,,,,,,,,,,,,,,,,,,,,,,,,,,,,,,,,,
,,,,Onskid,PGMSTK9,,,11/16/23,,,,,01/24/24,,02/08/24,,,,,,,,,,,,,,,YES,,,,,,,,,,,,,,,,,,,,,,,,,,,,,,,,,,,,,,,
,,,,,,,,11/16/23,,,,,01/24/24,,02/02/24,,,,,,,,,,,,,,,YES,,,,,,,,,,,,,,,,,,,,,,,,,,,,,,,,,,,,,,,
,,,,,,,,11/17/23,,,,,01/25/24,,02/05/24,,,,,,,,,,,,,,,YES,,,,,,,,,,,,,,,,,,,,,,,,,,,,,,,,,,,,,,,
,,,,,,,,11/17/23,,,,,01/25/24,,02/05/24,,,,,,,,,,,,,,,YES,,,,,,,,,,,,,,,,,,,,,,,,,,,,,,,,,,,,,,,
,,,,,,,,11/17/23,,,,,01/25/24,,02/05/24,,,,,,,,,,,,,,,YES,,,,,,,,,,,,,,,,,,,,,,,,,,,,,,,,,,,,,,,
,,,,Onskid,PENDING-N,,,see #1,,,,,01/26/24,,see #1,,,,,,,,,,,,,,,YES,,,,,,,,,,,,,,,,,,,,,,,,,,,,,,,,,,,,,,,
,,,,,,,,11/20/23,,,,,01/26/24,,02/06/24,,,,,,,,,,,,,,,YES,,,,,,,,,,,,,,,,,,,,,,,,,,,,,,,,,,,,,,,
,,,,,,,,11/20/23,,,,,01/26/24,,02/06/24,,,,,,,,,,,,,,,YES,,,,,,,,,,,,,,,,,,,,,,,,,,,,,,,,,,,,,,,
,,,,New,SARAWAK SHELL,,,11/21/23,,,,,01/29/24,,03/19/24,,,,,,,#VALUE!,,,,,,,,YES,,,,,,,,,,,,,,,,,,,,,,,,,,,,,,,,,,,,,,,
,,,,,,,,11/21/23,,,,,01/29/24,,02/07/24,,,,,,,,,,,,,,,YES,,,,,,,,,,,,,,,,,,,,,,,,,,,,,,,,,,,,,,,
,,,,,,,,11/21/23,,,,,01/29/24,,02/07/24,,,,,,,,,,,,,,,YES,,,,,,,,,,,,,,,,,,,,,,,,,,,,,,,,,,,,,,,
,,,,,,,,11/22/23,,,,,01/30/24,,02/08/24,,,,,,,,,,,,,,,YES,,,,,,,,,,,,,,,,,,,,,,,,,,,,,,,,,,,,,,,
,,,,Onskid,KERN RIVER VEYO,,,11/22/23,,,,,01/30/24,,02/13/24,,,,,,,#VALUE!,,,,,,,,YES,,,,,,,,,,,,,,,,,,,,,,,,,,,,,,,,,,,,,,,
,,,,,,,,11/22/23,,,,,01/30/24,,02/08/24,,,,,,,,,,,,,,,YES,,,,,,,,,,,,,,,,,,,,,,,,,,,,,,,,,,,,,,,
,,,,,,,,11/27/23,,,,,01/31/24,,02/09/24,,,,,,,,,,,,,,,YES,,,,,,,,,,,,,,,,,,,,,,,,,,,,,,,,,,,,,,,
,,,,Offskid,ENI-F,,,11/27/23,,,,,01/31/24,,02/13/24,,,,,,,,,,,,,,,YES,,,,,,,,,,,,,,,,,,,,,,,,,,,,,,,,,,,,,,,
,,,,,,,,11/27/23,,,,,01/31/24,,02/09/24,,,,,,,,,,,,,,,YES,,,,,,,,,,,,,,,,,,,,,,,,,,,,,,,,,,,,,,,
,,,,,,,,11/28/23,,,,,02/01/24,,02/12/24,,,,,,,,,,,,,,,YES,,,,,,,,,,,,,,,,,,,,,,,,,,,,,,,,,,,,,,,
,,,,,,,,11/28/23,,,,,02/01/24,,02/12/24,,,,,,,,,,,,,,,YES,,,,,,,,,,,,,,,,,,,,,,,,,,,,,,,,,,,,,,,
,,,,Onskid,SHOTTON,,,11/28/23,,,,,02/01/24,,02/14/24,,,,,,,,,,,,,,,YES,,,,,,,,,,,,,,,,,,,,,,,,,,,,,,,,,,,,,,,
,,,,Onskid,RED-C,,,11/29/23,,,,,02/02/24,,02/16/24,,,,,,,,,,,,,,,YES,,,,,,,,,,,,,,,,,,,,,,,,,,,,,,,,,,,,,,,
,,,,NTB,SHL-SGS,,,11/29/23,,,,,02/02/24,,03/06/24,,,,,,,,,,,,,,,YES,,,,,,,,,,,,,,,,,,,,,,,,,,,,,,,,,,,,,,,
,,,,,,,,11/29/23,,,,,02/02/24,,02/15/24,,,,,,,,,,,,,,,NO,,,,,,,,,,,,,,,,,,,,,,,,,,,,,,,,,,,,,,,
,,,,,,,,11/30/23,,,,,02/05/24,,02/15/24,,,,,,,,,,,,,,,NO,,,,,,,,,,,,,,,,,,,,,,,,,,,,,,,,,,,,,,,
,,,,,,,,11/30/23,,,,,02/05/24,,02/15/24,,,,,,,,,,,,,,,NO,,,,,,,,,,,,,,,,,,,,,,,,,,,,,,,,,,,,,,,
,,,,New,KM-169 SHIP AHEAD,,,11/30/23,,,,,02/05/24,,02/13/24,,,,,,,#VALUE!,,,,,,,,YES,,,,,,,,,,,,,,,,,,,,,,,,,,,,,,,,,,,,,,,
,,,,New,KM-111 SHIP AHEAD,,,12/01/23,,,,,02/06/24,,02/13/24,,,,,,,#VALUE!,,,,,,,,YES,,,,,,,,,,,,,,,,,,,,,,,,,,,,,,,,,,,,,,,
,,,,Onskid,TRP-CV2,,,12/01/23,,,,,02/06/24,,02/16/24,,,,,,,,,,,,,,,YES,,,,,,,,,,,,,,,,,,,,,,,,,,,,,,,,,,,,,,,
,,,,Onskid,WIL0331,,,12/01/23,,,,,02/06/24,,02/20/24,,,,,,,,,,,,,,,YES,,,,,,,,,,,,,,,,,,,,,,,,,,,,,,,,,,,,,,,
,,,,,,,,12/04/23,,,,,02/07/24,,02/19/24,,,,,,,,,,,,,,,NO,,,,,,,,,,,,,,,,,,,,,,,,,,,,,,,,,,,,,,,
,,,,Onskid,CARO-A,,,12/04/23,,,,,02/07/24,,02/19/24,,,,,,,,,,,,,,,YES,,,,,,,,,,,,,,,,,,,,,,,,,,,,,,,,,,,,,,,
,,,,,,,,12/04/23,,,,,02/07/24,,02/20/24,,,,,,,,,,,,,,,NO,,,,,,,,,,,,,,,,,,,,,,,,,,,,,,,,,,,,,,,
,,,,Offskid,ARENA ST,,,12/05/23,,,,,02/08/24,,02/15/24,,,,,,,#VALUE!,,,,,,,,YES,,,,,,,,,,,,,,,,,,,,,,,,,,,,,,,,,,,,,,,
,,,,Offskid,ARENA ST,,,see #1,,,,,02/08/24,,see #1,,,,,,,#VALUE!,,,,,,,,YES,,,,,,,,,,,,,,,,,,,,,,,,,,,,,,,,,,,,,,,
,,,,New,COOPERS BREWERY,,,12/05/23,,,,,02/08/24,,03/06/24,,,,,,,#VALUE!,,,,,,,,YES,,,,,,,,,,,,,,,,,,,,,,,,,,,,,,,,,,,,,,,
,,,,Onskid,PENDING-N,,,see #1,,,,,02/09/24,,see #1,,,,,,,,,,,,,,,YES,,,,,,,,,,,,,,,,,,,,,,,,,,,,,,,,,,,,,,,
,,,,Onskid,SHOTTON,,,see #1,,,,,02/09/24,,see #1,,,,,,,,,,,,,,,YES,,,,,,,,,,,,,,,,,,,,,,,,,,,,,,,,,,,,,,,
,,,,,,,,12/06/23,,,,,02/09/24,,02/22/23,,,,,,,,,,,,,,,NO,,,,,,,,,,,,,,,,,,,,,,,,,,,,,,,,,,,,,,,
,,,,,,,,12/07/23,,,,,02/12/24,,02/22/24,,,,,,,,,,,,,,,NO,,,,,,,,,,,,,,,,,,,,,,,,,,,,,,,,,,,,,,,
,,,,Onskid,TRP-GM2,,,12/07/23,,,,,02/12/24,,02/20/24,,,,,,,,,,,,,,,YES,,,,,,,,,,,,,,,,,,,,,,,,,,,,,,,,,,,,,,,
,,,,,,,,12/07/23,,,,,02/12/24,,02/23/24,,,,,,,,,,,,,,,NO,,,,,,,,,,,,,,,,,,,,,,,,,,,,,,,,,,,,,,,
,,,,Offskid,SHL-SGS,,,12/08/23,,,,,02/13/24,,02/23/24,,,,,,,,,,,,,,,YES,,,,,,,,,,,,,,,,,,,,,,,,,,,,,,,,,,,,,,,
,,,,,,,,12/08/23,,,,,02/13/24,,02/26/24,,,,,,,,,,,,,,,NO,,,,,,,,,,,,,,,,,,,,,,,,,,,,,,,,,,,,,,,
,,,,,,,,12/08/23,,,,,02/13/24,,02/26/24,,,,,,,,,,,,,,,NO,,,,,,,,,,,,,,,,,,,,,,,,,,,,,,,,,,,,,,,
,,,,,,,,12/08/23,,,,,02/13/24,,02/22/24,,,,,,,,,,,,,,,NO,,,,,,,,,,,,,,,,,,,,,,,,,,,,,,,,,,,,,,,
,,,,,,,,12/08/23,,,,,02/13/24,,02/22/24,,,,,,,,,,,,,,,NO,,,,,,,,,,,,,,,,,,,,,,,,,,,,,,,,,,,,,,,
,,,,,,,,12/08/23,,,,,02/13/24,,02/27/24,,,,,,,,,,,,,,,YES,,,,,,,,,,,,,,,,,,,,,,,,,,,,,,,,,,,,,,,
,,,,,,,,12/11/23,,,,,02/14/24,,02/27/24,,,,,,,,,,,,,,,NO,,,,,,,,,,,,,,,,,,,,,,,,,,,,,,,,,,,,,,,
,,,,,,,,12/11/23,,,,,02/14/24,,02/27/24,,,,,,,,,,,,,,,NO,,,,,,,,,,,,,,,,,,,,,,,,,,,,,,,,,,,,,,,
,,,,,,,,12/11/23,,,,,02/14/24,,02/28/24,,,,,,,,,,,,,,,YES,,,,,,,,,,,,,,,,,,,,,,,,,,,,,,,,,,,,,,,
,,,,,,,,12/12/23,,,,,02/15/24,,02/28/24,,,,,,,,,,,,,,,YES,,,,,,,,,,,,,,,,,,,,,,,,,,,,,,,,,,,,,,,
,,,,NTB,SHL-C,,,12/12/23,,,,,02/15/24,,03/01/24,,,,,,,,,,,,,,,YES,,,,,,,,,,,,,,,,,,,,,,,,,,,,,,,,,,,,,,,
,,,,,,,,12/12/23,,,,,02/15/24,,02/28/24,,,,,,,,,,,,,,,YES,,,,,,,,,,,,,,,,,,,,,,,,,,,,,,,,,,,,,,,
,,,,Offskid,ENI-F,,,see #1,,,,,02/16/24,,see #1,,,,,,,,,,,,,,,YES,,,,,,,,,,,,,,,,,,,,,,,,,,,,,,,,,,,,,,,
,,,,,,,,12/13/23,,,,,02/16/24,,02/27/24,,,,,,,,,,,,,,,NO,,,,,,,,,,,,,,,,,,,,,,,,,,,,,,,,,,,,,,,
,,,,,,,,12/13/23,,,,,02/16/24,,02/28/24,,,,,,,,,,,,,,,NO,,,,,,,,,,,,,,,,,,,,,,,,,,,,,,,,,,,,,,,
,,,,,,,,12/14/23,,,,,02/19/24,,02/28/24,,,,,,,,,,,,,,,NO,,,,,,,,,,,,,,,,,,,,,,,,,,,,,,,,,,,,,,,
,,,,New,COP-WD SHIP AHEAD,,,12/14/23,,,,,02/19/24,,02/20/24,,,,,,,#VALUE!,,,,,,,,YES,,,,,,,,,,,,,,,,,,,,,,,,,,,,,,,,,,,,,,,
,,,,,,,,12/14/23,,,,,02/19/24,,02/28/24,,,,,,,,,,,,,,,NO,,,,,,,,,,,,,,,,,,,,,,,,,,,,,,,,,,,,,,,
,,,,,,,,12/15/23,,,,,02/20/24,,02/29/24,,,,,,,,,,,,,,,NO,,,,,,,,,,,,,,,,,,,,,,,,,,,,,,,,,,,,,,,
,,,,,,,,12/15/23,,,,,02/20/24,,02/29/24,,,,,,,,,,,,,,,NO,,,,,,,,,,,,,,,,,,,,,,,,,,,,,,,,,,,,,,,
,,,,,,,,12/15/23,,,,,02/20/24,,02/29/24,,,,,,,,,,,,,,,NO,,,,,,,,,,,,,,,,,,,,,,,,,,,,,,,,,,,,,,,
,,,,,,,,12/18/23,,,,,02/21/24,,03/01/24,,,,,,,,,,,,,,,NO,,,,,,,,,,,,,,,,,,,,,,,,,,,,,,,,,,,,,,,
,,,,Offskid,ENI-F,,,see #1,,,,,02/21/24,,see #1,,,,,,,,,,,,,,,YES,,,,,,,,,,,,,,,,,,,,,,,,,,,,,,,,,,,,,,,
,,,,NTB,SHL-C,,,see #1,,,,,02/21/24,,see #1,,,,,,,,,,,,,,,YES,,,,,,,,,,,,,,,,,,,,,,,,,,,,,,,,,,,,,,,
,,,,,,,,12/19/23,,,,,02/22/24,,03/04/24,,,,,,,,,,,,,,,NO,,,,,,,,,,,,,,,,,,,,,,,,,,,,,,,,,,,,,,,
,,,,NTB,SHL-SF6,,,12/19/23,,,,,02/22/24,,03/01/24,,,,,,,,,,,,,,,YES,,,,,,,,,,,,,,,,,,,,,,,,,,,,,,,,,,,,,,,
,,,,,,,,12/19/23,,,,,02/22/24,,03/04/24,,,,,,,,,,,,,,,NO,,,,,,,,,,,,,,,,,,,,,,,,,,,,,,,,,,,,,,,
,,,,Onskid,KSPC-BT,,,12/20/23,,,,,02/23/24,,02/27/24,,,,,,,,,,,,,,,YES,,,,,,,,,,,,,,,,,,,,,,,,,,,,,,,,,,,,,,,
,,,,Offskid,OGE GERNSHEIM-0,,,12/20/23,,,,,02/23/24,,03/06/24,,,,,,,#VALUE!,,,,,,,,YES,,,,,,,,,,,,,,,,,,,,,,,,,,,,,,,,,,,,,,,
,,,,Offskid,FLOAT,,,see #1,,,,,02/23/24,,see #1,,,,,,,,,,,,,,,NO,,,,,,,,,,,,,,,,,,,,,,,,,,,,,,,,,,,,,,,
,,,,Offskid,OGE GERNSHEIM-1,,,12/21/23,,,,,02/26/24,,03/08/24,,,,,,,#VALUE!,,,,,,,,YES,,,,,,,,,,,,,,,,,,,,,,,,,,,,,,,,,,,,,,,
,,,,Offskid,FLOAT,,,see #1,,,,,02/26/24,,see #1,,,,,,,,,,,,,,,NO,,,,,,,,,,,,,,,,,,,,,,,,,,,,,,,,,,,,,,,
,,,,Offskid,SHL-C,,,12/21/23,,,,,02/26/24,,03/06/24,,,,,,,,,,,,,,,YES,,,,,,,,,,,,,,,,,,,,,,,,,,,,,,,,,,,,,,,
,,,,Offskid,FLOAT,,,12/22/23,,,,,02/27/24,,03/07/24,,,,,,,,,,,,,,,YES,,,,,,,,,,,,,,,,,,,,,,,,,,,,,,,,,,,,,,,
,,,,Offskid,OGE GERNSHEIM-2,,,12/22/23,,,,,02/27/24,,03/14/24,,,,,,,#VALUE!,,,,,,,,YES,,,,,,,,,,,,,,,,,,,,,,,,,,,,,,,,,,,,,,,
,,,,Offskid,FLOAT,,,see #1,,,,,02/27/24,,see #1,,,,,,,,,,,,,,,NO,,,,,,,,,,,,,,,,,,,,,,,,,,,,,,,,,,,,,,,
,,,,Onskid,PENDING-N,,,01/02/24,,,,,02/28/24,,03/08/24,,,,,,,,,,,,,,,YES,,,,,,,,,,,,,,,,,,,,,,,,,,,,,,,,,,,,,,,
,,,,Onskid,SHOTTON BOXES,,,01/02/24,,,,,02/28/24,,03/08/24,,,,,,,#VALUE!,,,,,,,,YES,,,,,,,,,,,,,,,,,,,,,,,,,,,,,,,,,,,,,,,
,,,,Onskid,HIL-M2,,,01/02/24,,,,,02/28/24,,03/11/24,,,,,,,,,,,,,,,YES,,,,,,,,,,,,,,,,,,,,,,,,,,,,,,,,,,,,,,,
,,,,Offskid,OGE GERNSHEIM-3,,,01/02/24,,,,,02/28/24,,03/15/24,,,,,,,#VALUE!,,,,,,,,YES,,,,,,,,,,,,,,,,,,,,,,,,,,,,,,,,,,,,,,,
,,,,Offskid,FLOAT,,,see #1,,,,,02/29/24,,see #1,,,,,,,,,,,,,,,NO,,,,,,,,,,,,,,,,,,,,,,,,,,,,,,,,,,,,,,,
,,,,Offskid,SHL-C,,,see #1,,,,,02/29/24,,see #1,,,,,,,,,,,,,,,YES,,,,,,,,,,,,,,,,,,,,,,,,,,,,,,,,,,,,,,,
,,,,Offskid,FLOAT,,,01/04/24,,,,,03/01/24,,03/12/24,,,,,,,,,,,,,,,NO,,,,,,,,,,,,,,,,,,,,,,,,,,,,,,,,,,,,,,,
,,,,Onskid,PITTEN,,,01/04/24,,,,,03/01/24,,03/14/24,,,,,,,,,,,,,,,YES,,,,,,,,,,,,,,,,,,,,,,,,,,,,,,,,,,,,,,,
,,,,Offskid,SHL-SF6,,,01/04/24,,,,,03/01/24,,03/21/24,,,,,,,,,,,,,,,YES,,,,,,,,,,,,,,,,,,,,,,,,,,,,,,,,,,,,,,,
,,,,NTB,SHL-C,,,see #1,,,,,03/04/24,,see #1,,,,,,,,,,,,,,,YES,,,,,,,,,,,,,,,,,,,,,,,,,,,,,,,,,,,,,,,
,,,,Onskid,KM-KC,,,01/05/24,,,,,03/04/24,,03/14/24,,,,,,,,,,,,,,,YES,,,,,,,,,,,,,,,,,,,,,,,,,,,,,,,,,,,,,,,
,,,,Onskid,KM-KC,,,see #1,,,,,03/04/24,,see #1,,,,,,,,,,,,,,,YES,,,,,,,,,,,,,,,,,,,,,,,,,,,,,,,,,,,,,,,
,,,,Onskid,EOG-C3,,,01/08/24,,,,,03/05/24,,03/21/24,,,,,,,,,,,,,,,YES,,,,,,,,,,,,,,,,,,,,,,,,,,,,,,,,,,,,,,,
,,,,Onskid,KM-KC CB,,,01/08/24,,,,,03/05/24,,03/14/24,,,,,,,#VALUE!,,,,,,,,YES,,,,,,,,,,,,,,,,,,,,,,,,,,,,,,,,,,,,,,,
,,,,Onskid,SOCAL-M SHIP AHEAD,,,01/08/24,,,,,03/05/24,,03/19/24,,,,,,,#VALUE!,,,,,,,,YES,,,,,,,,,,,,,,,,,,,,,,,,,,,,,,,,,,,,,,,
,,,,Onskid,SOCAL-M SHIP AHEAD,,,see #1,,,,,03/06/24,,see #1,,,,,,,#VALUE!,,,,,,,,YES,,,,,,,,,,,,,,,,,,,,,,,,,,,,,,,,,,,,,,,
,,,,New,WILLIAMS TRANSCO-A,,,01/09/24,,,,,03/06/24,,03/21/24,,,,,,,#VALUE!,,,,,,,,YES,,,,,,,,,,,,,,,,,,,,,,,,,,,,,,,,,,,,,,,
,,,,New,WILLIAMS TRANSCO-B,,,01/09/24,,,,,03/06/24,,03/22/24,,,,,,,#VALUE!,,,,,,,,YES,,,,,,,,,,,,,,,,,,,,,,,,,,,,,,,,,,,,,,,
,,,,New,WILLIAMS TRANSCO-C,,,01/10/24,,,,,03/07/24,,03/27/24,,,,,,,#VALUE!,,,,,,,,YES,,,,,,,,,,,,,,,,,,,,,,,,,,,,,,,,,,,,,,,
,,,,Onskid,FOSS,,,01/10/24,,,,,03/07/24,,03/25/24,,,,,,,#VALUE!,,,,,,,,YES,,,,,,,,,,,,,,,,,,,,,,,,,,,,,,,,,,,,,,,
,,,,Onskid,PITTN2,,,01/10/24,,,,,03/07/24,,03/25/24,,,,,,,,,,,,,,,YES,,,,,,,,,,,,,,,,,,,,,,,,,,,,,,,,,,,,,,,
,,,,Onskid,KENT STATE UNIV,,,01/11/24,,,,,03/08/24,,03/25/24,,,,,,,#VALUE!,,,,,,,,YES,,,,,,,,,,,,,,,,,,,,,,,,,,,,,,,,,,,,,,,
,,,,Onskid,TC ENERGY,,,01/11/24,,,,,03/08/24,,03/19/24,,,,,,,#VALUE!,,,,,,,,YES,,,,,,,,,,,,,,,,,,,,,,,,,,,,,,,,,,,,,,,
,,,,Onskid,EPROD CARTHAGE,,,01/11/24,,,,,03/08/24,,03/26/24,,,,,,,#VALUE!,,,,,,,,YES,,,,,,,,,,,,,,,,,,,,,,,,,,,,,,,,,,,,,,,
,,,,Onskid,PENDING-N,,,01/12/24,,,,,03/11/24,,03/20/24,,,,,,,,,,,,,,,YES,,,,,,,,,,,,,,,,,,,,,,,,,,,,,,,,,,,,,,,
,,,,Onskid,PENDING-N,,,see #1,,,,,03/11/24,,see #1,,,,,,,,,,,,,,,YES,,,,,,,,,,,,,,,,,,,,,,,,,,,,,,,,,,,,,,,
,,,,,,,,01/12/24,,,,,03/11/24,,03/20/24,,,,,,,,,,,,,,,NO,,,,,,,,,,,,,,,,,,,,,,,,,,,,,,,,,,,,,,,
,,,,Offskid,SHL-C,,,see #1,,,,,03/12/24,,see #1,,,,,,,,,,,,,,,YES,,,,,,,,,,,,,,,,,,,,,,,,,,,,,,,,,,,,,,,
,,,,Offskid,FLOAT,,,01/16/24,,,,,03/12/24,,03/21/24,,,,,,,,,,,,,,,NO,,,,,,,,,,,,,,,,,,,,,,,,,,,,,,,,,,,,,,,
,,,,,,,,01/16/24,,,,,03/12/24,,03/21/24,,,,,,,,,,,,,,,NO,,,,,,,,,,,,,,,,,,,,,,,,,,,,,,,,,,,,,,,
,,,,,,,,01/17/24,,,,,03/13/24,,03/22/24,,,,,,,,,,,,,,,NO,,,,,,,,,,,,,,,,,,,,,,,,,,,,,,,,,,,,,,,
,,,,,,,,01/18/24,,,,,03/14/24,,03/25/24,,,,,,,,,,,,,,,NO,,,,,,,,,,,,,,,,,,,,,,,,,,,,,,,,,,,,,,,
,,,,,,,,01/18/24,,,,,03/14/24,,03/25/24,,,,,,,,,,,,,,,NO,,,,,,,,,,,,,,,,,,,,,,,,,,,,,,,,,,,,,,,
,,,,,,,,01/19/24,,,,,03/15/24,,03/26/24,,,,,,,,,,,,,,,NO,,,,,,,,,,,,,,,,,,,,,,,,,,,,,,,,,,,,,,,
,,,,Onskid,AMP-3,,,01/19/24,,,,,03/15/24,,04/03/24,,,,,,,,,,,,,,,YES,,,,,,,,,,,,,,,,,,,,,,,,,,,,,,,,,,,,,,,
,,,,Onskid,KSPC-BT,,,see #1,,,,,03/15/24,,see #1,,,,,,,,,,,,,,,YES,,,,,,,,,,,,,,,,,,,,,,,,,,,,,,,,,,,,,,,
,,,,,,,,01/22/24,,,,,03/18/24,,03/27/24,,,,,,,,,,,,,,,YES,,,,,,,,,,,,,,,,,,,,,,,,,,,,,,,,,,,,,,,
,,,,Onskid,S60-36,,,01/22/24,,,,,03/18/24,,04/04/24,,,,,,,,,,,,,,,YES,,,,,,,,,,,,,,,,,,,,,,,,,,,,,,,,,,,,,,,
,,,,,,,,01/22/24,,,,,03/18/24,,03/27/24,,,,,,,,,,,,,,,NO,,,,,,,,,,,,,,,,,,,,,,,,,,,,,,,,,,,,,,,
,,,,Onskid,AG-GAM,,,01/23/24,,,,,03/19/24,,04/01/24,,,,,,,,,,,,,,,YES,,,,,,,,,,,,,,,,,,,,,,,,,,,,,,,,,,,,,,,
,,,,Onskid,PENDING-N,,,01/23/24,,,,,03/19/24,,03/28/24,,,,,,,,,,,,,,,YES,,,,,,,,,,,,,,,,,,,,,,,,,,,,,,,,,,,,,,,
,,,,Onskid,LINY-HP,,,see #1,,,,,03/19/24,,see #1,,,,,,,,,,,,,,,YES,,,,,,,,,,,,,,,,,,,,,,,,,,,,,,,,,,,,,,,
,,,,,,,,01/24/24,,,,,03/20/24,,03/29/24,,,,,,,,,,,,,,,NO,,,,,,,,,,,,,,,,,,,,,,,,,,,,,,,,,,,,,,,
,,,,,,,,01/24/24,,,,,03/20/24,,03/29/24,,,,,,,,,,,,,,,NO,,,,,,,,,,,,,,,,,,,,,,,,,,,,,,,,,,,,,,,
,,,,,,,,01/24/24,,,,,03/20/24,,03/29/24,,,,,,,,,,,,,,,NO,,,,,,,,,,,,,,,,,,,,,,,,,,,,,,,,,,,,,,,
,,,,,,,,01/25/24,,,,,03/21/24,,04/01/24,,,,,,,,,,,,,,,NO,,,,,,,,,,,,,,,,,,,,,,,,,,,,,,,,,,,,,,,
,,,,,,,,01/25/24,,,,,03/21/24,,04/01/24,,,,,,,,,,,,,,,NO,,,,,,,,,,,,,,,,,,,,,,,,,,,,,,,,,,,,,,,
,,,,,,,,01/25/24,,,,,03/21/24,,04/03/24,,,,,,,,,,,,,,,NO,,,,,,,,,,,,,,,,,,,,,,,,,,,,,,,,,,,,,,,
,,,,Onskid,PENDING-N,,,see #1,,,,,03/22/24,,see #1,,,,,,,,,,,,,,,YES,,,,,,,,,,,,,,,,,,,,,,,,,,,,,,,,,,,,,,,
,,,,Onskid,PENDING-N,,,see #1,,,,,03/22/24,,see #1,,,,,,,,,,,,,,,YES,,,,,,,,,,,,,,,,,,,,,,,,,,,,,,,,,,,,,,,
,,,,Onskid,PENDING-N,,,01/26/24,,,,,03/22/24,,04/02/24,,,,,,,,,,,,,,,YES,,,,,,,,,,,,,,,,,,,,,,,,,,,,,,,,,,,,,,,
,,,,Onskid,KM-111,,,01/29/24,,,,,03/25/24,,04/09/24,,,,,,,,,,,,,,,YES,,,,,,,,,,,,,,,,,,,,,,,,,,,,,,,,,,,,,,,
,,,,New,LEE CNL SOWIP,,,01/29/24,,,,,03/25/24,,04/10/24,,,,,,,#VALUE!,,,,,,,,YES,,,,,,,,,,,,,,,,,,,,,,,,,,,,,,,,,,,,,,,
,,,,New,LEE CNL SOWIP,,,see #1,,,,,03/25/24,,see #1,,,,,,,#VALUE!,,,,,,,,YES,,,,,,,,,,,,,,,,,,,,,,,,,,,,,,,,,,,,,,,
,,,,Onskid,EPROD BETHEL,,,01/30/24,,,,,03/26/24,,04/03/24,,,,,,,#VALUE!,,,,,,,,YES,,,,,,,,,,,,,,,,,,,,,,,,,,,,,,,,,,,,,,,
,,,,,,,,01/30/24,,,,,03/26/24,,04/04/24,,,,,,,,,,,,,,,YES,,,,,,,,,,,,,,,,,,,,,,,,,,,,,,,,,,,,,,,
,,,,Onskid,SHL-S SHP AHEAD,,,01/30/24,,,,,03/26/24,,03/27/24,,,,,,,#VALUE!,,,,,,,,YES,,,,,,,,,,,,,,,,,,,,,,,,,,,,,,,,,,,,,,,
,,,,,,,,01/31/24,,,,,03/27/24,,04/04/24,,,,,,,,,,,,,,,NO,,,,,,,,,,,,,,,,,,,,,,,,,,,,,,,,,,,,,,,
,,,,Onskid,SHL-S SHP AHEAD,,,see #1,,,,,03/27/24,,see #1,,,,,,,#VALUE!,,,,,,,,YES,,,,,,,,,,,,,,,,,,,,,,,,,,,,,,,,,,,,,,,
,,,,Onskid,S60-35,,,01/31/24,,,,,03/27/24,,04/05/24,,,,,,,,,,04/21/26,,,,,YES,,,,,,,,,,,,,,,,,,,,,,,,,,,,,,,,,,,,,,,
,,,,,,,,02/01/24,,,,,03/28/24,,04/08/24,,,,,,,,,,,,,,,NO,,,,,,,,,,,,,,,,,,,,,,,,,,,,,,,,,,,,,,,
,,,,,,,,02/01/24,,,,,03/28/24,,04/08/24,,,,,,,,,,,,,,,NO,,,,,,,,,,,,,,,,,,,,,,,,,,,,,,,,,,,,,,,
,,,,,,,,02/01/24,,,,,03/28/24,,04/08/24,,,,,,,,,,,,,,,NO,,,,,,,,,,,,,,,,,,,,,,,,,,,,,,,,,,,,,,,
,,,,Onskid,S60-37,,,02/02/24,,,,,03/29/24,,04/10/24,,,,,,,,,,04/22/26,,,,,YES,,,,,,,,,,,,,,,,,,,,,,,,,,,,,,,,,,,,,,,
,,,,Offskid,PEMEX ABKATUN,,,02/02/24,,,,,03/29/24,,04/15/24,,,,,,,#VALUE!,,,,,,,,YES,,,,,,,,,,,,,,,,,,,,,,,,,,,,,,,,,,,,,,,
,,,,Offskid,FLOAT,,,02/02/24,,,,,03/29/24,,04/09/24,,,,,,,,,,,,,,,NO,,,,,,,,,,,,,,,,,,,,,,,,,,,,,,,,,,,,,,,
,,,,,,,,02/05/24,,,,,04/01/24,,04/10/24,,,,,,,,,,,,,,,NO,,,,,,,,,,,,,,,,,,,,,,,,,,,,,,,,,,,,,,,
,,,,,,,,02/05/24,,,,,04/01/24,,04/10/24,,,,,,,,,,,,,,,NO,,,,,,,,,,,,,,,,,,,,,,,,,,,,,,,,,,,,,,,
,,,,,,,,02/05/24,,,,,04/01/24,,04/10/24,,,,,,,,,,,,,,,YES,,,,,,,,,,,,,,,,,,,,,,,,,,,,,,,,,,,,,,,
,,,,Offskid,PEMEX ABKATUN,,,see #1,,,,,04/02/24,,see #1,,,,,,,#VALUE!,,,,,,,,YES,,,,,,,,,,,,,,,,,,,,,,,,,,,,,,,,,,,,,,,
,,,,Offskid,FLOAT,,,02/06/24,,,,,04/02/24,,04/11/24,,,,,,,,,,,,,,,NO,,,,,,,,,,,,,,,,,,,,,,,,,,,,,,,,,,,,,,,
,,,,,,,,02/06/24,,,,,04/02/24,,04/11/24,,,,,,,,,,,,,,,YES,,,,,,,,,,,,,,,,,,,,,,,,,,,,,,,,,,,,,,,
,,,,,,,,02/07/24,,,,,04/03/24,,04/12/24,,,,,,,,,,,,,,,YES,,,,,,,,,,,,,,,,,,,,,,,,,,,,,,,,,,,,,,,
,,,,Onskid,NNG-NB,,,02/07/24,,,,,04/03/24,,04/10/24,,,,,,,,,,,,,,,YES,,,,,,,,,,,,,,,,,,,,,,,,,,,,,,,,,,,,,,,
,,,,,,,,02/07/24,,,,,04/03/24,,04/12/24,,,,,,,,,,,,,,,YES,,,,,,,,,,,,,,,,,,,,,,,,,,,,,,,,,,,,,,,
,,,,Offskid,PEMEX ABKATUN STAT,,,02/08/24,,,,,04/04/24,,04/09/24,,,,,,,#VALUE!,,,,,,,,YES,,,,,,,,,,,,,,,,,,,,,,,,,,,,,,,,,,,,,,,
,,,,Offskid,FLOAT,,,02/08/24,,,,,04/04/24,,04/15/24,,,,,,,,,,,,,,,NO,,,,,,,,,,,,,,,,,,,,,,,,,,,,,,,,,,,,,,,
,,,,,,,,02/08/24,,,,,04/04/24,,04/15/24,,,,,,,,,,,,,,,YES,,,,,,,,,,,,,,,,,,,,,,,,,,,,,,,,,,,,,,,
,,,,Onskid,SHL-S SHP AHEAD,,,see #1,,,,,04/05/24,,see #1,,,,,,,#VALUE!,,,,,,,,YES,,,,,,,,,,,,,,,,,,,,,,,,,,,,,,,,,,,,,,,
,,,,Onskid,SHL-S SHP AHEAD,,,see #1,,,,,04/05/24,,see #1,,,,,,,#VALUE!,,,,,,,,YES,,,,,,,,,,,,,,,,,,,,,,,,,,,,,,,,,,,,,,,
,,,,,,,,02/09/24,,,,,04/05/24,,04/16/24,,,,,,,,,,,,,,,YES,,,,,,,,,,,,,,,,,,,,,,,,,,,,,,,,,,,,,,,
,,,,New,WILLIAMS TRANSCO S,,,02/12/24,,,,,04/08/24,,04/10/24,,,,,,,#VALUE!,,,,,,,,YES,,,,,,,,,,,,,,,,,,,,,,,,,,,,,,,,,,,,,,,
,,,,New,WILLIAMS TRANSCO S,,,see #1,,,,,04/08/24,,see #1,,,,,,,#VALUE!,,,,,,,,YES,,,,,,,,,,,,,,,,,,,,,,,,,,,,,,,,,,,,,,,
,,,,,,,,02/12/24,,,,,04/08/24,,04/17/24,,,,,,,,,,,,,,,NO,,,,,,,,,,,,,,,,,,,,,,,,,,,,,,,,,,,,,,,
,,,,NTB,CEO-PY,,,02/13/24,,,,,04/09/24,,04/10/24,,,,,,,,,,,,,,,YES,,,,,,,,,,,,,,,,,,,,,,,,,,,,,,,,,,,,,,,
,,,,New,ENI DEVILS TOWER-B,,,02/13/24,,,,,04/09/24,,04/16/24,,,,,,,#VALUE!,,,,,,,,YES,,,,,,,,,,,,,,,,,,,,,,,,,,,,,,,,,,,,,,,
,,,,New,ENI DEVILS TOWER-C,,,02/13/24,,,,,04/09/24,,04/16/24,,,,,,,#VALUE!,,,,,,,,YES,,,,,,,,,,,,,,,,,,,,,,,,,,,,,,,,,,,,,,,
,,,,NTB,ENI-S,,,02/14/24,,,,,04/10/24,,04/17/24,,,,,,,,,,,,,,,YES,,,,,,,,,,,,,,,,,,,,,,,,,,,,,,,,,,,,,,,
,,,,Offskid,PENDING-A,,,02/14/24,,,,,04/10/24,,04/19/24,,,,,,,#VALUE!,,,,,,,,YES,,,,,,,,,,,,,,,,,,,,,,,,,,,,,,,,,,,,,,,
,,,,New,ENI DEVILS TOWER-A,,,02/14/24,,,,,04/10/24,,04/19/24,,,,,,,#VALUE!,,,,,,,,YES,,,,,,,,,,,,,,,,,,,,,,,,,,,,,,,,,,,,,,,
,,,,New,ENI DEVILS TOWER-A,,,see #1,,,,,04/11/24,,see #1,,,,,,,#VALUE!,,,,,,,,YES,,,,,,,,,,,,,,,,,,,,,,,,,,,,,,,,,,,,,,,
,,,,NTB,ENI-S,,,see #1,,,,,04/11/24,,see #1,,,,,,,,,,,,,,,YES,,,,,,,,,,,,,,,,,,,,,,,,,,,,,,,,,,,,,,,
,,,,New,OXY-HM SHIP AHEAD,,,02/15/24,,,,,04/11/24,,04/18/24,,,,,,,#VALUE!,,,,,,,,YES,,,,,,,,,,,,,,,,,,,,,,,,,,,,,,,,,,,,,,,
,,,,,,,,02/16/24,,,,,04/12/24,,04/23/24,,,,,,,,,,,,,,,NO,,,,,,,,,,,,,,,,,,,,,,,,,,,,,,,,,,,,,,,
,,,,New,SCG-R,,,02/16/24,,,,,04/12/24,,04/25/24,,,,,,,,,,,,,,,YES,,,,,,,,,,,,,,,,,,,,,,,,,,,,,,,,,,,,,,,
,,,,Offskid,CEO-PY,,,02/16/24,,,,,04/12/24,,04/18/24,,,,,,,,,,,,,,,YES,,,,,,,,,,,,,,,,,,,,,,,,,,,,,,,,,,,,,,,
,,,,New,SCG-R,,,see #1,,,,,04/15/24,,see #1,,,,,,,,,,,,,,,YES,,,,,,,,,,,,,,,,,,,,,,,,,,,,,,,,,,,,,,,
,,,,NTB,CEO-PY,,,see #1,,,,,04/15/24,,see #1,,,,,,,,,,,,,,,YES,,,,,,,,,,,,,,,,,,,,,,,,,,,,,,,,,,,,,,,
,,,,NTB,CEO-PY,,,see #1,,,,,04/15/24,,see #1,,,,,,,,,,,,,,,YES,,,,,,,,,,,,,,,,,,,,,,,,,,,,,,,,,,,,,,,
,,,,Onskid,KM-169,,,02/20/24,,,,,04/16/24,,04/22/24,,,,,,,,,,,,,,,YES,,,,,,,,,,,,,,,,,,,,,,,,,,,,,,,,,,,,,,,
,,,,Onskid,S60-38,,,02/20/24,,,,,04/16/24,,04/25/24,,,,,,,,,,,,,,,YES,,,,,,,,,,,,,,,,,,,,,,,,,,,,,,,,,,,,,,,
,,,,Offskid,ENI-S,,,02/20/24,,,,,04/16/24,,04/29/24,,,,,,,,,,,,,,,YES,,,,,,,,,,,,,,,,,,,,,,,,,,,,,,,,,,,,,,,
,,,,Offskid,FLOAT,,,02/21/24,,,,,04/17/24,,04/26/24,,,,,,,,,,,,,,,NO,,,,,,,,,,,,,,,,,,,,,,,,,,,,,,,,,,,,,,,
,,,,Offskid,ENI-S,,,see #1,,,,,04/17/24,,see #1,,,,,,,,,,,,,,,YES,,,,,,,,,,,,,,,,,,,,,,,,,,,,,,,,,,,,,,,
,,,,Offskid,FLOAT,,,02/21/24,,,,,04/17/24,,04/26/24,,,,,,,,,,,,,,,NO,,,,,,,,,,,,,,,,,,,,,,,,,,,,,,,,,,,,,,,
,,,,Onskid,PENDING-N,,,see #1,,,,,04/18/24,,see #1,,,,,,,#VALUE!,,,,,,,,YES,,,,,,,,,,,,,,,,,,,,,,,,,,,,,,,,,,,,,,,
,,,,,,,,02/22/24,,,,,04/18/24,,04/29/24,,,,,,,,,,,,,,,NO,,,,,,,,,,,,,,,,,,,,,,,,,,,,,,,,,,,,,,,
,,,,Onskid,EOG-C3,,,see #1,,,,,04/18/24,,see #1,,,,,,,,,,,,,,,YES,,,,,,,,,,,,,,,,,,,,,,,,,,,,,,,,,,,,,,,
,,,,Onskid,WIL1055,,,02/23/24,,,,,04/19/24,,04/30/24,,,,,,,,,,,,,,,YES,,,,,,,,,,,,,,,,,,,,,,,,,,,,,,,,,,,,,,,
,,,,,,,,02/23/24,,,,,04/19/24,,04/30/24,,,,,,,,,,,,,,,NO,,,,,,,,,,,,,,,,,,,,,,,,,,,,,,,,,,,,,,,
,,,,Onskid,PGMSK18,,,02/23/24,,,,,04/19/24,,05/01/24,,,,,,,,,,,,,,,YES,,,,,,,,,,,,,,,,,,,,,,,,,,,,,,,,,,,,,,,
,,,,,,,,02/26/24,,,,,04/22/24,,05/01/24,,,,,,,,,,,,,,,NO,,,,,,,,,,,,,,,,,,,,,,,,,,,,,,,,,,,,,,,
,,,,,,,,02/26/24,,,,,04/22/24,,05/01/24,,,,,,,,,,,,,,,NO,,,,,,,,,,,,,,,,,,,,,,,,,,,,,,,,,,,,,,,
,,,,,,,,02/26/24,,,,,04/22/24,,05/01/24,,,,,,,,,,,,,,,NO,,,,,,,,,,,,,,,,,,,,,,,,,,,,,,,,,,,,,,,
,,,,Onskid,SHL-S,,,02/27/24,,,,,04/23/24,,05/02/24,,,,,,,,,,,,,,,YES,,,,,,,,,,,,,,,,,,,,,,,,,,,,,,,,,,,,,,,
,,,,,,,,02/27/24,,,,,04/23/24,,05/02/24,,,,,,,,,,,,,,,NO,,,,,,,,,,,,,,,,,,,,,,,,,,,,,,,,,,,,,,,
,,,,,,,,02/27/24,,,,,04/23/24,,05/02/24,,,,,,,,,,,,,,,NO,,,,,,,,,,,,,,,,,,,,,,,,,,,,,,,,,,,,,,,
,,,,,,,,02/28/24,,,,,04/24/24,,05/03/24,,,,,,,,,,,,,,,NO,,,,,,,,,,,,,,,,,,,,,,,,,,,,,,,,,,,,,,,
,,,,,,,,02/28/24,,,,,04/24/24,,05/03/24,,,,,,,,,,,,,,,NO,,,,,,,,,,,,,,,,,,,,,,,,,,,,,,,,,,,,,,,
,,,,,,,,02/28/24,,,,,04/24/24,,05/03/24,,,,,,,,,,,,,,,NO,,,,,,,,,,,,,,,,,,,,,,,,,,,,,,,,,,,,,,,
,,,,Onskid,GALVA1,,,02/29/24,,,,,04/25/24,,05/03/24,,,,,,,,,,,,,,,YES,,,,,,,,,,,,,,,,,,,,,,,,,,,,,,,,,,,,,,,
,,,,New,PTTEP ENERGY,,,02/29/24,,,,,04/25/24,,05/07/24,,,,,,,#VALUE!,,,,,,,,YES,,,,,,,,,,,,,,,,,,,,,,,,,,,,,,,,,,,,,,,
,,,,,,,,02/29/24,,,,,04/25/24,,05/06/24,,,,,,,,,,,,,,,NO,,,,,,,,,,,,,,,,,,,,,,,,,,,,,,,,,,,,,,,
,,,,Offskid,CEO-PY,,,see #1,,,,,04/26/24,,see #1,,,,,,,,,,,,,,,YES,,,,,,,,,,,,,,,,,,,,,,,,,,,,,,,,,,,,,,,
,,,,,,,,03/01/24,,,,,04/26/24,,05/07/24,,,,,,,,,,,,,,,NO,,,,,,,,,,,,,,,,,,,,,,,,,,,,,,,,,,,,,,,
,,,,,,,,03/01/24,,,,,04/26/24,,05/07/24,,,,,,,,,,,,,,,NO,,,,,,,,,,,,,,,,,,,,,,,,,,,,,,,,,,,,,,,
,,,,Offskid,KEYERA WAPITI,,,03/04/24,,,,,04/29/24,,05/13/24,,,,,,,#VALUE!,,,,,,,,YES,,,,,,,,,,,,,,,,,,,,,,,,,,,,,,,,,,,,,,,
,,,,,,,,03/04/24,,,,,04/29/24,,05/07/24,,,,,,,,,,,,,,,NO,,,,,,,,,,,,,,,,,,,,,,,,,,,,,,,,,,,,,,,
,,,,,,,,03/04/24,,,,,04/29/24,,05/08/24,,,,,,,,,,,,,,,NO,,,,,,,,,,,,,,,,,,,,,,,,,,,,,,,,,,,,,,,
,,,,,,,,03/05/24,,,,,04/30/24,,05/09/24,,,,,,,,,,,,,,,NO,,,,,,,,,,,,,,,,,,,,,,,,,,,,,,,,,,,,,,,
,,,,Onskid,S60-39,,,03/05/24,,,,,04/30/24,,05/09/24,,,,,,,,,,05/06/26,,,,,YES,,,,,,,,,,,,,,,,,,,,,,,,,,,,,,,,,,,,,,,
,,,,New,CP KELCO,,,03/05/24,,,,,04/30/24,,05/07/24,,,,,,,#VALUE!,,,,,,,,YES,,,,,,,,,,,,,,,,,,,,,,,,,,,,,,,,,,,,,,,
,,,,,,,,03/06/24,,,,,05/01/24,,05/10/24,,,,,,,,,,,,,,,NO,,,,,,,,,,,,,,,,,,,,,,,,,,,,,,,,,,,,,,,
,,,,New,WWM-B1SC,,,03/06/24,,,,,05/01/24,,05/13/24,,,,,,,#VALUE!,,,,,,,,YES,,,,,,,,,,,,,,,,,,,,,,,,,,,,,,,,,,,,,,,
,,,,Onskid,SHL-S,,,see #1,,,,,05/01/24,,see #1,,,,,,,,,,,,,,,YES,,,,,,,,,,,,,,,,,,,,,,,,,,,,,,,,,,,,,,,
,,,,Offskid,SHL-C PMS,,,03/07/24,,,,,05/02/24,,05/15/24,,,,,,,#VALUE!,,,,,,,,YES,,,,,,,,,,,,,,,,,,,,,,,,,,,,,,,,,,,,,,,
,,,,,,,,03/07/24,,,,,05/02/24,,05/13/24,,,,,,,,,,,,,,,YES,,,,,,,,,,,,,,,,,,,,,,,,,,,,,,,,,,,,,,,
,,,,,,,,03/07/24,,,,,05/02/24,,05/13/24,,,,,,,,,,,,,,,NO,,,,,,,,,,,,,,,,,,,,,,,,,,,,,,,,,,,,,,,
,,,,,,,,03/08/24,,,,,05/03/24,,05/14/24,,,,,,,,,,,,,,,NO,,,,,,,,,,,,,,,,,,,,,,,,,,,,,,,,,,,,,,,
,,,,Offskid,WWM-L STATION,,,03/08/24,,,,,05/03/24,,05/15/24,,,,,,,#VALUE!,,,,,,,,YES,,,,,,,,,,,,,,,,,,,,,,,,,,,,,,,,,,,,,,,
,,,,Onskid,FGT-MC,,,03/08/24,,,,,05/03/24,,05/10/24,,,,,,,,,,,,,,,YES,,,,,,,,,,,,,,,,,,,,,,,,,,,,,,,,,,,,,,,
,,,,New,ARC RESOURCES,,,03/11/24,,,,,05/06/24,,05/23/24,,,,,,,#VALUE!,,,,,,,,YES,,,,,,,,,,,,,,,,,,,,,,,,,,,,,,,,,,,,,,,
,,,,Onskid,APA-ECE SHIP AHEAD,,,03/11/24,,,,,05/06/24,,05/10/24,,,,,,,#VALUE!,,,,,,,,YES,,,,,,,,,,,,,,,,,,,,,,,,,,,,,,,,,,,,,,,
,,,,New,NR-BUDA,,,03/11/24,,,,,05/06/24,,05/13/24,,,,,,,,,,,,,,,YES,,,,,,,,,,,,,,,,,,,,,,,,,,,,,,,,,,,,,,,
,,,,Onskid,SHL-S,,,see #1,,,,,05/07/24,,see #1,,,,,,,,,,,,,,,YES,,,,,,,,,,,,,,,,,,,,,,,,,,,,,,,,,,,,,,,
,,,,Offskid,PEMEX APKMZ,,,03/12/24,,,,,05/07/24,,05/15/24,,,,,,,#VALUE!,,,,,,,,YES,,,,,,,,,,,,,,,,,,,,,,,,,,,,,,,,,,,,,,,
,,,,,,,,03/12/24,,,,,05/07/24,,05/16/24,,,,,,,,,,,,,,,NO,,,,,,,,,,,,,,,,,,,,,,,,,,,,,,,,,,,,,,,
,,,,Onskid,SHL-S,,,see #1,,,,,05/08/24,,see #1,,,,,,,,,,,,,,,YES,,,,,,,,,,,,,,,,,,,,,,,,,,,,,,,,,,,,,,,
,,,,,,,,03/13/24,,,,,05/08/24,,05/17/24,,,,,,,,,,,,,,,NO,,,,,,,,,,,,,,,,,,,,,,,,,,,,,,,,,,,,,,,
,,,,,,,,03/13/24,,,,,05/08/24,,05/17/24,,,,,,,,,,,,,,,NO,,,,,,,,,,,,,,,,,,,,,,,,,,,,,,,,,,,,,,,
,,,,,,,,03/14/24,,,,,05/09/24,,05/20/24,,,,,,,,,,,,,,,NO,,,,,,,,,,,,,,,,,,,,,,,,,,,,,,,,,,,,,,,
,,,,,,,,03/14/24,,,,,05/09/24,,05/20/24,,,,,,,,,,,,,,,NO,,,,,,,,,,,,,,,,,,,,,,,,,,,,,,,,,,,,,,,
,,,,,,,,03/14/24,,,,,05/09/24,,05/20/24,,,,,,,,,,,,,,,NO,,,,,,,,,,,,,,,,,,,,,,,,,,,,,,,,,,,,,,,
,,,,,,,,03/15/24,,,,,05/10/24,,05/21/24,,,,,,,,,,,,,,,NO,,,,,,,,,,,,,,,,,,,,,,,,,,,,,,,,,,,,,,,
,,,,Onskid,S60-40,,,03/15/24,,,,,05/10/24,,05/20/24,,,,,,,,,,,,,,,YES,,,,,,,,,,,,,,,,,,,,,,,,,,,,,,,,,,,,,,,
,,,,NTB,UZB-MD,,,03/15/24,,,,,05/10/24,,05/21/24,,,,,,,,,,,,,,,YES,,,,,,,,,,,,,,,,,,,,,,,,,,,,,,,,,,,,,,,
,,,,Offskid,PCSB SKA B11,,,03/18/24,,,,,05/13/24,,05/23/24,,,,,,,#VALUE!,,,,,,,,YES,,,,,,,,,,,,,,,,,,,,,,,,,,,,,,,,,,,,,,,
,,,,Offskid,PCSB SKA B11,,,see #1,,,,,05/13/24,,see #1,,,,,,,#VALUE!,,,,,,,,YES,,,,,,,,,,,,,,,,,,,,,,,,,,,,,,,,,,,,,,,
,,,,,,,,03/18/24,,,,,05/13/24,,05/22/24,,,,,,,,,,,,,,,NO,,,,,,,,,,,,,,,,,,,,,,,,,,,,,,,,,,,,,,,
,,,,Onskid,WILSOS1,,,03/19/24,,,,,05/14/24,,05/17/24,,,,,,,,,,,,,,,YES,,,,,,,,,,,,,,,,,,,,,,,,,,,,,,,,,,,,,,,
,,,,Onskid,FGT-T,,,03/19/24,,,,,05/14/24,,05/21/24,,,,,,,,,,,,,,,YES,,,,,,,,,,,,,,,,,,,,,,,,,,,,,,,,,,,,,,,
,,,,Offskid,CEO-PY,,,see #1,,,,,05/14/24,,see #1,,,,,,,,,,,,,,,YES,,,,,,,,,,,,,,,,,,,,,,,,,,,,,,,,,,,,,,,
,,,,,,,,03/20/24,,,,,05/15/24,,05/24/24,,,,,,,,,,,,,,,NO,,,,,,,,,,,,,,,,,,,,,,,,,,,,,,,,,,,,,,,
,,,,Offskid,CP KELCO,,,03/20/24,,,,,05/15/24,,05/24/24,,,,,,,#VALUE!,,,,,,,,YES,,,,,,,,,,,,,,,,,,,,,,,,,,,,,,,,,,,,,,,
,,,,Onskid,TC-SJM,,,03/20/24,,,,,05/15/24,,05/22/24,,,,,,,,,,,,,,,YES,,,,,,,,,,,,,,,,,,,,,,,,,,,,,,,,,,,,,,,
,,,,Onskid,PROP-21,,,03/21/24,,,,,05/16/24,,05/29/24,,,,,,,,,,,,,,,YES,,,,,,,,,,,,,,,,,,,,,,,,,,,,,,,,,,,,,,,
,,,,,,,,03/21/24,,,,,05/16/24,,05/28/24,,,,,,,,,,,,,,,NO,,,,,,,,,,,,,,,,,,,,,,,,,,,,,,,,,,,,,,,
,,,,,,,,03/21/24,,,,,05/16/24,,05/28/24,,,,,,,,,,,,,,,NO,,,,,,,,,,,,,,,,,,,,,,,,,,,,,,,,,,,,,,,
,,,,Offskid,CHOC-B,,,see #1,,,,,05/17/24,,see #1,,,,,,,#VALUE!,,,,,,,,YES,,,,,,,,,,,,,,,,,,,,,,,,,,,,,,,,,,,,,,,
,,,,Offskid,UZB-MD,,,03/22/24,,,,,05/17/24,,05/28/24,,,,,,,,,,,,,,,YES,,,,,,,,,,,,,,,,,,,,,,,,,,,,,,,,,,,,,,,
,,,,,,,,03/22/24,,,,,05/17/24,,05/29/24,,,,,,,,,,,,,,,NO,,,,,,,,,,,,,,,,,,,,,,,,,,,,,,,,,,,,,,,
,,,,,,,,03/25/24,,,,,05/20/24,,05/30/24,,,,,,,,,,,,,,,NO,,,,,,,,,,,,,,,,,,,,,,,,,,,,,,,,,,,,,,,
,,,,Onskid,COP-WD,,,03/25/24,,,,,05/20/24,,05/30/24,,,,,,,,,,,,,,,YES,,,,,,,,,,,,,,,,,,,,,,,,,,,,,,,,,,,,,,,
,,,,Onskid,PROP-20,,,03/25/24,,,,,05/20/24,,05/30/24,,,,,,,,,,,,,,,YES,,,,,,,,,,,,,,,,,,,,,,,,,,,,,,,,,,,,,,,
,,,,,,,,03/26/24,,,,,05/21/24,,05/31/24,,,,,,,,,,,,,,,NO,,,,,,,,,,,,,,,,,,,,,,,,,,,,,,,,,,,,,,,
,,,,Onskid,PGMSK11,,,03/26/24,,,,,05/21/24,,05/31/24,,,,,,,,,,,,,,,YES,,,,,,,,,,,,,,,,,,,,,,,,,,,,,,,,,,,,,,,
,,,,,,,,03/26/24,,,,,05/21/24,,05/31/24,,,,,,,,,,,,,,,NO,,,,,,,,,,,,,,,,,,,,,,,,,,,,,,,,,,,,,,,
,,,,Onskid,PEM-J,,,03/27/24,,,,,05/22/24,,05/30/24,,,,,,,,,,,,,,,YES,,,,,,,,,,,,,,,,,,,,,,,,,,,,,,,,,,,,,,,
,,,,,,,,03/27/24,,,,,05/22/24,,06/03/24,,,,,,,,,,,,,,,NO,,,,,,,,,,,,,,,,,,,,,,,,,,,,,,,,,,,,,,,
,,,,,,,,03/27/24,,,,,05/22/24,,06/03/24,,,,,,,,,,,,,,,NO,,,,,,,,,,,,,,,,,,,,,,,,,,,,,,,,,,,,,,,
,,,,,,,,03/28/24,,,,,05/23/24,,06/04/24,,,,,,,,,,,,,,,NO,,,,,,,,,,,,,,,,,,,,,,,,,,,,,,,,,,,,,,,
,,,,Offskid,FORTISBC,,,03/28/24,,,,,05/23/24,,05/31/24,,,,,,,#VALUE!,,,,,,,,YES,,,,,,,,,,,,,,,,,,,,,,,,,,,,,,,,,,,,,,,
,,,,,,,,03/28/24,,,,,05/23/24,,06/04/24,,,,,,,,,,,,,,,NO,,,,,,,,,,,,,,,,,,,,,,,,,,,,,,,,,,,,,,,
,,,,,,,,03/29/24,,,,,05/24/24,,06/05/24,,,,,,,,,,,,,,,NO,,,,,,,,,,,,,,,,,,,,,,,,,,,,,,,,,,,,,,,
,,,,Onskid,OMV-N,,,03/29/24,,,,,05/24/24,,06/06/24,,,,,,,,,,,,,,,YES,,,,,,,,,,,,,,,,,,,,,,,,,,,,,,,,,,,,,,,
,,,,Offskid,FORTISBC,,,see #1,,,,,05/24/24,,see #1,,,,,,,#VALUE!,,,,,,,,YES,,,,,,,,,,,,,,,,,,,,,,,,,,,,,,,,,,,,,,,
,,,,,,,,04/01/24,,,,,05/28/24,,06/06/24,,,,,,,,,,,,,,,NO,,,,,,,,,,,,,,,,,,,,,,,,,,,,,,,,,,,,,,,
,,,,Onskid,WILSOS2,,,04/01/24,,,,,05/28/24,,06/04/24,,,,,,,,,,,,,,,YES,,,,,,,,,,,,,,,,,,,,,,,,,,,,,,,,,,,,,,,
,,,,Onskid,TGPL HOPKINTON,,,04/01/24,,,,,05/28/24,,06/07/24,,,,,,,#VALUE!,,,,,,,,YES,,,,,,,,,,,,,,,,,,,,,,,,,,,,,,,,,,,,,,,
,,,,,,,,04/02/24,,,,,05/29/24,,06/07/24,,,,,,,,,,,,,,,NO,,,,,,,,,,,,,,,,,,,,,,,,,,,,,,,,,,,,,,,
,,,,Onskid,TGPL HOPKINTON,,,see #1,,,,,05/29/24,,see #1,,,,,,,#VALUE!,,,,,,,,YES,,,,,,,,,,,,,,,,,,,,,,,,,,,,,,,,,,,,,,,
,,,,,,,,04/02/24,,,,,05/29/24,,06/07/24,,,,,,,,,,,,,,,NO,,,,,,,,,,,,,,,,,,,,,,,,,,,,,,,,,,,,,,,
,,,,Onskid,TC-SJ,,,04/03/24,,,,,05/30/24,,06/05/24,,,,,,,,,,,,,,,YES,,,,,,,,,,,,,,,,,,,,,,,,,,,,,,,,,,,,,,,
,,,,Offskid,CNOOC CFD6-4,,,04/03/24,,,,,05/30/24,,06/06/24,,,,,,,#VALUE!,,,,,,,,YES,,,,,,,,,,,,,,,,,,,,,,,,,,,,,,,,,,,,,,,
,,,,Onskid,S60-41,,,04/03/24,,,,,05/30/24,,06/10/24,,,,,,,,,,05/12/26,,,,,YES,,,,,,,,,,,,,,,,,,,,,,,,,,,,,,,,,,,,,,,
,,,,,,,,04/04/24,,,,,05/31/24,,06/11/24,,,,,,,,,,,,,,,NO,,,,,,,,,,,,,,,,,,,,,,,,,,,,,,,,,,,,,,,
,,,,Offskid,FREEPORT EL PASO,,,04/04/24,,,,,05/31/24,,06/07/24,,,,,,,#VALUE!,,,,,,,,YES,,,,,,,,,,,,,,,,,,,,,,,,,,,,,,,,,,,,,,,
,,,,Offskid,WWM-SS STATION,,,04/04/24,,,,,05/31/24,,06/07/24,,,,,,,#VALUE!,,,,,,,,YES,,,,,,,,,,,,,,,,,,,,,,,,,,,,,,,,,,,,,,,
,,,,,,,,04/05/24,,,,,06/03/24,,06/12/24,,,,,,,,,,,,,,,NO,,,,,,,,,,,,,,,,,,,,,,,,,,,,,,,,,,,,,,,
,,,,,,,,04/05/24,,,,,06/03/24,,06/12/24,,,,,,,,,,,,,,,NO,,,,,,,,,,,,,,,,,,,,,,,,,,,,,,,,,,,,,,,
,,,,New,WWM-B2SC,,,04/05/24,,,,,06/03/24,,06/10/24,,,,,,,#VALUE!,,,,,,,,YES,,,,,,,,,,,,,,,,,,,,,,,,,,,,,,,,,,,,,,,
,,,,Onskid,S60-45,,,04/08/24,,,,,06/04/24,,06/21/24,,,,,,,,,,,,,,,YES,,,,,,,,,,,,,,,,,,,,,,,,,,,,,,,,,,,,,,,
,,,,New,PEMEX REBOMBEO,,,04/08/24,,,,,06/04/24,,06/13/24,,,,,,,#VALUE!,,,,,,,,YES,,,,,,,,,,,,,,,,,,,,,,,,,,,,,,,,,,,,,,,
,,,,,,,,04/08/24,,,,,06/04/24,,06/13/24,,,,,,,,,,,,,,,NO,,,,,,,,,,,,,,,,,,,,,,,,,,,,,,,,,,,,,,,
,,,,NTB,QOC-Q,,,04/09/24,,,,,06/05/24,,06/11/24,,,,,,,,,,,,,,,YES,,,,,,,,,,,,,,,,,,,,,,,,,,,,,,,,,,,,,,,
,,,,NTB,QOC-Q,,,see #1,,,,,06/05/24,,see #1,,,,,,,,,,,,,,,YES,,,,,,,,,,,,,,,,,,,,,,,,,,,,,,,,,,,,,,,
,,,,,,,,04/09/24,,,,,06/05/24,,06/14/24,,,,,,,,,,,,,,,NO,,,,,,,,,,,,,,,,,,,,,,,,,,,,,,,,,,,,,,,
,,,,Onskid,OMV-N,,,see #1,,,,,06/06/24,,see #1,,,,,,,,,,,,,,,YES,,,,,,,,,,,,,,,,,,,,,,,,,,,,,,,,,,,,,,,
,,,,Onskid,WWM-L,,,04/10/24,,,,,06/06/24,,06/17/24,,,,,,,,,,,,,,,YES,,,,,,,,,,,,,,,,,,,,,,,,,,,,,,,,,,,,,,,
,,,,NTB,GAZ-CS,,,04/10/24,,,,,06/06/24,,06/12/24,,,,,,,,,,,,,,,YES,,,,,,,,,,,,,,,,,,,,,,,,,,,,,,,,,,,,,,,
,,,,Onskid,WWM-B1,,,04/11/24,,,,,06/07/24,,06/20/24,,,,,,,,,,,,,,,YES,,,,,,,,,,,,,,,,,,,,,,,,,,,,,,,,,,,,,,,
,,,,Onskid,TC-SJ2,,,04/11/24,,,,,06/07/24,,06/21/24,,,,,,,,,,,,,,,YES,,,,,,,,,,,,,,,,,,,,,,,,,,,,,,,,,,,,,,,
,,,,Onskid,S60-42,,,04/11/24,,,,,06/07/24,,07/03/24,,,,,,,,,,,,,,,YES,,,,,,,,,,,,,,,,,,,,,,,,,,,,,,,,,,,,,,,
,,,,Onskid,OXY-HM,,,04/12/24,,,,,06/10/24,,06/26/24,,,,,,,,,,,,,,,YES,,,,,,,,,,,,,,,,,,,,,,,,,,,,,,,,,,,,,,,
,,,,,,,,04/12/24,,,,,06/10/24,,06/19/24,,,,,,,,,,,,,,,NO,,,,,,,,,,,,,,,,,,,,,,,,,,,,,,,,,,,,,,,
,,,,,,,,04/12/24,,,,,06/10/24,,06/19/24,,,,,,,,,,,,,,,NO,,,,,,,,,,,,,,,,,,,,,,,,,,,,,,,,,,,,,,,
,,,,New,QOC-Q SHIP AHEAD,,,04/15/24,,,,,06/11/24,,06/14/24,,,,,,,#VALUE!,,,,,,,,YES,,,,,,,,,,,,,,,,,,,,,,,,,,,,,,,,,,,,,,,
,,,,New,QOC-Q SHIP AHEAD,,,see #1,,,,,06/11/24,,see #1,,,,,,,#VALUE!,,,,,,,,YES,,,,,,,,,,,,,,,,,,,,,,,,,,,,,,,,,,,,,,,
,,,,Offskid,QOC-Q,,,04/15/24,,,,,06/11/24,,06/19/24,,,,,,,,,,,,,,,YES,,,,,,,,,,,,,,,,,,,,,,,,,,,,,,,,,,,,,,,
,,,,Offskid,FLOAT,,,04/16/24,,,,,06/12/24,,06/21/24,,,,,,,,,,,,,,,NO,,,,,,,,,,,,,,,,,,,,,,,,,,,,,,,,,,,,,,,
,,,,New,QOC-Q SHIP AHEAD,,,see #1,,,,,06/12/24,,see #1,,,,,,,#VALUE!,,,,,,,,YES,,,,,,,,,,,,,,,,,,,,,,,,,,,,,,,,,,,,,,,
,,,,NTB,QOC-Q,,,see #1,,,,,06/12/24,,see #1,,,,,,,,,,,,,,,YES,,,,,,,,,,,,,,,,,,,,,,,,,,,,,,,,,,,,,,,
,,,,Offskid,GAZ-CS,,,04/17/24,,,,,06/13/24,,06/27/24,,,,,,,,,,,,,,,YES,,,,,,,,,,,,,,,,,,,,,,,,,,,,,,,,,,,,,,,
,,,,Offskid,FLOAT,,,04/17/24,,,,,06/13/24,,06/24/24,,,,,,,,,,,,,,,NO,,,,,,,,,,,,,,,,,,,,,,,,,,,,,,,,,,,,,,,
,,,,Offskid,QOC-Q,,,see #1,,,,,06/13/24,,see #1,,,,,,,,,,,,,,,YES,,,,,,,,,,,,,,,,,,,,,,,,,,,,,,,,,,,,,,,
,,,,Offskid,FLOAT,,,04/18/24,,,,,06/14/24,,06/25/24,,,,,,,,,,,,,,,NO,,,,,,,,,,,,,,,,,,,,,,,,,,,,,,,,,,,,,,,
,,,,New,KINDER MORGAN WINK,,,04/18/24,,,,,06/14/24,,06/19/24,,,,,,,#VALUE!,,,,,,,,YES,,,,,,,,,,,,,,,,,,,,,,,,,,,,,,,,,,,,,,,
,,,,New,KINDER MORGAN WINK,,,see #1,,,,,06/14/24,,see #1,,,,,,,#VALUE!,,,,,,,,YES,,,,,,,,,,,,,,,,,,,,,,,,,,,,,,,,,,,,,,,
,,,,, ,,,see #1,,,,,06/17/24,,see #1,,,,,,,,,,,,,,,NO,,,,,,,,,,,,,,,,,,,,,,,,,,,,,,,,,,,,,,,
,,,,Onskid,S60-43,,,04/19/24,,,,,06/17/24,,07/18/24,,,,,,,,,,,,,,,YES,,,,,,,,,,,,,,,,,,,,,,,,,,,,,,,,,,,,,,,
,,,,,,,,04/19/24,,,,,06/17/24,,06/26/24,,,,,,,,,,,,,,,YES,,,,,,,,,,,,,,,,,,,,,,,,,,,,,,,,,,,,,,,
,,,,,,,,04/22/24,,,,,06/18/24,,06/27/24,,,,,,,,,,,,,,,YES,,,,,,,,,,,,,,,,,,,,,,,,,,,,,,,,,,,,,,,
,,,,Onskid,WWM-B1,,,see #1,,,,,06/18/24,,see #1,,,,,,,,,,,,,,,YES,,,,,,,,,,,,,,,,,,,,,,,,,,,,,,,,,,,,,,,
,,,,Onskid,WWM-L,,,see #1,,,,,06/18/24,,see #1,,,,,,,,,,,,,,,YES,,,,,,,,,,,,,,,,,,,,,,,,,,,,,,,,,,,,,,,
,,,,Onskid,OMV-N,,,see #1,,,,,06/19/24,,see #1,,,,,,,,,,,,,,,YES,,,,,,,,,,,,,,,,,,,,,,,,,,,,,,,,,,,,,,,
,,,,New,KINDER MORGAN WINK,,,see #1,,,,,06/19/24,,see #1,,,,,,,#VALUE!,,,,,,,,YES,,,,,,,,,,,,,,,,,,,,,,,,,,,,,,,,,,,,,,,
,,,,Offskid,VEDANTA LAKSMI,,,04/23/24,,,,,06/19/24,,07/03/24,,,,,,,#VALUE!,,,,,,,,YES,,,,,,,,,,,,,,,,,,,,,,,,,,,,,,,,,,,,,,,
,,,,NTB,QOC-Q,,,see #1,,,,,06/20/24,,see #1,,,,,,,,,,,,,,,YES,,,,,,,,,,,,,,,,,,,,,,,,,,,,,,,,,,,,,,,
,,,,,,,,04/24/24,,,,,06/20/24,,07/01/24,,,,,,,,,,,,,,,NO,,,,,,,,,,,,,,,,,,,,,,,,,,,,,,,,,,,,,,,
,,,,Offskid,VEDANTA LAKSMI,,,see #1,,,,,06/20/24,,see #1,,,,,,,#VALUE!,,,,,,,,YES,,,,,,,,,,,,,,,,,,,,,,,,,,,,,,,,,,,,,,,
,,,,Onskid,GEL-GB,,,04/25/24,,,,,06/21/24,,07/02/24,,,,,,,,,,,,,,,YES,,,,,,,,,,,,,,,,,,,,,,,,,,,,,,,,,,,,,,,
,,,,Onskid,MM-CS,,,04/25/24,,,,,06/21/24,,07/09/24,,,,,,,,,,,,,,,YES,,,,,,,,,,,,,,,,,,,,,,,,,,,,,,,,,,,,,,,
,,,,,,,,04/25/24,,,,,06/21/24,,07/02/24,,,,,,,,,,,,,,,NO,,,,,,,,,,,,,,,,,,,,,,,,,,,,,,,,,,,,,,,
,,,,,,,,04/26/24,,,,,06/24/24,,07/03/24,,,,,,,,,,,,,,,YES,,,,,,,,,,,,,,,,,,,,,,,,,,,,,,,,,,,,,,,
,,,,Onskid,PROP-22,,,04/26/24,,,,,06/24/24,,07/16/24,,,,,,,,,,,,,,,YES,,,,,,,,,,,,,,,,,,,,,,,,,,,,,,,,,,,,,,,
,,,,Offskid,QOC-Q,,,see #1,,,,,06/24/24,,see #1,,,,,,,,,,,,,,,YES,,,,,,,,,,,,,,,,,,,,,,,,,,,,,,,,,,,,,,,
,,,,Offskid,FLOAT,,,04/29/24,,,,,06/25/24,,07/08/24,,,,,,,,,,,,,,,NO,,,,,,,,,,,,,,,,,,,,,,,,,,,,,,,,,,,,,,,
,,,,,,,,04/29/24,,,,,06/25/24,,07/08/24,,,,,,,,,,,,,,,YES,,,,,,,,,,,,,,,,,,,,,,,,,,,,,,,,,,,,,,,
,,,,Onskid,GEL-GB,,,see #1,,,,,06/25/24,,see #1,,,,,,,,,,,,,,,YES,,,,,,,,,,,,,,,,,,,,,,,,,,,,,,,,,,,,,,,
,,,,New,ARENA,,,04/30/24,,,,,06/26/24,,07/09/24,,,,,,,#VALUE!,,,,,,,,YES,,,,,,,,,,,,,,,,,,,,,,,,,,,,,,,,,,,,,,,
,,,,,,,,04/30/24,,,,,06/26/24,,07/09/24,,,,,,,,,,,,,,,NO,,,,,,,,,,,,,,,,,,,,,,,,,,,,,,,,,,,,,,,
,,,,,,,,04/30/24,,,,,06/26/24,,07/09/24,,,,,,,,,,,,,,,NO,,,,,,,,,,,,,,,,,,,,,,,,,,,,,,,,,,,,,,,
,,,,Onskid,WWM-B2,,,05/01/24,,,,,06/27/24,,07/10/24,,,,,,,,,,,,,,,YES,,,,,,,,,,,,,,,,,,,,,,,,,,,,,,,,,,,,,,,
,,,,Onskid,S60-46,,,05/01/24,,,,,06/27/24,,07/22/24,,,,,,,,,,,,,,,YES,,,,,,,,,,,,,,,,,,,,,,,,,,,,,,,,,,,,,,,
,,,,,,,,05/01/24,,,,,06/27/24,,07/10/24,,,,,,,,,,,,,,,NO,,,,,,,,,,,,,,,,,,,,,,,,,,,,,,,,,,,,,,,
,,,,,,,,05/02/24,,,,,06/28/24,,07/11/24,,,,,,,,,,,,,,,NO,,,,,,,,,,,,,,,,,,,,,,,,,,,,,,,,,,,,,,,
,,,,New,WWM-B3SC,,,05/02/24,,,,,06/28/24,,07/11/24,,,,,,,#VALUE!,,,,,,,,YES,,,,,,,,,,,,,,,,,,,,,,,,,,,,,,,,,,,,,,,
,,,,Onskid,MM-CS,,,see #1,,,,,06/28/24,,see #1,,,,,,,,,,,,,,,YES,,,,,,,,,,,,,,,,,,,,,,,,,,,,,,,,,,,,,,,
,,,,,,,,05/03/24,,,,,07/01/24,,07/12/24,,,,,,,,,,,,,,,NO,,,,,,,,,,,,,,,,,,,,,,,,,,,,,,,,,,,,,,,
,,,,,,,,05/03/24,,,,,07/01/24,,07/12/24,,,,,,,,,,,,,,,NO,,,,,,,,,,,,,,,,,,,,,,,,,,,,,,,,,,,,,,,
,,,,,,,,05/03/24,,,,,07/01/24,,07/12/24,,,,,,,,,,,,,,,NO,,,,,,,,,,,,,,,,,,,,,,,,,,,,,,,,,,,,,,,
,,,,NTB,OGDCL-U,,,05/06/24,,,,,07/02/24,,07/10/24,,,,,,,,,,,,,,,YES,,,,,,,,,,,,,,,,,,,,,,,,,,,,,,,,,,,,,,,
,,,,Offskid,WWM-B STATION,,,05/06/24,,,,,07/02/24,,07/15/24,,,,,,,#VALUE!,,,,,,,,YES,,,,,,,,,,,,,,,,,,,,,,,,,,,,,,,,,,,,,,,
,,,,Onskid,PROP-23,,,05/06/24,,,,,07/02/24,,07/24/24,,,,,,,,,,,,,,,YES,,,,,,,,,,,,,,,,,,,,,,,,,,,,,,,,,,,,,,,
,,,,Onskid,GEL-GB,,,see #1,,,,,07/03/24,,see #1,,,,,,,,,,,,,,,YES,,,,,,,,,,,,,,,,,,,,,,,,,,,,,,,,,,,,,,,
,,,,,,,,05/07/24,,,,,07/03/24,,07/16/24,,,,,,,,,,,,,,,NO,,,,,,,,,,,,,,,,,,,,,,,,,,,,,,,,,,,,,,,
,,,,Onskid,SOCAL-M,,,05/07/24,,,,,07/03/24,,07/15/24,,,,,,,,,,,,,,,YES,,,,,,,,,,,,,,,,,,,,,,,,,,,,,,,,,,,,,,,
,,,,NTB,OGDCL-U,,,see #1,,,,,07/08/24,,see #1,,,,,,,,,,,,,,,YES,,,,,,,,,,,,,,,,,,,,,,,,,,,,,,,,,,,,,,,
,,,,Onskid,S60-44,,,05/08/24,,,,,07/08/24,,07/24/24,,,,,,,,,,,,,,,YES,,,,,,,,,,,,,,,,,,,,,,,,,,,,,,,,,,,,,,,
,,,,Onskid,SOCAL-M,,,see #1,,,,,07/08/24,,see #1,,,,,,,,,,,,,,,YES,,,,,,,,,,,,,,,,,,,,,,,,,,,,,,,,,,,,,,,
,,,,Offskid,QOC-Q,,,see #1,,,,,07/09/24,,see #1,,,,,,,,,,,,,,,YES,,,,,,,,,,,,,,,,,,,,,,,,,,,,,,,,,,,,,,,
,,,,Offskid,FLOAT,,,05/09/24,,,,,07/09/24,,07/18/24,,,,,,,,,,,,,,,NO,,,,,,,,,,,,,,,,,,,,,,,,,,,,,,,,,,,,,,,
,,,,NTB,OGDCL-U,,,see #1,,,,,07/09/24,,see #1,,,,,,,,,,,,,,,YES,,,,,,,,,,,,,,,,,,,,,,,,,,,,,,,,,,,,,,,
,,,,Onskid,WWM-B2,,,see #1,,,,,07/10/24,,see #1,,,,,,,,,,,,,,,YES,,,,,,,,,,,,,,,,,,,,,,,,,,,,,,,,,,,,,,,
,,,,,,,,05/10/24,,,,,07/10/24,,07/19/24,,,,,,,,,,,,,,,NO,,,,,,,,,,,,,,,,,,,,,,,,,,,,,,,,,,,,,,,
,,,,,,,,05/10/24,,,,,07/10/24,,07/19/24,,,,,,,,,,,,,,,NO,,,,,,,,,,,,,,,,,,,,,,,,,,,,,,,,,,,,,,,
,,,,Onskid,GEL-GB,,,see #1,,,,,07/11/24,,see #1,,,,,,,,,,,,,,,YES,,,,,,,,,,,,,,,,,,,,,,,,,,,,,,,,,,,,,,,
,,,,,,,,05/13/24,,,,,07/11/24,,07/22/24,,,,,,,,,,,,,,,NO,,,,,,,,,,,,,,,,,,,,,,,,,,,,,,,,,,,,,,,
,,,,,,,,05/13/24,,,,,07/11/24,,07/22/24,,,,,,,,,,,,,,,NO,,,,,,,,,,,,,,,,,,,,,,,,,,,,,,,,,,,,,,,
,,,,Offskid,OGDCL-U,,,05/14/24,,,,,07/12/24,,07/23/24,,,,,,,,,,,,,,,YES,,,,,,,,,,,,,,,,,,,,,,,,,,,,,,,,,,,,,,,
,,,,,,,,05/14/24,,,,,07/12/24,,07/23/24,,,,,,,,,,,,,,,NO,,,,,,,,,,,,,,,,,,,,,,,,,,,,,,,,,,,,,,,
,,,,,,,,05/14/24,,,,,07/12/24,,07/23/24,,,,,,,,,,,,,,,NO,,,,,,,,,,,,,,,,,,,,,,,,,,,,,,,,,,,,,,,
,,,,Offskid,OGDCL-U,,,see #1,,,,,07/15/24,,see #1,,,,,,,,,,,,,,,YES,,,,,,,,,,,,,,,,,,,,,,,,,,,,,,,,,,,,,,,
,,,,NTB,QOC-Q2,,,05/15/24,,,,,07/15/24,,07/23/24,,,,,,,,,,,,,,,YES,,,,,,,,,,,,,,,,,,,,,,,,,,,,,,,,,,,,,,,
,,,,NTB,QOC-Q2,,,see #1,,,,,07/15/24,,see #1,,,,,,,,,,,,,,,YES,,,,,,,,,,,,,,,,,,,,,,,,,,,,,,,,,,,,,,,
,,,,NTB,QOC-Q2,,,see #1,,,,,07/16/24,,see #1,,,,,,,,,,,,,,,YES,,,,,,,,,,,,,,,,,,,,,,,,,,,,,,,,,,,,,,,
,,,,Onskid,JBL CITRIC,,,05/16/24,,,,,07/16/24,,07/25/24,,,,,,,#VALUE!,,,,,,,,YES,,,,,,,,,,,,,,,,,,,,,,,,,,,,,,,,,,,,,,,
,,,,Onskid,JBL CITRIC,,,see #1,,,,,07/16/24,,see #1,,,,,,,#VALUE!,,,,,,,,YES,,,,,,,,,,,,,,,,,,,,,,,,,,,,,,,,,,,,,,,
,,,,,,,,05/17/24,,,,,07/17/24,,07/26/24,,,,,,,,,,,,,,,NO,,,,,,,,,,,,,,,,,,,,,,,,,,,,,,,,,,,,,,,
,,,,Onskid,PROP-24,,,05/17/24,,,,,07/17/24,,08/01/24,,,,,,,,,,,,,,,YES,,,,,,,,,,,,,,,,,,,,,,,,,,,,,,,,,,,,,,,
,,,,,,,,05/17/24,,,,,07/17/24,,07/26/24,,,,,,,,,,,,,,,NO,,,,,,,,,,,,,,,,,,,,,,,,,,,,,,,,,,,,,,,
,,,,,,,,05/20/24,,,,,07/18/24,,07/29/24,,,,,,,,,,,,,,,NO,,,,,,,,,,,,,,,,,,,,,,,,,,,,,,,,,,,,,,,
,,,,,,,,05/20/24,,,,,07/18/24,,07/29/24,,,,,,,,,,,,,,,NO,,,,,,,,,,,,,,,,,,,,,,,,,,,,,,,,,,,,,,,
,,,,Offskid,QOC-Q2,,,05/20/24,,,,,07/18/24,,07/29/24,,,,,,,,,,,,,,,YES,,,,,,,,,,,,,,,,,,,,,,,,,,,,,,,,,,,,,,,
,,,,Offskid,FLOAT,,,05/21/24,,,,,07/19/24,,07/30/24,,,,,,,,,,,,,,,NO,,,,,,,,,,,,,,,,,,,,,,,,,,,,,,,,,,,,,,,
,,,,,,,,05/21/24,,,,,07/19/24,,07/30/24,,,,,,,,,,,,,,,NO,,,,,,,,,,,,,,,,,,,,,,,,,,,,,,,,,,,,,,,
,,,,,,,,05/21/24,,,,,07/19/24,,07/30/24,,,,,,,,,,,,,,,NO,,,,,,,,,,,,,,,,,,,,,,,,,,,,,,,,,,,,,,,
,,,,,,,,05/22/24,,,,,07/22/24,,07/31/24,,,,,,,,,,,,,,,NO,,,,,,,,,,,,,,,,,,,,,,,,,,,,,,,,,,,,,,,
,,,,New,IPC PMS,,,05/22/24,,,,,07/22/24,,08/13/24,,,,,,,#VALUE!,,,,,,,,YES,,,,,,,,,,,,,,,,,,,,,,,,,,,,,,,,,,,,,,,
,,,,Onskid,PROP-25,,,05/22/24,,,,,07/22/24,,08/01/24,,,,,,,,,,,,,,,YES,,,,,,,,,,,,,,,,,,,,,,,,,,,,,,,,,,,,,,,
,,,,NTB,QOC-Q2,,,see #1,,,,,07/23/24,,see #1,,,,,,,,,,,,,,,YES,,,,,,,,,,,,,,,,,,,,,,,,,,,,,,,,,,,,,,,
,,,,Offskid,PEMEX EX,,,05/23/24,,,,,07/23/24,,07/31/24,,,,,,,#VALUE!,,,,,,,,YES,,,,,,,,,,,,,,,,,,,,,,,,,,,,,,,,,,,,,,,
,,,,Offskid,QOC-Q2,,,see #1,,,,,07/23/24,,see #1,,,,,,,,,,,,,,,YES,,,,,,,,,,,,,,,,,,,,,,,,,,,,,,,,,,,,,,,
,,,,Offskid,FLOAT,,,05/24/24,,,,,07/24/24,,08/02/24,,,,,,,,,,,,,,,NO,,,,,,,,,,,,,,,,,,,,,,,,,,,,,,,,,,,,,,,
,,,,Onskid,WWM-B3,,,05/24/24,,,,,07/24/24,,08/07/24,,,,,,,,,,,,,,,YES,,,,,,,,,,,,,,,,,,,,,,,,,,,,,,,,,,,,,,,
,,,,Offskid,PPI PEMEX PB,,,05/24/24,,,,,07/24/24,,08/07/24,,,,,,,#VALUE!,,,,,,,,YES,,,,,,,,,,,,,,,,,,,,,,,,,,,,,,,,,,,,,,,
,,,,Offskid,PPI-PEMEX-PB-2,,,05/28/24,,,,,07/25/24,,08/08/24,,,,,,,#VALUE!,,,,,,,,YES,,,,,,,,,,,,,,,,,,,,,,,,,,,,,,,,,,,,,,,
,,,,Offskid,PPI-PEMEX-PB-3,,,05/28/24,,,,,07/25/24,,08/08/24,,,,,,,#VALUE!,,,,,,,,YES,,,,,,,,,,,,,,,,,,,,,,,,,,,,,,,,,,,,,,,
,,,,Onskid,PROP-26,,,05/28/24,,,,,07/25/24,,08/05/24,,,,,,,,,,,,,,,YES,,,,,,,,,,,,,,,,,,,,,,,,,,,,,,,,,,,,,,,
,,,,Onskid,BENEOO,,,05/29/24,,,,,07/26/24,,08/08/24,,,,,,,,,,,,,,,YES,,,,,,,,,,,,,,,,,,,,,,,,,,,,,,,,,,,,,,,
,,,,New,LCY,,,05/29/24,,,,,07/26/24,,08/12/24,,,,,,,#VALUE!,,,,,,,,YES,,,,,,,,,,,,,,,,,,,,,,,,,,,,,,,,,,,,,,,
,,,,New,WILLIAMS TRANSCO,,,05/29/24,,,,,07/26/24,,08/01/24,,,,,,,#VALUE!,,,,,,,,YES,,,,,,,,,,,,,,,,,,,,,,,,,,,,,,,,,,,,,,,
,,,,New,PEMEX EXP,,,05/30/24,,,,,07/29/24,,08/07/24,,,,,,,#VALUE!,,,,,,,,YES,,,,,,,,,,,,,,,,,,,,,,,,,,,,,,,,,,,,,,,
,,,,New,PEMEX EXP,,,see #1,,,,,07/29/24,,see #1,,,,,,,#VALUE!,,,,,,,,YES,,,,,,,,,,,,,,,,,,,,,,,,,,,,,,,,,,,,,,,
,,,,New,PEMEX EXP,,,see #1,,,,,07/29/24,,see #1,,,,,,,#VALUE!,,,,,,,,YES,,,,,,,,,,,,,,,,,,,,,,,,,,,,,,,,,,,,,,,
,,,,,,,,05/31/24,,,,,07/30/24,,08/08/24,,,,,,,,,,,,,,,NO,,,,,,,,,,,,,,,,,,,,,,,,,,,,,,,,,,,,,,,
,,,,New,PEMEX EXP,,,see #1,,,,,07/30/24,,see #1,,,,,,,#VALUE!,,,,,,,,YES,,,,,,,,,,,,,,,,,,,,,,,,,,,,,,,,,,,,,,,
,,,,New,PEMEX EXP,,,see #1,,,,,07/30/24,,see #1,,,,,,,#VALUE!,,,,,,,,YES,,,,,,,,,,,,,,,,,,,,,,,,,,,,,,,,,,,,,,,
,,,,Onskid,CVX-F,,,06/03/24,,,,,07/31/24,,08/15/24,,,,,,,,,,,,,,,YES,,,,,,,,,,,,,,,,,,,,,,,,,,,,,,,,,,,,,,,
,,,,Onskid,PGMSK12,,,06/03/24,,,,,07/31/24,,08/19/24,,,,,,,,,,,,,,,YES,,,,,,,,,,,,,,,,,,,,,,,,,,,,,,,,,,,,,,,
,,,,Onskid,S60-47,,,06/03/24,,,,,07/31/24,,08/16/24,,,,,,,,,,,,,,,YES,,,,,,,,,,,,,,,,,,,,,,,,,,,,,,,,,,,,,,,
,,,,,,,,06/04/24,,,,,08/01/24,,08/12/24,,,,,,,,,,,,,,,NO,,,,,,,,,,,,,,,,,,,,,,,,,,,,,,,,,,,,,,,
,,,,New,ONEOK WICKETT,,,06/04/24,,,,,08/01/24,,08/15/24,,,,,,,#VALUE!,,,,,,,,YES,,,,,,,,,,,,,,,,,,,,,,,,,,,,,,,,,,,,,,,
,,,,Onskid,PROP-27,,,06/04/24,,,,,08/01/24,,08/15/24,,,,,,,,,,,,,,,YES,,,,,,,,,,,,,,,,,,,,,,,,,,,,,,,,,,,,,,,
,,,,,,,,06/05/24,,,,,08/02/24,,08/13/24,,,,,,,,,,,,,,,NO,,,,,,,,,,,,,,,,,,,,,,,,,,,,,,,,,,,,,,,
,,,,Offskid,QOC-Q2,,,see #1,,,,,08/02/24,,see #1,,,,,,,,,,,,,,,YES,,,,,,,,,,,,,,,,,,,,,,,,,,,,,,,,,,,,,,,
,,,,Offskid,FLOAT,,,06/05/24,,,,,08/02/24,,08/13/24,,,,,,,,,,,,,,,NO,,,,,,,,,,,,,,,,,,,,,,,,,,,,,,,,,,,,,,,
,,,,Onskid,HOC-G,,,06/06/24,,,,,08/05/24,,08/20/24,,,,,,,,,,,,,,,YES,,,,,,,,,,,,,,,,,,,,,,,,,,,,,,,,,,,,,,,
,,,,,,,,06/06/24,,,,,08/05/24,,08/14/24,,,,,,,,,,,,,,,NO,,,,,,,,,,,,,,,,,,,,,,,,,,,,,,,,,,,,,,,
,,,,,,,,06/06/24,,,,,08/05/24,,08/14/24,,,,,,,,,,,,,,,NO,,,,,,,,,,,,,,,,,,,,,,,,,,,,,,,,,,,,,,,
,,,,,,,,06/07/24,,,,,08/06/24,,08/15/24,,,,,,,,,,,,,,,NO,,,,,,,,,,,,,,,,,,,,,,,,,,,,,,,,,,,,,,,
,,,,,,,,06/07/24,,,,,08/06/24,,08/15/24,,,,,,,,,,,,,,,NO,,,,,,,,,,,,,,,,,,,,,,,,,,,,,,,,,,,,,,,
,,,,,,,,06/07/24,,,,,08/06/24,,08/15/24,,,,,,,,,,,,,,,NO,,,,,,,,,,,,,,,,,,,,,,,,,,,,,,,,,,,,,,,
,,,,New,FIBER OPTIC SMT130,,,06/10/24,,,,,08/07/24,,08/15/24,,,,,,,#VALUE!,,,,,,,,YES,,,,,,,,,,,,,,,,,,,,,,,,,,,,,,,,,,,,,,,
,,,,Offskid,QOC-Q2,,,see #1,,,,,08/07/24,,see #1,,,,,,,,,,,,,,,YES,,,,,,,,,,,,,,,,,,,,,,,,,,,,,,,,,,,,,,,
,,,,Offskid,FLOAT,,,06/10/24,,,,,08/07/24,,08/16/24,,,,,,,,,,,,,,,NO,,,,,,,,,,,,,,,,,,,,,,,,,,,,,,,,,,,,,,,
,,,,Onskid,PROP-28,,,06/11/24,,,,,08/08/24,,08/19/24,,,,,,,,,,,,,,,YES,,,,,,,,,,,,,,,,,,,,,,,,,,,,,,,,,,,,,,,
,,,,Onskid,PROP-29,,,06/11/24,,,,,08/08/24,,08/23/24,,,,,,,,,,,,,,,YES,,,,,,,,,,,,,,,,,,,,,,,,,,,,,,,,,,,,,,,
,,,,Onskid,PROP-30,,,06/11/24,,,,,08/08/24,,08/26/24,,,,,,,,,,,,,,,YES,,,,,,,,,,,,,,,,,,,,,,,,,,,,,,,,,,,,,,,
,,,,Onskid,WWM-B3,,,see #1,,,,,08/09/24,,see #1,,,,,,,,,,,,,,,YES,,,,,,,,,,,,,,,,,,,,,,,,,,,,,,,,,,,,,,,
,,,,,,,,06/12/24,,,,,08/09/24,,08/20/24,,,,,,,,,,,,,,,NO,,,,,,,,,,,,,,,,,,,,,,,,,,,,,,,,,,,,,,,
,,,,,,,,06/12/24,,,,,08/09/24,,08/20/24,,,,,,,,,,,,,,,NO,,,,,,,,,,,,,,,,,,,,,,,,,,,,,,,,,,,,,,,
,,,,,,,,06/13/24,,,,,08/12/24,,08/21/24,,,,,,,,,,,,,,,NO,,,,,,,,,,,,,,,,,,,,,,,,,,,,,,,,,,,,,,,
,,,,,,,,06/13/24,,,,,08/12/24,,08/21/24,,,,,,,,,,,,,,,NO,,,,,,,,,,,,,,,,,,,,,,,,,,,,,,,,,,,,,,,
,,,,Onskid,PROP-31,,,06/13/24,,,,,08/12/24,,08/28/24,,,,,,,,,,,,,,,YES,,,,,,,,,,,,,,,,,,,,,,,,,,,,,,,,,,,,,,,
,,,,Onskid,UCLA2,,,06/14/24,,,,,08/13/24,,08/22/24,,,,,,,,,,,,,,,YES,,,,,,,,,,,,,,,,,,,,,,,,,,,,,,,,,,,,,,,
,,,,Onskid,S60-48,,,06/14/24,,,,,08/13/24,,09/04/24,,,,,,,,,,,,,,,YES,,,,,,,,,,,,,,,,,,,,,,,,,,,,,,,,,,,,,,,
,,,,Offskid,FLOAT,,,06/14/24,,,,,08/13/24,,08/22/24,,,,,,,,,,,,,,,NO,,,,,,,,,,,,,,,,,,,,,,,,,,,,,,,,,,,,,,,
,,,,New,PEMEX NOHOCH,,,06/17/24,,,,,08/14/24,,08/27/24,,,,,,,#VALUE!,,,,,,,,YES,,,,,,,,,,,,,,,,,,,,,,,,,,,,,,,,,,,,,,,
,,,,Offskid,PEMEX AKAL-L,,,06/17/24,,,,,08/14/24,,08/28/24,,,,,,,#VALUE!,,,,,,,,YES,,,,,,,,,,,,,,,,,,,,,,,,,,,,,,,,,,,,,,,
,,,,Onskid,TC-GIL,,,06/17/24,,,,,08/14/24,,08/23/24,,,,,,,,,,,,,,,YES,,,,,,,,,,,,,,,,,,,,,,,,,,,,,,,,,,,,,,,
,,,,,,,,06/18/24,,,,,08/15/24,,08/27/24,,,,,,,,,,,,,,,NO,,,,,,,,,,,,,,,,,,,,,,,,,,,,,,,,,,,,,,,
,,,,,,,,06/18/24,,,,,08/15/24,,08/26/24,,,,,,,,,,,,,,,NO,,,,,,,,,,,,,,,,,,,,,,,,,,,,,,,,,,,,,,,
,,,,,,,,06/18/24,,,,,08/15/24,,08/26/24,,,,,,,,,,,,,,,NO,,,,,,,,,,,,,,,,,,,,,,,,,,,,,,,,,,,,,,,
,,,,Offskid,TITAN TIRE,,,06/19/24,,,,,08/16/24,,08/29/24,,,,,,,#VALUE!,,,,,,,,YES,,,,,,,,,,,,,,,,,,,,,,,,,,,,,,,,,,,,,,,
,,,,Onskid,APA-ECE,,,06/19/24,,,,,08/16/24,,08/29/24,,,,,,,,,,,,,,,YES,,,,,,,,,,,,,,,,,,,,,,,,,,,,,,,,,,,,,,,
,,,,Onskid,DTM-S2,,,06/19/24,,,,,08/16/24,,09/03/24,,,,,,,,,,,,,,,YES,,,,,,,,,,,,,,,,,,,,,,,,,,,,,,,,,,,,,,,
,,,,Onskid,CVX-F,,,see #1,,,,,08/19/24,,see #1,,,,,,,,,,,,,,,YES,,,,,,,,,,,,,,,,,,,,,,,,,,,,,,,,,,,,,,,
,,,,,,,,06/20/24,,,,,08/19/24,,08/28/24,,,,,,,,,,,,,,,NO,,,,,,,,,,,,,,,,,,,,,,,,,,,,,,,,,,,,,,,
,,,,Onskid,COP-WG,,,06/20/24,,,,,08/19/24,,09/04/24,,,,,,,,,,,,,,,YES,,,,,,,,,,,,,,,,,,,,,,,,,,,,,,,,,,,,,,,
,,,,,,,,06/21/24,,,,,08/20/24,,08/29/24,,,,,,,,,,,,,,,NO,,,,,,,,,,,,,,,,,,,,,,,,,,,,,,,,,,,,,,,
,,,,Onskid,UCONN,,,06/21/24,,,,,08/20/24,,09/05/24,,,,,,,#VALUE!,,,,,,,,YES,,,,,,,,,,,,,,,,,,,,,,,,,,,,,,,,,,,,,,,
,,,,Onskid,UCONN,,,see #1,,,,,08/20/24,,see #1,,,,,,,#VALUE!,,,,,,,,YES,,,,,,,,,,,,,,,,,,,,,,,,,,,,,,,,,,,,,,,
,,,,Onskid,UCONN,,,see #1,,,,,08/21/24,,see #1,,,,,,,#VALUE!,,,,,,,,YES,,,,,,,,,,,,,,,,,,,,,,,,,,,,,,,,,,,,,,,
,,,,,,,,06/24/24,,,,,08/21/24,,08/30/24,,,,,,,,,,,,,,,NO,,,,,,,,,,,,,,,,,,,,,,,,,,,,,,,,,,,,,,,
,,,,,,,,06/24/24,,,,,08/21/24,,09/03/24,,,,,,,,,,,,,,,NO,,,,,,,,,,,,,,,,,,,,,,,,,,,,,,,,,,,,,,,
,,,,,,,,06/25/24,,,,,08/22/24,,09/03/24,,,,,,,,,,,,,,,NO,,,,,,,,,,,,,,,,,,,,,,,,,,,,,,,,,,,,,,,
,,,,Onskid,CVX-F,,,see #1,,,,,08/22/24,,see #1,,,,,,,,,,,,,,,YES,,,,,,,,,,,,,,,,,,,,,,,,,,,,,,,,,,,,,,,
,,,,Onskid,WWM-SS,,,06/25/24,,,,,08/22/24,,09/20/24,,,,,,,,,,,,,,,YES,,,,,,,,,,,,,,,,,,,,,,,,,,,,,,,,,,,,,,,
,,,,,,,,06/26/24,,,,,08/23/24,,09/04/24,,,,,,,,,,,,,,,NO,,,,,,,,,,,,,,,,,,,,,,,,,,,,,,,,,,,,,,,
,,,,,,,,06/26/24,,,,,08/23/24,,09/04/24,,,,,,,,,,,,,,,NO,,,,,,,,,,,,,,,,,,,,,,,,,,,,,,,,,,,,,,,
,,,,,,,,06/26/24,,,,,08/23/24,,09/04/24,,,,,,,,,,,,,,,NO,,,,,,,,,,,,,,,,,,,,,,,,,,,,,,,,,,,,,,,
,,,,Offskid,QOC-Q-1,,,06/27/24,,,,,08/26/24,,10/03/24,,,,,,,#VALUE!,,,,,,,,YES,,,,,,,,,,,,,,,,,,,,,,,,,,,,,,,,,,,,,,,
,,,,Offskid,QOC-Q-2,,,06/27/24,,,,,08/26/24,,10/10/24,,,,,,,#VALUE!,,,,,,,,YES,,,,,,,,,,,,,,,,,,,,,,,,,,,,,,,,,,,,,,,
,,,,,,,,06/27/24,,,,,08/26/24,,09/05/24,,,,,,,,,,,,,,,NO,,,,,,,,,,,,,,,,,,,,,,,,,,,,,,,,,,,,,,,
,,,,,,,,06/28/24,,,,,08/27/24,,09/06/24,,,,,,,,,,,,,,,NO,,,,,,,,,,,,,,,,,,,,,,,,,,,,,,,,,,,,,,,
,,,,Onskid,COP-WG,,,see #1,,,,,08/27/24,,see #1,,,,,,,,,,,,,,,YES,,,,,,,,,,,,,,,,,,,,,,,,,,,,,,,,,,,,,,,
,,,,,,,,06/28/24,,,,,08/27/24,,09/06/24,,,,,,,,,,,,,,,NO,,,,,,,,,,,,,,,,,,,,,,,,,,,,,,,,,,,,,,,
,,,,Onskid,S60-49,,,07/01/24,,,,,08/28/24,,09/20/24,,,,,,,,,,,,,,,YES,,,,,,,,,,,,,,,,,,,,,,,,,,,,,,,,,,,,,,,
,,,,Onskid,TC-GIL,,,see #1,,,,,08/28/24,,see #1,,,,,,,,,,,,,,,YES,,,,,,,,,,,,,,,,,,,,,,,,,,,,,,,,,,,,,,,
,,,,Onskid,PROP-32,,,07/01/24,,,,,08/28/24,,09/25/24,,,,,,,,,,,,,,,YES,,,,,,,,,,,,,,,,,,,,,,,,,,,,,,,,,,,,,,,
,,,,Onskid,WWM-B,,,07/02/24,,,,,08/29/24,,09/20/24,,,,,,,,,,,,,,,YES,,,,,,,,,,,,,,,,,,,,,,,,,,,,,,,,,,,,,,,
,,,,,,,,07/02/24,,,,,08/29/24,,09/10/24,,,,,,,,,,,,,,,NO,,,,,,,,,,,,,,,,,,,,,,,,,,,,,,,,,,,,,,,
,,,,,,,,07/02/24,,,,,08/29/24,,09/10/24,,,,,,,,,,,,,,,NO,,,,,,,,,,,,,,,,,,,,,,,,,,,,,,,,,,,,,,,
,,,,Offskid,OGDCL-U,,,see #1,,,,,08/30/24,,see #1,,,,,,,,,,,,,,,YES,,,,,,,,,,,,,,,,,,,,,,,,,,,,,,,,,,,,,,,
,,,,,,,,07/03/24,,,,,08/30/24,,09/11/24,,,,,,,,,,,,,,,NO,,,,,,,,,,,,,,,,,,,,,,,,,,,,,,,,,,,,,,,
,,,,Onskid,WWM-SS,,,see #1,,,,,08/30/24,,see #1,,,,,,,,,,,,,,,YES,,,,,,,,,,,,,,,,,,,,,,,,,,,,,,,,,,,,,,,
,,,,Onskid,COP-WG,,,see #1,,,,,09/03/24,,see #1,,,,,,,,,,,,,,,YES,,,,,,,,,,,,,,,,,,,,,,,,,,,,,,,,,,,,,,,
,,,,,,,,07/08/24,,,,,09/03/24,,09/12/24,,,,,,,,,,,,,,,NO,,,,,,,,,,,,,,,,,,,,,,,,,,,,,,,,,,,,,,,
,,,,Offskid,NATIONAL GRID,,,07/08/24,,,,,09/03/24,,09/26/24,,,,,,,#VALUE!,,,,,,,,YES,,,,,,,,,,,,,,,,,,,,,,,,,,,,,,,,,,,,,,,
,,,,NTB,GUPCO-E,,,07/09/24,,,,,09/04/24,,09/13/24,,,,,,,,,,,,,,,YES,,,,,,,,,,,,,,,,,,,,,,,,,,,,,,,,,,,,,,,
,,,,,,,,07/09/24,,,,,09/04/24,,09/13/24,,,,,,,,,,,,,,,NO,,,,,,,,,,,,,,,,,,,,,,,,,,,,,,,,,,,,,,,
,,,,Onskid,PROP-33,,,07/09/24,,,,,09/04/24,,10/01/24,,,,,,,,,,,,,,,YES,,,,,,,,,,,,,,,,,,,,,,,,,,,,,,,,,,,,,,,
,,,,,,,,07/10/24,,,,,09/05/24,,09/16/24,,,,,,,,,,,,,,,NO,,,,,,,,,,,,,,,,,,,,,,,,,,,,,,,,,,,,,,,
,,,,New,JACKSON EMC,,,07/10/24,,,,,09/05/24,,09/17/24,,,,,,,#VALUE!,,,,,,,,YES,,,,,,,,,,,,,,,,,,,,,,,,,,,,,,,,,,,,,,,
,,,,New,JACKSON EMC,,,see #1,,,,,09/05/24,,see #1,,,,,,,#VALUE!,,,,,,,,YES,,,,,,,,,,,,,,,,,,,,,,,,,,,,,,,,,,,,,,,
,,,,New,JACKSON EMC,,,see #1,,,,,09/06/24,,see #1,,,,,,,#VALUE!,,,,,,,,YES,,,,,,,,,,,,,,,,,,,,,,,,,,,,,,,,,,,,,,,
,,,,New,JACKSON EMC-1,,,07/11/24,,,,,09/06/24,,09/19/24,,,,,,,#VALUE!,,,,,,,,YES,,,,,,,,,,,,,,,,,,,,,,,,,,,,,,,,,,,,,,,
,,,,,,,,07/11/24,,,,,09/06/24,,09/17/24,,,,,,,,,,,,,,,NO,,,,,,,,,,,,,,,,,,,,,,,,,,,,,,,,,,,,,,,
,,,,Onskid,COP-WG,,,see #1,,,,,09/09/24,,see #1,,,,,,,,,,,,,,,YES,,,,,,,,,,,,,,,,,,,,,,,,,,,,,,,,,,,,,,,
,,,,Onskid,CVX-F,,,see #1,,,,,09/09/24,,see #1,,,,,,,,,,,,,,,YES,,,,,,,,,,,,,,,,,,,,,,,,,,,,,,,,,,,,,,,
,,,,Onskid,WWM-B,,,see #1,,,,,09/09/24,,see #1,,,,,,,,,,,,,,,YES,,,,,,,,,,,,,,,,,,,,,,,,,,,,,,,,,,,,,,,
,,,,Offskid,GUPCO-E,,,07/15/24,,,,,09/10/24,,09/19/24,,,,,,,,,,,,,,,YES,,,,,,,,,,,,,,,,,,,,,,,,,,,,,,,,,,,,,,,
,,,,,,,,07/15/24,,,,,09/10/24,,09/19/24,,,,,,,,,,,,,,,NO,,,,,,,,,,,,,,,,,,,,,,,,,,,,,,,,,,,,,,,
,,,,,,,,07/15/24,,,,,09/10/24,,09/19/24,,,,,,,,,,,,,,,NO,,,,,,,,,,,,,,,,,,,,,,,,,,,,,,,,,,,,,,,
,,,,Onskid,PROP-34,,,07/16/24,,,,,09/11/24,,10/03/24,,,,,,,,,,,,,,,YES,,,,,,,,,,,,,,,,,,,,,,,,,,,,,,,,,,,,,,,
,,,,New,GLACIER BADAMI,,,07/16/24,,,,,09/11/24,,09/25/24,,,,,,,#VALUE!,,,,,,,,YES,,,,,,,,,,,,,,,,,,,,,,,,,,,,,,,,,,,,,,,
,,,,New,GLACIER BADAMI,,,see #1,,,,,09/11/24,,see #1,,,,,,,#VALUE!,,,,,,,,YES,,,,,,,,,,,,,,,,,,,,,,,,,,,,,,,,,,,,,,,
,,,,,,,,07/17/24,,,,,09/12/24,,09/23/24,,,,,,,,,,,,,,,NO,,,,,,,,,,,,,,,,,,,,,,,,,,,,,,,,,,,,,,,
,,,,,,,,07/17/24,,,,,09/12/24,,09/23/24,,,,,,,,,,,,,,,NO,,,,,,,,,,,,,,,,,,,,,,,,,,,,,,,,,,,,,,,
,,,,,,,,07/17/24,,,,,09/12/24,,09/23/24,,,,,,,,,,,,,,,NO,,,,,,,,,,,,,,,,,,,,,,,,,,,,,,,,,,,,,,,
,,,,Onskid,TEMPLE,,,07/18/24,,,,,09/13/24,,09/25/24,,,,,,,,,,,,,,,YES,,,,,,,,,,,,,,,,,,,,,,,,,,,,,,,,,,,,,,,
,,,,Offskid,CLEARWAY,,,07/18/24,,,,,09/13/24,,09/24/24,,,,,,,#VALUE!,,,,,,,,YES,,,,,,,,,,,,,,,,,,,,,,,,,,,,,,,,,,,,,,,
,,,,,,,,07/18/24,,,,,09/13/24,,09/24/24,,,,,,,,,,,,,,,NO,,,,,,,,,,,,,,,,,,,,,,,,,,,,,,,,,,,,,,,
,,,,,,,,07/19/24,,,,,09/16/24,,09/25/24,,,,,,,,,,,,,,,NO,,,,,,,,,,,,,,,,,,,,,,,,,,,,,,,,,,,,,,,
,,,,,,,,07/19/24,,,,,09/16/24,,09/25/24,,,,,,,,,,,,,,,NO,,,,,,,,,,,,,,,,,,,,,,,,,,,,,,,,,,,,,,,
,,,,Onskid,COP-WM SHIP AHEAD,,,07/19/24,,,,,09/16/24,,10/15/24,,,,,,,#VALUE!,,,,,,,,YES,,,,,,,,,,,,,,,,,,,,,,,,,,,,,,,,,,,,,,,
,,,,Onskid,COP-WM SHIP AHEAD,,,see #1,,,,,09/17/24,,see #1,,,,,,,#VALUE!,,,,,,,,YES,,,,,,,,,,,,,,,,,,,,,,,,,,,,,,,,,,,,,,,
,,,,,,,,07/22/24,,,,,09/17/24,,09/26/24,,,,,,,,,,,,,,,NO,,,,,,,,,,,,,,,,,,,,,,,,,,,,,,,,,,,,,,,
,,,,,,,,07/22/24,,,,,09/17/24,,09/26/24,,,,,,,,,,,,,,,NO,,,,,,,,,,,,,,,,,,,,,,,,,,,,,,,,,,,,,,,
,,,,New,ENQUEST,,,07/23/24,,,,,09/18/24,,10/02/24,,,,,,,#VALUE!,,,,,,,,YES,,,,,,,,,,,,,,,,,,,,,,,,,,,,,,,,,,,,,,,
,,,,New,TRUNKLINE,,,07/23/24,,,,,09/18/24,,09/30/24,,,,,,,#VALUE!,,,,,,,,YES,,,,,,,,,,,,,,,,,,,,,,,,,,,,,,,,,,,,,,,
,,,,Onskid,PROP-35,,,07/23/24,,,,,09/18/24,,10/08/24,,,,,,,,,,,,,,,YES,,,,,,,,,,,,,,,,,,,,,,,,,,,,,,,,,,,,,,,
,,,,,,,,07/24/24,,,,,09/19/24,,09/30/24,,,,,,,,,,,,,,,NO,,,,,,,,,,,,,,,,,,,,,,,,,,,,,,,,,,,,,,,
,,,,NTB,ONGC-D,,,07/24/24,,,,,09/19/24,,10/03/24,,,,,,,,,,,,,,,YES,,,,,,,,,,,,,,,,,,,,,,,,,,,,,,,,,,,,,,,
,,,,Onskid,TC-BR,,,07/24/24,,,,,09/19/24,,09/30/24,,,,,,,,,,,,,,,YES,,,,,,,,,,,,,,,,,,,,,,,,,,,,,,,,,,,,,,,
,,,,Onskid,PGMSK13,,,07/25/24,,,,,09/20/24,,10/07/24,,,,,,,,,,,,,,,YES,,,,,,,,,,,,,,,,,,,,,,,,,,,,,,,,,,,,,,,
,,,,,,,,07/25/24,,,,,09/20/24,,10/01/24,,,,,,,,,,,,,,,NO,,,,,,,,,,,,,,,,,,,,,,,,,,,,,,,,,,,,,,,
,,,,,,,,07/25/24,,,,,09/20/24,,10/01/24,,,,,,,,,,,,,,,NO,,,,,,,,,,,,,,,,,,,,,,,,,,,,,,,,,,,,,,,
,,,,,,,,07/26/24,,,,,09/23/24,,10/02/24,,,,,,,,,,,,,,,NO,,,,,,,,,,,,,,,,,,,,,,,,,,,,,,,,,,,,,,,
,,,,,,,,07/26/24,,,,,09/23/24,,10/02/24,,,,,,,,,,,,,,,NO,,,,,,,,,,,,,,,,,,,,,,,,,,,,,,,,,,,,,,,
,,,,Onskid,VLE-J,,,07/26/24,,,,,09/23/24,,10/03/24,,,,,,,,,,,,,,,YES,,,,,,,,,,,,,,,,,,,,,,,,,,,,,,,,,,,,,,,
,,,,,,,,07/29/24,,,,,09/24/24,,10/03/24,,,,,,,,,,,,,,,NO,,,,,,,,,,,,,,,,,,,,,,,,,,,,,,,,,,,,,,,
,,,,Onskid,SRE-LC,,,07/29/24,,,,,09/24/24,,10/07/24,,,,,,,,,,,,,,,YES,,,,,,,,,,,,,,,,,,,,,,,,,,,,,,,,,,,,,,,
,,,,,,,,07/29/24,,,,,09/24/24,,10/03/24,,,,,,,,,,,,,,,NO,,,,,,,,,,,,,,,,,,,,,,,,,,,,,,,,,,,,,,,
,,,,,,,,07/30/24,,,,,09/25/24,,10/04/24,,,,,,,,,,,,,,,NO,,,,,,,,,,,,,,,,,,,,,,,,,,,,,,,,,,,,,,,
,,,,,,,,07/30/24,,,,,09/25/24,,10/04/24,,,,,,,,,,,,,,,NO,,,,,,,,,,,,,,,,,,,,,,,,,,,,,,,,,,,,,,,
,,,,Onskid,ENB-APT,,,07/30/24,,,,,09/25/24,,10/02/24,,,,,,,,,,,,,,,YES,,,,,,,,,,,,,,,,,,,,,,,,,,,,,,,,,,,,,,,
,,,,,,,,07/31/24,,,,,09/26/24,,10/07/24,,,,,,,,,,,,,,,NO,,,,,,,,,,,,,,,,,,,,,,,,,,,,,,,,,,,,,,,
,,,,,,,,07/31/24,,,,,09/26/24,,10/07/24,,,,,,,,,,,,,,,NO,,,,,,,,,,,,,,,,,,,,,,,,,,,,,,,,,,,,,,,
,,,,,,,,07/31/24,,,,,09/26/24,,10/07/24,,,,,,,,,,,,,,,NO,,,,,,,,,,,,,,,,,,,,,,,,,,,,,,,,,,,,,,,
,,,,,,,,08/01/24,,,,,09/27/24,,10/08/24,,,,,,,,,,,,,,,NO,,,,,,,,,,,,,,,,,,,,,,,,,,,,,,,,,,,,,,,
,,,,New,TALLGRASS,,,08/01/24,,,,,09/27/24,,10/04/24,,,,,,,#VALUE!,,,,,,,,YES,,,,,,,,,,,,,,,,,,,,,,,,,,,,,,,,,,,,,,,
,,,,Onskid,HOC-G STATION,,,08/01/24,,,,,09/27/24,,10/08/24,,,,,,,#VALUE!,,,,,,,,YES,,,,,,,,,,,,,,,,,,,,,,,,,,,,,,,,,,,,,,,
,,,,New,RHODE ISLAND,,,08/02/24,,,,,09/30/24,,10/07/24,,,,,,,#VALUE!,,,,,,,,YES,,,,,,,,,,,,,,,,,,,,,,,,,,,,,,,,,,,,,,,
,,,,,,,,08/02/24,,,,,09/30/24,,10/09/24,,,,,,,,,,,,,,,NO,,,,,,,,,,,,,,,,,,,,,,,,,,,,,,,,,,,,,,,
,,,,Onskid,SU-MOD,,,08/02/24,,,,,09/30/24,,10/08/24,,,,,,,,,,,,,,,YES,,,,,,,,,,,,,,,,,,,,,,,,,,,,,,,,,,,,,,,
,,,,Onskid,ENB-AP,,,08/05/24,,,,,10/01/24,,10/10/24,,,,,,,,,,,,,,,YES,,,,,,,,,,,,,,,,,,,,,,,,,,,,,,,,,,,,,,,
,,,,Offskid,NOC ASXXB,,,08/05/24,,,,,10/01/24,,10/21/24,,,,,,,#VALUE!,,,,,,,,YES,,,,,,,,,,,,,,,,,,,,,,,,,,,,,,,,,,,,,,,
,,,,Offskid,FLOAT,,,08/05/24,,,,,10/01/24,,10/10/24,,,,,,,,,,,,,,,NO,,,,,,,,,,,,,,,,,,,,,,,,,,,,,,,,,,,,,,,
,,,,Offskid,ONGC-D,,,08/06/24,,,,,10/02/24,,10/10/24,,,,,,,,,,,,,,,YES,,,,,,,,,,,,,,,,,,,,,,,,,,,,,,,,,,,,,,,
,,,,Onskid,EPD-J1,,,08/06/24,,,,,10/02/24,,10/10/24,,,,,,,,,,,,,,,YES,,,,,,,,,,,,,,,,,,,,,,,,,,,,,,,,,,,,,,,
,,,,,,,,08/06/24,,,,,10/02/24,,10/11/24,,,,,,,,,,,,,,,NO,,,,,,,,,,,,,,,,,,,,,,,,,,,,,,,,,,,,,,,
,,,,Onskid,ENB-AP,,,see #1,,,,,10/03/24,,see #1,,,,,,,,,,,,,,,YES,,,,,,,,,,,,,,,,,,,,,,,,,,,,,,,,,,,,,,,
,,,,Offskid,NOC T60,,,08/07/24,,,,,10/03/24,,10/23/24,,,,,,,#VALUE!,,,,,,,,YES,,,,,,,,,,,,,,,,,,,,,,,,,,,,,,,,,,,,,,,
,,,,Offskid,FLOAT,,,08/07/24,,,,,10/03/24,,10/14/24,,,,,,,,,,,,,,,NO,,,,,,,,,,,,,,,,,,,,,,,,,,,,,,,,,,,,,,,
,,,,,,,,08/08/24,,,,,10/04/24,,10/15/24,,,,,,,,,,,,,,,NO,,,,,,,,,,,,,,,,,,,,,,,,,,,,,,,,,,,,,,,
,,,,,,,,08/08/24,,,,,10/04/24,,10/15/24,,,,,,,,,,,,,,,NO,,,,,,,,,,,,,,,,,,,,,,,,,,,,,,,,,,,,,,,
,,,,,,,,08/08/24,,,,,10/04/24,,10/15/24,,,,,,,,,,,,,,,NO,,,,,,,,,,,,,,,,,,,,,,,,,,,,,,,,,,,,,,,
,,,,,,,,08/09/24,,,,,10/07/24,,10/16/24,,,,,,,,,,,,,,,NO,,,,,,,,,,,,,,,,,,,,,,,,,,,,,,,,,,,,,,,
,,,,,,,,08/09/24,,,,,10/07/24,,10/16/24,,,,,,,,,,,,,,,NO,,,,,,,,,,,,,,,,,,,,,,,,,,,,,,,,,,,,,,,
,,,,,,,,08/09/24,,,,,10/07/24,,10/16/24,,,,,,,,,,,,,,,NO,,,,,,,,,,,,,,,,,,,,,,,,,,,,,,,,,,,,,,,
,,,,,,,,08/12/24,,,,,10/08/24,,10/17/24,,,,,,,,,,,,,,,NO,,,,,,,,,,,,,,,,,,,,,,,,,,,,,,,,,,,,,,,
,,,,,,,,08/12/24,,,,,10/08/24,,10/17/24,,,,,,,,,,,,,,,NO,,,,,,,,,,,,,,,,,,,,,,,,,,,,,,,,,,,,,,,
,,,,Onskid,PGMSK14,,,08/12/24,,,,,10/08/24,,10/17/24,,,,,,,,,,,,,,,YES,,,,,,,,,,,,,,,,,,,,,,,,,,,,,,,,,,,,,,,
,,,,,,,,08/13/24,,,,,10/09/24,,10/18/24,,,,,,,,,,,,,,,NO,,,,,,,,,,,,,,,,,,,,,,,,,,,,,,,,,,,,,,,
,,,,,,,,08/13/24,,,,,10/09/24,,10/18/24,,,,,,,,,,,,,,,NO,,,,,,,,,,,,,,,,,,,,,,,,,,,,,,,,,,,,,,,
,,,,,,,,08/13/24,,,,,10/09/24,,10/18/24,,,,,,,,,,,,,,,NO,,,,,,,,,,,,,,,,,,,,,,,,,,,,,,,,,,,,,,,
,,,,,,,,08/14/24,,,,,10/10/24,,10/21/24,,,,,,,,,,,,,,,NO,,,,,,,,,,,,,,,,,,,,,,,,,,,,,,,,,,,,,,,
,,,,New,EPROD,,,08/14/24,,,,,10/10/24,,10/21/24,,,,,,,#VALUE!,,,,,,,,YES,,,,,,,,,,,,,,,,,,,,,,,,,,,,,,,,,,,,,,,
,,,,New,EPROD,,,see #1,,,,,10/10/24,,see #1,,,,,,,#VALUE!,,,,,,,,YES,,,,,,,,,,,,,,,,,,,,,,,,,,,,,,,,,,,,,,,
,,,,New,MPLX-S,,,08/15/24,,,,,10/11/24,,10/18/24,,,,,,,,,,,,,,,YES,,,,,,,,,,,,,,,,,,,,,,,,,,,,,,,,,,,,,,,
,,,,Onskid,PROP-36,,,08/15/24,,,,,10/11/24,,10/18/24,,,,,,,,,,,,,,,YES,,,,,,,,,,,,,,,,,,,,,,,,,,,,,,,,,,,,,,,
,,,,Onskid,PROP-37,,,08/15/24,,,,,10/11/24,,10/22/24,,,,,,,,,,,,,,,YES,,,,,,,,,,,,,,,,,,,,,,,,,,,,,,,,,,,,,,,
,,,,Onskid,SRE-LC,,,see #1,,,,,10/14/24,,see #1,,,,,,,,,,,,,,,YES,,,,,,,,,,,,,,,,,,,,,,,,,,,,,,,,,,,,,,,
,,,,Onskid,HEARTCP,,,08/16/24,,,,,10/14/24,,10/23/24,,,,,,,,,,,,,,,YES,,,,,,,,,,,,,,,,,,,,,,,,,,,,,,,,,,,,,,,
,,,,,,,,08/16/24,,,,,10/14/24,,10/23/24,,,,,,,,,,,,,,,NO,,,,,,,,,,,,,,,,,,,,,,,,,,,,,,,,,,,,,,,
,,,,,,,,08/19/24,,,,,10/15/24,,10/24/24,,,,,,,,,,,,,,,NO,,,,,,,,,,,,,,,,,,,,,,,,,,,,,,,,,,,,,,,
,,,,,,,,08/19/24,,,,,10/15/24,,10/24/24,,,,,,,,,,,,,,,NO,,,,,,,,,,,,,,,,,,,,,,,,,,,,,,,,,,,,,,,
,,,,Onskid,PROP-38,,,08/19/24,,,,,10/15/24,,10/24/24,,,,,,,,,,,,,,,YES,,,,,,,,,,,,,,,,,,,,,,,,,,,,,,,,,,,,,,,
,,,,,,,,08/20/24,,,,,10/16/24,,10/25/24,,,,,,,,,,,,,,,NO,,,,,,,,,,,,,,,,,,,,,,,,,,,,,,,,,,,,,,,
,,,,,,,,08/20/24,,,,,10/16/24,,10/25/24,,,,,,,,,,,,,,,NO,,,,,,,,,,,,,,,,,,,,,,,,,,,,,,,,,,,,,,,
,,,,,,,,08/20/24,,,,,10/16/24,,10/25/24,,,,,,,,,,,,,,,NO,,,,,,,,,,,,,,,,,,,,,,,,,,,,,,,,,,,,,,,
,,,,Onskid,WIL1202,,,08/21/24,,,,,10/17/24,,10/24/24,,,,,,,,,,,,,,,YES,,,,,,,,,,,,,,,,,,,,,,,,,,,,,,,,,,,,,,,
,,,,New,KM DUMAS,,,08/21/24,,,,,10/17/24,,10/24/24,,,,,,,#VALUE!,,,,,,,,YES,,,,,,,,,,,,,,,,,,,,,,,,,,,,,,,,,,,,,,,
,,,,New,KM DUMAS,,,see #1,,,,,10/17/24,,see #1,,,,,,,#VALUE!,,,,,,,,YES,,,,,,,,,,,,,,,,,,,,,,,,,,,,,,,,,,,,,,,
,,,,Onskid,SRE-LC,,,see #1,,,,,10/18/24,,see #1,,,,,,,,,,,,,,,YES,,,,,,,,,,,,,,,,,,,,,,,,,,,,,,,,,,,,,,,
,,,,,,,,08/22/24,,,,,10/18/24,,10/29/24,,,,,,,,,,,,,,,NO,,,,,,,,,,,,,,,,,,,,,,,,,,,,,,,,,,,,,,,
,,,,,,,,08/22/24,,,,,10/18/24,,10/29/24,,,,,,,,,,,,,,,NO,,,,,,,,,,,,,,,,,,,,,,,,,,,,,,,,,,,,,,,
,,,,New,TORAY,,,08/23/24,,,,,10/21/24,,11/04/24,,,,,,,#VALUE!,,,,,,,,YES,,,,,,,,,,,,,,,,,,,,,,,,,,,,,,,,,,,,,,,
,,,,,,,,08/23/24,,,,,10/21/24,,10/30/24,,,,,,,,,,,,,,,NO,,,,,,,,,,,,,,,,,,,,,,,,,,,,,,,,,,,,,,,
,,,,Offskid,SANTA CATARINA,,,08/23/24,,,,,10/21/24,,11/18/24,,,,,,,#VALUE!,,,,,,,,YES,,,,,,,,,,,,,,,,,,,,,,,,,,,,,,,,,,,,,,,
,,,,,,,,08/26/24,,,,,10/22/24,,10/31/24,,,,,,,,,,,,,,,NO,,,,,,,,,,,,,,,,,,,,,,,,,,,,,,,,,,,,,,,
,,,,,,,,08/26/24,,,,,10/22/24,,10/31/24,,,,,,,,,,,,,,,NO,,,,,,,,,,,,,,,,,,,,,,,,,,,,,,,,,,,,,,,
,,,,Onskid,ENB-A,,,08/26/24,,,,,10/22/24,,10/28/24,,,,,,,,,,,,,,,YES,,,,,,,,,,,,,,,,,,,,,,,,,,,,,,,,,,,,,,,
,,,,,,,,08/27/24,,,,,10/23/24,,11/01/24,,,,,,,,,,,,,,,NO,,,,,,,,,,,,,,,,,,,,,,,,,,,,,,,,,,,,,,,
,,,,,,,,08/27/24,,,,,10/23/24,,11/01/24,,,,,,,,,,,,,,,NO,,,,,,,,,,,,,,,,,,,,,,,,,,,,,,,,,,,,,,,
,,,,,,,,08/27/24,,,,,10/23/24,,11/01/24,,,,,,,,,,,,,,,NO,,,,,,,,,,,,,,,,,,,,,,,,,,,,,,,,,,,,,,,
,,,,Onskid,LINY-HP,,,see #1,,,,,10/24/24,,see #1,,,,,,,,,,08/21/26,,,,,YES,,,,,,,,,,,,,,,,,,,,,,,,,,,,,,,,,,,,,,,
,,,,,,,,08/28/24,,,,,10/24/24,,11/04/24,,,,,,,,,,,,,,,NO,,,,,,,,,,,,,,,,,,,,,,,,,,,,,,,,,,,,,,,
,,,,,,,,08/28/24,,,,,10/24/24,,11/04/24,,,,,,,,,,,,,,,NO,,,,,,,,,,,,,,,,,,,,,,,,,,,,,,,,,,,,,,,
,,,,,,,,08/29/24,,,,,10/25/24,,11/05/24,,,,,,,,,,,,,,,NO,,,,,,,,,,,,,,,,,,,,,,,,,,,,,,,,,,,,,,,
,,,,Onskid,PROP-39,,,08/29/24,,,,,10/25/24,,10/31/24,,,,,,,,,,,,,,,YES,,,,,,,,,,,,,,,,,,,,,,,,,,,,,,,,,,,,,,,
,,,,,,,,08/29/24,,,,,10/25/24,,11/05/24,,,,,,,,,,,,,,,NO,,,,,,,,,,,,,,,,,,,,,,,,,,,,,,,,,,,,,,,
,,,,,,,,08/30/24,,,,,10/28/24,,11/06/24,,,,,,,,,,,,,,,NO,,,,,,,,,,,,,,,,,,,,,,,,,,,,,,,,,,,,,,,
,,,,,,,,08/30/24,,,,,10/28/24,,11/06/24,,,,,,,,,,,,,,,NO,,,,,,,,,,,,,,,,,,,,,,,,,,,,,,,,,,,,,,,
,,,,New,HILCORP,,,08/30/24,,,,,10/28/24,,10/31/24,,,,,,,#VALUE!,,,,,,,,YES,,,,,,,,,,,,,,,,,,,,,,,,,,,,,,,,,,,,,,,
,,,,New,HILCORP,,,see #1,,,,,10/29/24,,see #1,,,,,,,#VALUE!,,,,,,,,YES,,,,,,,,,,,,,,,,,,,,,,,,,,,,,,,,,,,,,,,
,,,,,,,,09/03/24,,,,,10/29/24,,11/07/24,,,,,,,,,,,,,,,NO,,,,,,,,,,,,,,,,,,,,,,,,,,,,,,,,,,,,,,,
,,,,Onskid,WAHA-D,,,09/03/24,,,,,10/29/24,,11/07/24,,,,,,,,,,,,,,,YES,,,,,,,,,,,,,,,,,,,,,,,,,,,,,,,,,,,,,,,
,,,,Onskid,ENGI-C,,,09/04/24,,,,,10/30/24,,11/04/24,,,,,,,,,,,,,,,YES,,,,,,,,,,,,,,,,,,,,,,,,,,,,,,,,,,,,,,,
,,,,,,,,09/04/24,,,,,10/30/24,,11/08/24,,,,,,,,,,,,,,,YES,,,,,,,,,,,,,,,,,,,,,,,,,,,,,,,,,,,,,,,
,,,,Onskid,WAHA-D,,,see #1,,,,,10/30/24,,see #1,,,,,,,,,,,,,,,YES,,,,,,,,,,,,,,,,,,,,,,,,,,,,,,,,,,,,,,,
,,,,,,,,09/05/24,,,,,10/31/24,,11/11/24,,,,,,,,,,,,,,,NO,,,,,,,,,,,,,,,,,,,,,,,,,,,,,,,,,,,,,,,
,,,,Offskid,SAGL,,,09/05/24,,,,,10/31/24,,11/13/24,,,,,,,#VALUE!,,,,,,,,YES,,,,,,,,,,,,,,,,,,,,,,,,,,,,,,,,,,,,,,,
,,,,,,,,09/05/24,,,,,10/31/24,,11/11/24,,,,,,,,,,,,,,,NO,,,,,,,,,,,,,,,,,,,,,,,,,,,,,,,,,,,,,,,
,,,,,,,,09/06/24,,,,,11/01/24,,11/12/24,,,,,,,,,,,,,,,NO,,,,,,,,,,,,,,,,,,,,,,,,,,,,,,,,,,,,,,,
,,,,,,,,09/06/24,,,,,11/01/24,,11/12/24,,,,,,,,,,,,,,,NO,,,,,,,,,,,,,,,,,,,,,,,,,,,,,,,,,,,,,,,
,,,,,,,,09/06/24,,,,,11/01/24,,11/12/24,,,,,,,,,,,,,,,NO,,,,,,,,,,,,,,,,,,,,,,,,,,,,,,,,,,,,,,,
,,,,Onskid,ENGI-C,,,see #1,,,,,11/04/24,,see #1,,,,,,,,,,,,,,,YES,,,,,,,,,,,,,,,,,,,,,,,,,,,,,,,,,,,,,,,
,,,,,,,,09/09/24,,,,,11/04/24,,11/13/24,,,,,,,,,,,,,,,NO,,,,,,,,,,,,,,,,,,,,,,,,,,,,,,,,,,,,,,,
,,,,,,,,09/09/24,,,,,11/04/24,,11/13/24,,,,,,,,,,,,,,,NO,,,,,,,,,,,,,,,,,,,,,,,,,,,,,,,,,,,,,,,
,,,,,,,,09/10/24,,,,,11/05/24,,11/14/24,,,,,,,,,,,,,,,NO,,,,,,,,,,,,,,,,,,,,,,,,,,,,,,,,,,,,,,,
,,,,,,,,09/10/24,,,,,11/05/24,,11/14/24,,,,,,,,,,,,,,,NO,,,,,,,,,,,,,,,,,,,,,,,,,,,,,,,,,,,,,,,
,,,,,,,,09/10/24,,,,,11/05/24,,11/14/24,,,,,,,,,,,,,,,NO,,,,,,,,,,,,,,,,,,,,,,,,,,,,,,,,,,,,,,,
,,,,,,,,09/11/24,,,,,11/06/24,,11/15/24,,,,,,,,,,,,,,,NO,,,,,,,,,,,,,,,,,,,,,,,,,,,,,,,,,,,,,,,
,,,,Onskid,PROP-40,,,09/11/24,,,,,11/06/24,,11/12/24,,,,,,,,,,,,,,,YES,,,,,,,,,,,,,,,,,,,,,,,,,,,,,,,,,,,,,,,
,,,,,,,,09/11/24,,,,,11/06/24,,11/15/24,,,,,,,,,,,,,,,NO,,,,,,,,,,,,,,,,,,,,,,,,,,,,,,,,,,,,,,,
,,,,Onskid,ENGI-C,,,see #1,,,,,11/07/24,,see #1,,,,,,,,,,,,,,,YES,,,,,,,,,,,,,,,,,,,,,,,,,,,,,,,,,,,,,,,
,,,,,,,,09/12/24,,,,,11/07/24,,11/18/24,,,,,,,,,,,,,,,NO,,,,,,,,,,,,,,,,,,,,,,,,,,,,,,,,,,,,,,,
,,,,,,,,09/12/24,,,,,11/07/24,,11/18/24,,,,,,,,,,,,,,,NO,,,,,,,,,,,,,,,,,,,,,,,,,,,,,,,,,,,,,,,
,,,,New,TENNESSEE GPL,,,09/13/24,,,,,11/08/24,,11/18/24,,,,,,,#VALUE!,,,,,,,,YES,,,,,,,,,,,,,,,,,,,,,,,,,,,,,,,,,,,,,,,
,,,,,,,,09/13/24,,,,,11/08/24,,11/19/24,,,,,,,,,,,,,,,NO,,,,,,,,,,,,,,,,,,,,,,,,,,,,,,,,,,,,,,,
,,,,Onskid,DTE-MAR,,,09/13/24,,,,,11/08/24,,11/15/24,,,,,,,,,,,,,,,YES,,,,,,,,,,,,,,,,,,,,,,,,,,,,,,,,,,,,,,,
,,,,Onskid,KM-CS40,,,09/16/24,,,,,11/11/24,,11/18/24,,,,,,,,,,,,,,,YES,,,,,,,,,,,,,,,,,,,,,,,,,,,,,,,,,,,,,,,
,,,,,,,,09/16/24,,,,,11/11/24,,11/20/24,,,,,,,,,,,,,,,NO,,,,,,,,,,,,,,,,,,,,,,,,,,,,,,,,,,,,,,,
,,,,,,,,09/16/24,,,,,11/11/24,,11/20/24,,,,,,,,,,,,,,,NO,,,,,,,,,,,,,,,,,,,,,,,,,,,,,,,,,,,,,,,
,,,,Onskid,ENGI-L2,,,09/17/24,,,,,11/12/24,,11/21/24,,,,,,,,,,,,,,,YES,,,,,,,,,,,,,,,,,,,,,,,,,,,,,,,,,,,,,,,
,,,,,,,,09/17/24,,,,,11/12/24,,11/21/24,,,,,,,,,,,,,,,NO,,,,,,,,,,,,,,,,,,,,,,,,,,,,,,,,,,,,,,,
,,,,,,,,09/17/24,,,,,11/12/24,,11/21/24,,,,,,,,,,,,,,,NO,,,,,,,,,,,,,,,,,,,,,,,,,,,,,,,,,,,,,,,
,,,,,,,,09/18/24,,,,,11/13/24,,11/22/24,,,,,,,,,,,,,,,NO,,,,,,,,,,,,,,,,,,,,,,,,,,,,,,,,,,,,,,,
,,,,Onskid,DTE-MAR,,,see #1,,,,,11/13/24,,see #1,,,,,,,,,,,,,,,YES,,,,,,,,,,,,,,,,,,,,,,,,,,,,,,,,,,,,,,,
,,,,,,,,09/18/24,,,,,11/13/24,,11/22/24,,,,,,,,,,,,,,,NO,,,,,,,,,,,,,,,,,,,,,,,,,,,,,,,,,,,,,,,
,,,,,,,,09/19/24,,,,,11/14/24,,11/25/24,,,,,,,,,,,,,,,NO,,,,,,,,,,,,,,,,,,,,,,,,,,,,,,,,,,,,,,,
,,,,,,,,09/19/24,,,,,11/14/24,,11/25/24,,,,,,,,,,,,,,,NO,,,,,,,,,,,,,,,,,,,,,,,,,,,,,,,,,,,,,,,
,,,,,,,,09/19/24,,,,,11/14/24,,11/25/24,,,,,,,,,,,,,,,NO,,,,,,,,,,,,,,,,,,,,,,,,,,,,,,,,,,,,,,,
,,,,Onskid,ENGI-L2,,,see #1,,,,,11/15/24,,see #1,,,,,,,,,,,,,,,YES,,,,,,,,,,,,,,,,,,,,,,,,,,,,,,,,,,,,,,,
,,,,,,,,09/20/24,,,,,11/15/24,,11/26/24,,,,,,,,,,,,,,,NO,,,,,,,,,,,,,,,,,,,,,,,,,,,,,,,,,,,,,,,
,,,,NTB,RUYA-WP,,,09/20/24,,,,,11/15/24,,11/21/24,,,,,,,,,,,,,,,YES,,,,,,,,,,,,,,,,,,,,,,,,,,,,,,,,,,,,,,,
,,,,Offskid,RUYA-WP,,,09/23/24,,,,,11/18/24,,11/26/24,,,,,,,,,,,,,,,YES,,,,,,,,,,,,,,,,,,,,,,,,,,,,,,,,,,,,,,,
,,,,,,,,09/23/24,,,,,11/18/24,,11/27/24,,,,,,,,,,,,,,,NO,,,,,,,,,,,,,,,,,,,,,,,,,,,,,,,,,,,,,,,
,,,,,,,,09/23/24,,,,,11/18/24,,11/27/24,,,,,,,,,,,,,,,NO,,,,,,,,,,,,,,,,,,,,,,,,,,,,,,,,,,,,,,,
,,,,Onskid,ENGI-L2,,,see #1,,,,,11/19/24,,see #1,,,,,,,,,,,,,,,YES,,,,,,,,,,,,,,,,,,,,,,,,,,,,,,,,,,,,,,,
,,,,,,,,09/24/24,,,,,11/19/24,,12/02/24,,,,,,,,,,,,,,,NO,,,,,,,,,,,,,,,,,,,,,,,,,,,,,,,,,,,,,,,
,,,,Onskid,PROP-41,,,09/24/24,,,,,11/19/24,,11/26/24,,,,,,,,,,,,,,,YES,,,,,,,,,,,,,,,,,,,,,,,,,,,,,,,,,,,,,,,
,,,,,,,,09/25/24,,,,,11/20/24,,12/03/24,,,,,,,,,,,,,,,NO,,,,,,,,,,,,,,,,,,,,,,,,,,,,,,,,,,,,,,,
,,,,,,,,09/25/24,,,,,11/20/24,,12/03/24,,,,,,,,,,,,,,,NO,,,,,,,,,,,,,,,,,,,,,,,,,,,,,,,,,,,,,,,
,,,,,,,,09/25/24,,,,,11/20/24,,12/03/24,,,,,,,,,,,,,,,NO,,,,,,,,,,,,,,,,,,,,,,,,,,,,,,,,,,,,,,,
,,,,,,,,09/26/24,,,,,11/21/24,,12/04/24,,,,,,,,,,,,,,,NO,,,,,,,,,,,,,,,,,,,,,,,,,,,,,,,,,,,,,,,
,,,,,,,,09/26/24,,,,,11/21/24,,12/04/24,,,,,,,,,,,,,,,NO,,,,,,,,,,,,,,,,,,,,,,,,,,,,,,,,,,,,,,,
,,,,,,,,09/26/24,,,,,11/21/24,,12/04/24,,,,,,,,,,,,,,,NO,,,,,,,,,,,,,,,,,,,,,,,,,,,,,,,,,,,,,,,
,,,,,,,,09/27/24,,,,,11/22/24,,12/05/24,,,,,,,,,,,,,,,NO,,,,,,,,,,,,,,,,,,,,,,,,,,,,,,,,,,,,,,,
,,,,,,,,09/27/24,,,,,11/22/24,,12/05/24,,,,,,,,,,,,,,,NO,,,,,,,,,,,,,,,,,,,,,,,,,,,,,,,,,,,,,,,
,,,,,,,,09/27/24,,,,,11/22/24,,12/05/24,,,,,,,,,,,,,,,NO,,,,,,,,,,,,,,,,,,,,,,,,,,,,,,,,,,,,,,,
,,,,Onskid,PROP-42,,,09/30/24,,,,,11/25/24,,11/27/24,,,,,,,,,,,,,,,YES,,,,,,,,,,,,,,,,,,,,,,,,,,,,,,,,,,,,,,,
,,,,,,,,09/30/24,,,,,11/25/24,,12/06/24,,,,,,,,,,,,,,,NO,,,,,,,,,,,,,,,,,,,,,,,,,,,,,,,,,,,,,,,
,,,,Onskid,S60-50,,,09/30/24,,,,,11/25/24,,12/03/24,,,,,,,,,,,,,,,YES,,,,,,,,,,,,,,,,,,,,,,,,,,,,,,,,,,,,,,,
,,,,,,,,10/01/24,,,,,11/26/24,,12/09/24,,,,,,,,,,,,,,,NO,,,,,,,,,,,,,,,,,,,,,,,,,,,,,,,,,,,,,,,
,,,,,,,,10/01/24,,,,,11/26/24,,12/09/24,,,,,,,,,,,,,,,NO,,,,,,,,,,,,,,,,,,,,,,,,,,,,,,,,,,,,,,,
,,,,,,,,10/01/24,,,,,11/26/24,,12/09/24,,,,,,,,,,,,,,,NO,,,,,,,,,,,,,,,,,,,,,,,,,,,,,,,,,,,,,,,
,,,,Onskid,EOG-G,,,10/02/24,,,,,11/27/24,,12/04/24,,,,,,,,,,,,,,,YES,,,,,,,,,,,,,,,,,,,,,,,,,,,,,,,,,,,,,,,
,,,,New,PENDING-A,,,10/02/24,,,,,11/27/24,,12/10/24,,,,,,,,,,,,,,,YES,,,,,,,,,,,,,,,,,,,,,,,,,,,,,,,,,,,,,,,
,,,,Onskid,TC-GUL,,,10/02/24,,,,,11/27/24,,12/19/24,,,,,,,,,,,,,,,YES,,,,,,,,,,,,,,,,,,,,,,,,,,,,,,,,,,,,,,,
,,,,Onskid,PROP-43,,,10/03/24,,,,,12/02/24,,12/04/24,,,,,,,,,,,,,,,YES,,,,,,,,,,,,,,,,,,,,,,,,,,,,,,,,,,,,,,,
,,,,Onskid,WIL1682,,,10/03/24,,,,,12/02/24,,12/10/24,,,,,,,,,,,,,,,YES,,,,,,,,,,,,,,,,,,,,,,,,,,,,,,,,,,,,,,,
,,,,,,,,10/03/24,,,,,12/02/24,,12/11/24,,,,,,,,,,,,,,,NO,,,,,,,,,,,,,,,,,,,,,,,,,,,,,,,,,,,,,,,
,,,,Onskid,PROP-44,,,10/04/24,,,,,12/03/24,,12/06/24,,,,,,,,,,,,,,,YES,,,,,,,,,,,,,,,,,,,,,,,,,,,,,,,,,,,,,,,
,,,,NTB,CNOOC-X,,,10/04/24,,,,,12/03/24,,12/03/24,,,,,,,,,,,,,,,YES,,,,,,,,,,,,,,,,,,,,,,,,,,,,,,,,,,,,,,,
,,,,NTB,CNOOC-X,,,see #1,,,,,12/03/24,,see #1,,,,,,,,,,,,,,,YES,,,,,,,,,,,,,,,,,,,,,,,,,,,,,,,,,,,,,,,
,,,,,,,,10/07/24,,,,,12/04/24,,12/13/24,,,,,,,,,,,,,,,NO,,,,,,,,,,,,,,,,,,,,,,,,,,,,,,,,,,,,,,,
,,,,NTB,CNOOC-X,,,see #1,,,,,12/04/24,,see #1,,,,,,,,,,,,,,,YES,,,,,,,,,,,,,,,,,,,,,,,,,,,,,,,,,,,,,,,
,,,,Onskid,PGMSK21,,,10/07/24,,,,,12/04/24,,12/17/24,,,,,,,,,,,,,,,YES,,,,,,,,,,,,,,,,,,,,,,,,,,,,,,,,,,,,,,,
,,,,,,,,10/08/24,,,,,12/05/24,,12/16/24,,,,,,,,,,,,,,,NO,,,,,,,,,,,,,,,,,,,,,,,,,,,,,,,,,,,,,,,
,,,,,,,,10/08/24,,,,,12/05/24,,12/16/24,,,,,,,,,,,,,,,NO,,,,,,,,,,,,,,,,,,,,,,,,,,,,,,,,,,,,,,,
,,,,,,,,10/08/24,,,,,12/05/24,,12/16/24,,,,,,,,,,,,,,,NO,,,,,,,,,,,,,,,,,,,,,,,,,,,,,,,,,,,,,,,
,,,,Offskid,CNOOC-X,,,10/09/24,,,,,12/06/24,,12/06/24,,,,,,,,,,,,,,,YES,,,,,,,,,,,,,,,,,,,,,,,,,,,,,,,,,,,,,,,
,,,,,,,,10/09/24,,,,,12/06/24,,12/17/24,,,,,,,,,,,,,,,NO,,,,,,,,,,,,,,,,,,,,,,,,,,,,,,,,,,,,,,,
,,,,Onskid,TC-GUR,,,10/09/24,,,,,12/06/24,,12/20/24,,,,,,,,,,,,,,,YES,,,,,,,,,,,,,,,,,,,,,,,,,,,,,,,,,,,,,,,
,,,,,,,,10/10/24,,,,,12/09/24,,12/18/24,,,,,,,,,,,,,,,NO,,,,,,,,,,,,,,,,,,,,,,,,,,,,,,,,,,,,,,,
,,,,,,,,10/10/24,,,,,12/09/24,,12/18/24,,,,,,,,,,,,,,,NO,,,,,,,,,,,,,,,,,,,,,,,,,,,,,,,,,,,,,,,
,,,,Onskid,EOG-GAT,,,10/10/24,,,,,12/09/24,,12/16/24,,,,,,,,,,,,,,,YES,,,,,,,,,,,,,,,,,,,,,,,,,,,,,,,,,,,,,,,
,,,,Onskid,PGMSK22,,,10/11/24,,,,,12/10/24,,12/19/24,,,,,,,,,,,,,,,YES,,,,,,,,,,,,,,,,,,,,,,,,,,,,,,,,,,,,,,,
,,,,,,,,10/11/24,,,,,12/10/24,,12/19/24,,,,,,,,,,,,,,,NO,,,,,,,,,,,,,,,,,,,,,,,,,,,,,,,,,,,,,,,
,,,,,,,,10/11/24,,,,,12/10/24,,12/19/24,,,,,,,,,,,,,,,NO,,,,,,,,,,,,,,,,,,,,,,,,,,,,,,,,,,,,,,,
,,,,,,,,10/14/24,,,,,12/11/24,,12/20/24,,,,,,,,,,,,,,,NO,,,,,,,,,,,,,,,,,,,,,,,,,,,,,,,,,,,,,,,
,,,,,,,,10/14/24,,,,,12/11/24,,12/20/24,,,,,,,,,,,,,,,NO,,,,,,,,,,,,,,,,,,,,,,,,,,,,,,,,,,,,,,,
,,,,Offskid,CNOOC-X,,,see #1,,,,,12/11/24,,see #1,,,,,,,,,,,,,,,YES,,,,,,,,,,,,,,,,,,,,,,,,,,,,,,,,,,,,,,,
,,,,Onskid,PGMSK23,,,10/15/24,,,,,12/12/24,,12/23/24,,,,,,,,,,,,,,,YES,,,,,,,,,,,,,,,,,,,,,,,,,,,,,,,,,,,,,,,
,,,,Onskid,ERGON1,,,10/15/24,,,,,12/12/24,,12/20/24,,,,,,,,,,,,,,,YES,,,,,,,,,,,,,,,,,,,,,,,,,,,,,,,,,,,,,,,
,,,,,,,,10/15/24,,,,,12/12/24,,12/23/24,,,,,,,,,,,,,,,YES,,,,,,,,,,,,,,,,,,,,,,,,,,,,,,,,,,,,,,,
,,,,Offskid,CNOOC-X,,,see #1,,,,,12/13/24,,see #1,,,,,,,,,,,,,,,YES,,,,,,,,,,,,,,,,,,,,,,,,,,,,,,,,,,,,,,,
,,,,,,,,10/16/24,,,,,12/13/24,,01/02/25,,,,,,,,,,,,,,,NO,,,,,,,,,,,,,,,,,,,,,,,,,,,,,,,,,,,,,,,
,,,,,,,,10/16/24,,,,,12/13/24,,01/02/25,,,,,,,,,,,,,,,NO,,,,,,,,,,,,,,,,,,,,,,,,,,,,,,,,,,,,,,,
,,,,,,,,10/17/24,,,,,12/16/24,,01/03/25,,,,,,,,,,,,,,,NO,,,,,,,,,,,,,,,,,,,,,,,,,,,,,,,,,,,,,,,
,,,,,,,,10/17/24,,,,,12/16/24,,01/03/25,,,,,,,,,,,,,,,NO,,,,,,,,,,,,,,,,,,,,,,,,,,,,,,,,,,,,,,,
,,,,,,,,10/17/24,,,,,12/16/24,,01/03/25,,,,,,,,,,,,,,,NO,,,,,,,,,,,,,,,,,,,,,,,,,,,,,,,,,,,,,,,
,,,,,,,,10/18/24,,,,,12/17/24,,01/06/25,,,,,,,,,,,,,,,NO,,,,,,,,,,,,,,,,,,,,,,,,,,,,,,,,,,,,,,,
,,,,,,,,10/18/24,,,,,12/17/24,,#NUM!,,,,,,,,,,,,,,,,,,,,,,,,,,,,,,,,,,,,,,,,,,,,,,,,,,,,,,
,,,,,,,,10/18/24,,,,,12/17/24,,01/06/25,,,,,,,,,,,,,,,NO,,,,,,,,,,,,,,,,,,,,,,,,,,,,,,,,,,,,,,,
,,,,New,PENDING-A,,,10/21/24,,,,,12/18/24,,01/07/25,,,,,,,,,,,,,,,YES,,,,,,,,,,,,,,,,,,,,,,,,,,,,,,,,,,,,,,,
,,,,,,,,10/21/24,,,,,12/18/24,,01/07/25,,,,,,,,,,,,,,,NO,,,,,,,,,,,,,,,,,,,,,,,,,,,,,,,,,,,,,,,
,,,,,,,,10/21/24,,,,,12/18/24,,01/07/25,,,,,,,,,,,,,,,NO,,,,,,,,,,,,,,,,,,,,,,,,,,,,,,,,,,,,,,,
,,,,,,,,10/22/24,,,,,12/19/24,,01/08/25,,,,,,,,,,,,,,,NO,,,,,,,,,,,,,,,,,,,,,,,,,,,,,,,,,,,,,,,
,,,,,,,,10/22/24,,,,,12/19/24,,01/08/25,,,,,,,,,,,,,,,NO,,,,,,,,,,,,,,,,,,,,,,,,,,,,,,,,,,,,,,,
,,,,,,,,10/22/24,,,,,12/19/24,,01/08/25,,,,,,,,,,,,,,,NO,,,,,,,,,,,,,,,,,,,,,,,,,,,,,,,,,,,,,,,
,,,,,,,,10/23/24,,,,,12/20/24,,01/09/25,,,,,,,,,,,,,,,NO,,,,,,,,,,,,,,,,,,,,,,,,,,,,,,,,,,,,,,,
,,,,,,,,10/23/24,,,,,12/20/24,,01/09/25,,,,,,,,,,,,,,,NO,,,,,,,,,,,,,,,,,,,,,,,,,,,,,,,,,,,,,,,
,,,,Onskid,PROP-45,,,10/23/24,,,,,12/20/24,,12/18/24,,,,,,,,,,,,,,,YES,,,,,,,,,,,,,,,,,,,,,,,,,,,,,,,,,,,,,,,
,,,,,,,,10/24/24,,,,,12/23/24,,01/10/25,,,,,,,,,,,,,,,NO,,,,,,,,,,,,,,,,,,,,,,,,,,,,,,,,,,,,,,,
,,,,,,,,10/24/24,,,,,12/23/24,,01/10/25,,,,,,,,,,,,,,,NO,,,,,,,,,,,,,,,,,,,,,,,,,,,,,,,,,,,,,,,
,,,,Onskid,PROP-46,,,10/24/24,,,,,12/23/24,,12/23/24,,,,,,,,,,,,,,,YES,,,,,,,,,,,,,,,,,,,,,,,,,,,,,,,,,,,,,,,
,,,,Offskid,ONGC-MH,,,10/25/24,,,,,01/02/25,,01/08/25,,,,,,,,,,,,,,,YES,,,,,,,,,,,,,,,,,,,,,,,,,,,,,,,,,,,,,,,
,,,,,FLOAT,,,10/25/24,,,,,01/02/25,,01/13/25,,,,,,,,,,,,,,,NO,,,,,,,,,,,,,,,,,,,,,,,,,,,,,,,,,,,,,,,
,,,,NTB,ONGC-MH,,,10/25/24,,,,,01/02/25,,12/20/24,,,,,,,,,,,,,,,YES,,,,,,,,,,,,,,,,,,,,,,,,,,,,,,,,,,,,,,,
,,,,,,,,10/28/24,,,,,01/03/25,,01/14/25,,,,,,,,,,,,,,,NO,,,,,,,,,,,,,,,,,,,,,,,,,,,,,,,,,,,,,,,
,,,,Offskid,BASRA-N,,,10/28/24,,,,,01/03/25,,01/08/25,,,,,,,,,,,,,,,YES,,,,,,,,,,,,,,,,,,,,,,,,,,,,,,,,,,,,,,,
,,,,NTB,BASRA-N,,,10/28/24,,,,,01/03/25,,01/03/25,,,,,,,,,,,,,,,YES,,,,,,,,,,,,,,,,,,,,,,,,,,,,,,,,,,,,,,,
,,,,NTB,BASRA-N,,,see #1,,,,,01/06/25,,see #1,,,,,,,,,,,,,,,YES,,,,,,,,,,,,,,,,,,,,,,,,,,,,,,,,,,,,,,,
,,,,,,,,10/29/24,,,,,01/06/25,,01/15/25,,,,,,,,,,,,,,,NO,,,,,,,,,,,,,,,,,,,,,,,,,,,,,,,,,,,,,,,
,,,,Onskid,TC-AL,,,10/29/24,,,,,01/06/25,,01/09/25,,,,,,,,,,,,,,,YES,,,,,,,,,,,,,,,,,,,,,,,,,,,,,,,,,,,,,,,
,,,,,,,,10/30/24,,,,,01/07/25,,01/16/25,,,,,,,,,,,,,,,NO,,,,,,,,,,,,,,,,,,,,,,,,,,,,,,,,,,,,,,,
,,,,,,,,10/30/24,,,,,01/07/25,,01/16/25,,,,,,,,,,,,,,,NO,,,,,,,,,,,,,,,,,,,,,,,,,,,,,,,,,,,,,,,
,,,,Offskid,BASRA-N,,,see #1,,,,,01/07/25,,see #1,,,,,,,,,,,,,,,YES,,,,,,,,,,,,,,,,,,,,,,,,,,,,,,,,,,,,,,,
,,,,Offskid,ONGC HERRA,,,10/31/24,,,,,01/08/25,,01/10/25,,,,,,,#VALUE!,,,,,,,,YES,,,,,,,,,,,,,,,,,,,,,,,,,,,,,,,,,,,,,,,
,,,,,,,,10/31/24,,,,,01/08/25,,01/17/25,,,,,,,,,,,,,,,NO,,,,,,,,,,,,,,,,,,,,,,,,,,,,,,,,,,,,,,,
,,,,,,,,10/31/24,,,,,01/08/25,,01/17/25,,,,,,,,,,,,,,,NO,,,,,,,,,,,,,,,,,,,,,,,,,,,,,,,,,,,,,,,
,,,,,,,,11/01/24,,,,,01/09/25,,01/23/25,,,,,,,,,,,,,,,NO,,,,,,,,,,,,,,,,,,,,,,,,,,,,,,,,,,,,,,,
,,,,,,,,11/01/24,,,,,01/09/25,,01/21/25,,,,,,,,,,,,,,,NO,,,,,,,,,,,,,,,,,,,,,,,,,,,,,,,,,,,,,,,
,,,,,,,,11/01/24,,,,,01/09/25,,01/21/25,,,,,,,,,,,,,,,YES,,,,,,,,,,,,,,,,,,,,,,,,,,,,,,,,,,,,,,,
,,,,,,,,11/04/24,,,,,01/10/25,,01/22/25,,,,,,,,,,,,,,,NO,,,,,,,,,,,,,,,,,,,,,,,,,,,,,,,,,,,,,,,
,,,,Onskid,TC-AR,,,11/04/24,,,,,01/10/25,,01/15/25,,,,,,,,,,,,,,,YES,,,,,,,,,,,,,,,,,,,,,,,,,,,,,,,,,,,,,,,
,,,,,,,,11/04/24,,,,,01/10/25,,01/22/25,,,,,,,,,,,,,,,NO,,,,,,,,,,,,,,,,,,,,,,,,,,,,,,,,,,,,,,,
,,,,NTB,RUYA-TC,,,11/05/24,,,,,01/13/25,,01/10/25,,,,,,,,,,,,,,,YES,,,,,,,,,,,,,,,,,,,,,,,,,,,,,,,,,,,,,,,
,,,,,,,,11/05/24,,,,,01/13/25,,01/23/25,,,,,,,,,,,,,,,NO,,,,,,,,,,,,,,,,,,,,,,,,,,,,,,,,,,,,,,,
,,,,,,,,11/05/24,,,,,01/13/25,,01/23/25,,,,,,,,,,,,,,,NO,,,,,,,,,,,,,,,,,,,,,,,,,,,,,,,,,,,,,,,
,,,,Onskid,PROP-47,,,11/06/24,,,,,01/14/25,,01/28/25,,,,,,,,,,,,,,,YES,,,,,,,,,,,,,,,,,,,,,,,,,,,,,,,,,,,,,,,
,,,,,,,,11/06/24,,,,,01/14/25,,01/24/25,,,,,,,,,,,,,,,NO,,,,,,,,,,,,,,,,,,,,,,,,,,,,,,,,,,,,,,,
,,,,,,,,11/06/24,,,,,01/14/25,,01/24/25,,,,,,,,,,,,,,,NO,,,,,,,,,,,,,,,,,,,,,,,,,,,,,,,,,,,,,,,
,,,,Onskid,CES-DC1,,,11/07/24,,,,,01/15/25,,01/27/25,,,,,,,,,,,,,,,YES,,,,,,,,,,,,,,,,,,,,,,,,,,,,,,,,,,,,,,,
,,,,New,FGT STATION,,,11/07/24,,,,,01/15/25,,03/05/25,,,,,,,#VALUE!,,,,,,,,YES,,,,,,,,,,,,,,,,,,,,,,,,,,,,,,,,,,,,,,,
,,,,Offskid,FLOAT,,,11/07/24,,,,,01/15/25,,01/27/25,,,,,,,,,,,,,,,NO,,,,,,,,,,,,,,,,,,,,,,,,,,,,,,,,,,,,,,,
,,,,Onskid,S60-51,,,11/08/24,,,,,01/16/25,,01/27/25,,,,,,,,,,,,,,,YES,,,,,,,,,,,,,,,,,,,,,,,,,,,,,,,,,,,,,,,
,,,,NTB,TRID-GS,,,11/08/24,,,,,01/16/25,,01/21/25,,,,,,,,,,,,,,,YES,,,,,,,,,,,,,,,,,,,,,,,,,,,,,,,,,,,,,,,
,,,,Onskid,PGMSK23,,,see #1,,,,,01/16/25,,see #1,,,,,,,,,,,,,,,YES,,,,,,,,,,,,,,,,,,,,,,,,,,,,,,,,,,,,,,,
,,,,,,,,11/11/24,,,,,01/17/25,,01/29/25,,,,,,,,,,,,,,,NO,,,,,,,,,,,,,,,,,,,,,,,,,,,,,,,,,,,,,,,
,,,,New,ESG VA NORTH,,,11/11/24,,,,,01/17/25,,01/24/25,,,,,,,#VALUE!,,,,,,,,YES,,,,,,,,,,,,,,,,,,,,,,,,,,,,,,,,,,,,,,,
,,,,Onskid,IEN-SA,,,11/11/24,,,,,01/17/25,,01/28/25,,,,,,,,,,,,,,,YES,,,,,,,,,,,,,,,,,,,,,,,,,,,,,,,,,,,,,,,
,,,,,,,,11/12/24,,,,,01/21/25,,01/30/25,,,,,,,,,,,,,,,NO,,,,,,,,,,,,,,,,,,,,,,,,,,,,,,,,,,,,,,,
,,,,,,,,11/12/24,,,,,01/21/25,,01/30/25,,,,,,,,,,,,,,,NO,,,,,,,,,,,,,,,,,,,,,,,,,,,,,,,,,,,,,,,
,,,,,,,,11/12/24,,,,,01/21/25,,01/30/25,,,,,,,,,,,,,,,NO,,,,,,,,,,,,,,,,,,,,,,,,,,,,,,,,,,,,,,,
,,,,,,,,11/13/24,,,,,01/22/25,,01/31/25,,,,,,,,,,,,,,,NO,,,,,,,,,,,,,,,,,,,,,,,,,,,,,,,,,,,,,,,
,,,,,,,,11/13/24,,,,,01/22/25,,01/31/25,,,,,,,,,,,,,,,NO,,,,,,,,,,,,,,,,,,,,,,,,,,,,,,,,,,,,,,,
,,,,Onskid,PTLNG,,,11/13/24,,,,,01/22/25,,01/31/25,,,,,,,,,,,,,,,YES,,,,,,,,,,,,,,,,,,,,,,,,,,,,,,,,,,,,,,,
,,,,Offskid,TRID-GS,,,11/14/24,,,,,01/23/25,,01/31/25,,,,,,,,,,,,,,,YES,,,,,,,,,,,,,,,,,,,,,,,,,,,,,,,,,,,,,,,
,,,,Onskid,S60-52,,,11/14/24,,,,,01/23/25,,02/04/25,,,,,,,,,,,,,,,YES,,,,,,,,,,,,,,,,,,,,,,,,,,,,,,,,,,,,,,,
,,,,Onskid,PROP-48,,,11/14/24,,,,,01/23/25,,02/03/25,,,,,,,,,,,,,,,YES,,,,,,,,,,,,,,,,,,,,,,,,,,,,,,,,,,,,,,,
,,,,New,KRGT VEYO,,,11/15/24,,,,,01/24/25,,01/31/25,,,,,,,#VALUE!,,,,,,,,YES,,,,,,,,,,,,,,,,,,,,,,,,,,,,,,,,,,,,,,,
,,,,New,TGN COCHICO,,,11/15/24,,,,,01/24/25,,02/04/25,,,,,,,#VALUE!,,,,,,,,YES,,,,,,,,,,,,,,,,,,,,,,,,,,,,,,,,,,,,,,,
,,,,New,EPROD ARM,,,11/15/24,,,,,01/24/25,,01/31/25,,,,,,,#VALUE!,,,,,,,,YES,,,,,,,,,,,,,,,,,,,,,,,,,,,,,,,,,,,,,,,
,,,,Onskid,PGMSK15,,,11/18/24,,,,,01/27/25,,02/05/25,,,,,,,,,,,,,,,YES,,,,,,,,,,,,,,,,,,,,,,,,,,,,,,,,,,,,,,,
,,,,Onskid,BOULDER,,,11/18/24,,,,,01/27/25,,02/05/25,,,,,,,,,,,,,,,YES,,,,,,,,,,,,,,,,,,,,,,,,,,,,,,,,,,,,,,,
,,,,Onskid,TC-ML,,,11/18/24,,,,,01/27/25,,02/05/25,,,,,,,,,,,,,,,YES,,,,,,,,,,,,,,,,,,,,,,,,,,,,,,,,,,,,,,,
,,,,Onskid,BOULDER,,,see #1,,,,,01/28/25,,see #1,,,,,,,,,,,,,,,YES,,,,,,,,,,,,,,,,,,,,,,,,,,,,,,,,,,,,,,,
,,,,Onskid,HYDRO,,,11/19/24,,,,,01/28/25,,02/06/25,,,,,,,,,,,,,,,YES,,,,,,,,,,,,,,,,,,,,,,,,,,,,,,,,,,,,,,,
,,,,,,,,11/19/24,,,,,01/28/25,,02/06/25,,,,,,,,,,,,,,,NO,,,,,,,,,,,,,,,,,,,,,,,,,,,,,,,,,,,,,,,
,,,,,,,,11/20/24,,,,,01/29/25,,02/07/25,,,,,,,,,,,,,,,NO,,,,,,,,,,,,,,,,,,,,,,,,,,,,,,,,,,,,,,,
,,,,,,,,11/20/24,,,,,01/29/25,,02/07/25,,,,,,,,,,,,,,,NO,,,,,,,,,,,,,,,,,,,,,,,,,,,,,,,,,,,,,,,
,,,,,,,,11/20/24,,,,,01/29/25,,02/07/25,,,,,,,,,,,,,,,NO,,,,,,,,,,,,,,,,,,,,,,,,,,,,,,,,,,,,,,,
,,,,,,,,11/21/24,,,,,01/30/25,,02/10/25,,,,,,,,,,,,,,,NO,,,,,,,,,,,,,,,,,,,,,,,,,,,,,,,,,,,,,,,
,,,,,,,,11/21/24,,,,,01/30/25,,02/10/25,,,,,,,,,,,,,,,NO,,,,,,,,,,,,,,,,,,,,,,,,,,,,,,,,,,,,,,,
,,,,Onskid,S60-53,,,11/21/24,,,,,01/30/25,,02/10/25,,,,,,,,,,,,,,,YES,,,,,,,,,,,,,,,,,,,,,,,,,,,,,,,,,,,,,,,
,,,,Onskid,WILPOR2,,,11/22/24,,,,,01/31/25,,02/12/25,,,,,,,,,,,,,,,YES,,,,,,,,,,,,,,,,,,,,,,,,,,,,,,,,,,,,,,,
,,,,Onskid,PTLNG,,,see #1,,,,,01/31/25,,see #1,,,,,,,,,,,,,,,YES,,,,,,,,,,,,,,,,,,,,,,,,,,,,,,,,,,,,,,,
,,,,New,WILLIAMS TRANS STA,,,11/22/24,,,,,01/31/25,,02/11/25,,,,,,,#VALUE!,,,,,,,,YES,,,,,,,,,,,,,,,,,,,,,,,,,,,,,,,,,,,,,,,
,,,,Offskid,BLACKFIN STAT CS-1,,,11/25/24,,,,,02/03/25,,02/11/25,,,,,,,#VALUE!,,,,,,,,YES,,,,,,,,,,,,,,,,,,,,,,,,,,,,,,,,,,,,,,,
,,,,Onskid,CES-DC1,,,see #1,,,,,02/03/25,,see #1,,,,,,,,,,,,,,,YES,,,,,,,,,,,,,,,,,,,,,,,,,,,,,,,,,,,,,,,
,,,,,,,,11/25/24,,,,,02/03/25,,02/17/25,,,,,,,,,,,,,,,NO,,,,,,,,,,,,,,,,,,,,,,,,,,,,,,,,,,,,,,,
,,,,Onskid,WILRSP3,,,11/26/24,,,,,02/04/25,,02/12/25,,,,,,,,,,,,,,,YES,,,,,,,,,,,,,,,,,,,,,,,,,,,,,,,,,,,,,,,
,,,,,,,,11/26/24,,,,,02/04/25,,02/13/25,,,,,,,,,,,,,,,NO,,,,,,,,,,,,,,,,,,,,,,,,,,,,,,,,,,,,,,,
,,,,,,,,11/26/24,,,,,02/04/25,,02/13/25,,,,,,,,,,,,,,,NO,,,,,,,,,,,,,,,,,,,,,,,,,,,,,,,,,,,,,,,
,,,,,,,,11/27/24,,,,,02/05/25,,02/14/25,,,,,,,,,,,,,,,NO,,,,,,,,,,,,,,,,,,,,,,,,,,,,,,,,,,,,,,,
,,,,,,,,11/27/24,,,,,02/05/25,,02/14/25,,,,,,,,,,,,,,,NO,,,,,,,,,,,,,,,,,,,,,,,,,,,,,,,,,,,,,,,
,,,,,,,,11/27/24,,,,,02/05/25,,02/14/25,,,,,,,,,,,,,,,NO,,,,,,,,,,,,,,,,,,,,,,,,,,,,,,,,,,,,,,,
,,,,,,,,12/02/24,,,,,02/06/25,,02/17/25,,,,,,,,,,,,,,,NO,,,,,,,,,,,,,,,,,,,,,,,,,,,,,,,,,,,,,,,
,,,,,,,,12/02/24,,,,,02/06/25,,02/17/25,,,,,,,,,,,,,,,NO,,,,,,,,,,,,,,,,,,,,,,,,,,,,,,,,,,,,,,,
,,,,Onskid,PTLNG,,,see #1,,,,,02/06/25,,see #1,,,,,,,,,,,,,,,YES,,,,,,,,,,,,,,,,,,,,,,,,,,,,,,,,,,,,,,,
,,,,,,,,12/03/24,,,,,02/07/25,,02/18/25,,,,,,,,,,,,,,,NO,,,,,,,,,,,,,,,,,,,,,,,,,,,,,,,,,,,,,,,
,,,,,,,,12/03/24,,,,,02/07/25,,02/18/25,,,,,,,,,,,,,,,NO,,,,,,,,,,,,,,,,,,,,,,,,,,,,,,,,,,,,,,,
,,,,Onskid,S60-54,,,12/03/24,,,,,02/07/25,,02/18/25,,,,,,,,,,,,,,,YES,,,,,,,,,,,,,,,,,,,,,,,,,,,,,,,,,,,,,,,
,,,,Onskid,PROP-49,,,12/04/24,,,,,02/10/25,,02/17/25,,,,,,,,,,,,,,,YES,,,,,,,,,,,,,,,,,,,,,,,,,,,,,,,,,,,,,,,
,,,,,,,,12/04/24,,,,,02/10/25,,02/19/25,,,,,,,,,,,,,,,NO,,,,,,,,,,,,,,,,,,,,,,,,,,,,,,,,,,,,,,,
,,,,,,,,12/04/24,,,,,02/10/25,,02/19/25,,,,,,,,,,,,,,,NO,,,,,,,,,,,,,,,,,,,,,,,,,,,,,,,,,,,,,,,
,,,,Onskid,TC-MR,,,12/05/24,,,,,02/11/25,,02/06/25,,,,,,,,,,,,,,,YES,,,,,,,,,,,,,,,,,,,,,,,,,,,,,,,,,,,,,,,
,,,,,,,,12/05/24,,,,,02/11/25,,02/20/25,,,,,,,,,,,,,,,NO,,,,,,,,,,,,,,,,,,,,,,,,,,,,,,,,,,,,,,,
,,,,,,,,12/05/24,,,,,02/11/25,,02/20/25,,,,,,,,,,,,,,,NO,,,,,,,,,,,,,,,,,,,,,,,,,,,,,,,,,,,,,,,
,,,,,,,,12/06/24,,,,,02/12/25,,02/21/25,,,,,,,,,,,,,,,NO,,,,,,,,,,,,,,,,,,,,,,,,,,,,,,,,,,,,,,,
,,,,,,,,12/06/24,,,,,02/12/25,,02/21/25,,,,,,,,,,,,,,,NO,,,,,,,,,,,,,,,,,,,,,,,,,,,,,,,,,,,,,,,
,,,,,,,,12/06/24,,,,,02/12/25,,02/21/25,,,,,,,,,,,,,,,NO,,,,,,,,,,,,,,,,,,,,,,,,,,,,,,,,,,,,,,,
,,,,,,,,12/09/24,,,,,02/13/25,,02/24/25,,,,,,,,,,,,,,,NO,,,,,,,,,,,,,,,,,,,,,,,,,,,,,,,,,,,,,,,
,,,,,,,,12/09/24,,,,,02/13/25,,02/24/25,,,,,,,,,,,,,,,NO,,,,,,,,,,,,,,,,,,,,,,,,,,,,,,,,,,,,,,,
,,,,,,,,12/09/24,,,,,02/13/25,,02/24/25,,,,,,,,,,,,,,,NO,,,,,,,,,,,,,,,,,,,,,,,,,,,,,,,,,,,,,,,
,,,,Onskid,PROP-50,,,12/10/24,,,,,02/14/25,,02/20/25,,,,,,,,,,,,,,,YES,,,,,,,,,,,,,,,,,,,,,,,,,,,,,,,,,,,,,,,
,,,,New,AGIG DBP,,,12/10/24,,,,,02/14/25,,02/25/25,,,,,,,#VALUE!,,,,,,,,YES,,,,,,,,,,,,,,,,,,,,,,,,,,,,,,,,,,,,,,,
,,,,Offskid,ONGC TAPTI,,,12/10/24,,,,,02/14/25,,03/07/25,,,,,,,03/27/25,,,03/24/25,,,,,YES,,,,,,,,,,,,,,,,,,,,,,,,,,,,,,,,,,,,,,,
,,,,New,AGIG DBP CS4,,,12/11/24,,,,,02/17/25,,02/26/25,,,,,,,#VALUE!,,,,,,,,YES,,,,,,,,,,,,,,,,,,,,,,,,,,,,,,,,,,,,,,,
,,,,Offskid,TRANSITGAS,,,12/11/24,,,,,02/17/25,,02/27/25,,,,,,,#VALUE!,,,,,,,,YES,,,,,,,,,,,,,,,,,,,,,,,,,,,,,,,,,,,,,,,
,,,,,,,,12/11/24,,,,,02/17/25,,02/26/25,,,,,,,,,,,,,,,NO,,,,,,,,,,,,,,,,,,,,,,,,,,,,,,,,,,,,,,,
,,,,,,,,12/12/24,,,,,02/18/25,,02/27/25,,,,,,,,,,,,,,,NO,,,,,,,,,,,,,,,,,,,,,,,,,,,,,,,,,,,,,,,
,,,,,,,,12/12/24,,,,,02/18/25,,02/27/25,,,,,,,,,,,,,,,NO,,,,,,,,,,,,,,,,,,,,,,,,,,,,,,,,,,,,,,,
,,,,,,,,12/12/24,,,,,02/18/25,,02/27/25,,,,,,,,,,,,,,,NO,,,,,,,,,,,,,,,,,,,,,,,,,,,,,,,,,,,,,,,
,,,,NTB,SNPG-2,,,12/13/24,,,,,02/19/25,,02/24/25,,,,,,,,,,,,,,,YES,,,,,,,,,,,,,,,,,,,,,,,,,,,,,,,,,,,,,,,
,,,,Onskid,S60-56,,,12/16/24,,,,,02/20/25,,03/10/25,,,,,,,,,,,,,,,YES,,,,,,,,,,,,,,,,,,,,,,,,,,,,,,,,,,,,,,,
,,,,Onskid,S60-55,,,12/16/24,,,,,02/20/25,,03/03/25,,,,,,,,,,,,,,,YES,,,,,,,,,,,,,,,,,,,,,,,,,,,,,,,,,,,,,,,
,,,,New,WILLIAMS WILL-A,,,12/17/24,,,,,02/21/25,,02/21/25,,,,,,,#VALUE!,,,,,,,,YES,,,,,,,,,,,,,,,,,,,,,,,,,,,,,,,,,,,,,,,
,,,,New,WILLIAMS WILL-B,,,12/17/24,,,,,02/21/25,,02/21/25,,,,,,,#VALUE!,,,,,,,,YES,,,,,,,,,,,,,,,,,,,,,,,,,,,,,,,,,,,,,,,
,,,,New,WWM-B4 SHIP AHEAD,,,12/17/24,,,,,02/21/25,,02/24/25,,,,,,,#VALUE!,,,,,,,,YES,,,,,,,,,,,,,,,,,,,,,,,,,,,,,,,,,,,,,,,
,,,,New,WWM-B4 SHIP AHEAD,,,see #1,,,,,02/24/25,,see #1,,,,,,,#VALUE!,,,,,,,,YES,,,,,,,,,,,,,,,,,,,,,,,,,,,,,,,,,,,,,,,
,,,,,,,,12/18/24,,,,,02/24/25,,03/05/25,,,,,,,,,,,,,,,NO,,,,,,,,,,,,,,,,,,,,,,,,,,,,,,,,,,,,,,,
,,,,Onskid,CES-DC1,,,see #1,,,,,02/24/25,,see #1,,,,,,,,,,,,,,,YES,,,,,,,,,,,,,,,,,,,,,,,,,,,,,,,,,,,,,,,
,,,,,,,,12/19/24,,,,,02/25/25,,03/06/25,,,,,,,,,,,,,,,NO,,,,,,,,,,,,,,,,,,,,,,,,,,,,,,,,,,,,,,,
,,,,Onskid,CES-DC1,,,see #1,,,,,02/26/25,,see #1,,,,,,,,,,,,,,,YES,,,,,,,,,,,,,,,,,,,,,,,,,,,,,,,,,,,,,,,
,,,,Onskid,WATERLO,,,12/20/24,,,,,02/26/25,,02/26/25,,,,,,,,,,,,,,,YES,,,,,,,,,,,,,,,,,,,,,,,,,,,,,,,,,,,,,,,
,,,,,,,,12/23/24,,,,,02/27/25,,03/10/25,,,,,,,,,,,,,,,NO,,,,,,,,,,,,,,,,,,,,,,,,,,,,,,,,,,,,,,,
,,,,,,,,12/23/24,,,,,02/27/25,,03/10/25,,,,,,,,,,,,,,,NO,,,,,,,,,,,,,,,,,,,,,,,,,,,,,,,,,,,,,,,
,,,,,,,,12/23/24,,,,,02/27/25,,03/10/25,,,,,,,,,,,,,,,NO,,,,,,,,,,,,,,,,,,,,,,,,,,,,,,,,,,,,,,,
,,,,Onskid,MAYO1,,,12/23/24,,,,,02/27/25,,02/19/25,,,,,,,,,,,,,,,YES,,,,,,,,,,,,,,,,,,,,,,,,,,,,,,,,,,,,,,,
,,,,,,,,12/23/24,,,,,02/27/25,,03/10/25,,,,,,,,,,,,,,,NO,,,,,,,,,,,,,,,,,,,,,,,,,,,,,,,,,,,,,,,
,,,,NTB,PET-H,,,12/23/24,,,,,02/27/25,,03/10/25,,,,,,,,,,,,,,,YES,,,,,,,,,,,,,,,,,,,,,,,,,,,,,,,,,,,,,,,
,,,,,,,,01/02/25,,,,,02/28/25,,03/11/25,,,,,,,,,,,,,,,NO,,,,,,,,,,,,,,,,,,,,,,,,,,,,,,,,,,,,,,,
,,,,,,,,01/02/25,,,,,02/28/25,,03/11/25,,,,,,,,,,,,,,,NO,,,,,,,,,,,,,,,,,,,,,,,,,,,,,,,,,,,,,,,
,,,,,,,,01/02/25,,,,,02/28/25,,03/11/25,,,,,,,,,,,,,,,NO,,,,,,,,,,,,,,,,,,,,,,,,,,,,,,,,,,,,,,,
,,,,,,,,01/03/25,,,,,03/03/25,,03/12/25,,,,,,,,,,,,,,,NO,,,,,,,,,,,,,,,,,,,,,,,,,,,,,,,,,,,,,,,
,,,,,,,,01/03/25,,,,,03/03/25,,03/12/25,,,,,,,,,,,,,,,NO,,,,,,,,,,,,,,,,,,,,,,,,,,,,,,,,,,,,,,,
,,,,,,,,01/03/25,,,,,03/03/25,,03/12/25,,,,,,,,,,,,,,,NO,,,,,,,,,,,,,,,,,,,,,,,,,,,,,,,,,,,,,,,
,,,,NTB,PET-H,,,see #1,,,,,03/04/25,,see #1,,,,,,,,,,,,,,,YES,,,,,,,,,,,,,,,,,,,,,,,,,,,,,,,,,,,,,,,
,,,,Offskid,PET-H,,,01/06/25,,,,,03/04/25,,03/19/25,,,,,,,,,,,,,,,YES,,,,,,,,,,,,,,,,,,,,,,,,,,,,,,,,,,,,,,,
,,,,,,,,01/06/25,,,,,03/04/25,,03/13/25,,,,,,,,,,,,,,,NO,,,,,,,,,,,,,,,,,,,,,,,,,,,,,,,,,,,,,,,
,,,,,,,,01/07/25,,,,,03/05/25,,03/14/25,,,,,,,,,,,,,,,NO,,,,,,,,,,,,,,,,,,,,,,,,,,,,,,,,,,,,,,,
,,,,Onskid,NNG-V2,,,01/07/25,,,,,03/05/25,,03/04/25,,,,,,,,,,,,,,,YES,,,,,,,,,,,,,,,,,,,,,,,,,,,,,,,,,,,,,,,
,,,,,,,,01/07/25,,,,,03/05/25,,03/14/25,,,,,,,,,,,,,,,NO,,,,,,,,,,,,,,,,,,,,,,,,,,,,,,,,,,,,,,,
,,,,,,,,01/08/25,,,,,03/06/25,,03/17/25,,,,,,,,,,,,,,,NO,,,,,,,,,,,,,,,,,,,,,,,,,,,,,,,,,,,,,,,
,,,,,,,,01/08/25,,,,,03/06/25,,03/17/25,,,,,,,,,,,,,,,NO,,,,,,,,,,,,,,,,,,,,,,,,,,,,,,,,,,,,,,,
,,,,Onskid,NNG-V1,,,01/08/25,,,,,03/06/25,,03/04/25,,,,,,,,,,,,,,,YES,,,,,,,,,,,,,,,,,,,,,,,,,,,,,,,,,,,,,,,
,,,,,,,,01/09/25,,,,,03/07/25,,03/18/25,,,,,,,,,,,,,,,NO,,,,,,,,,,,,,,,,,,,,,,,,,,,,,,,,,,,,,,,
,,,,Onskid,ENB-TEM,,,01/10/25,,,,,03/10/25,,03/13/25,,,,,,,,,,,,,,,YES,,,,,,,,,,,,,,,,,,,,,,,,,,,,,,,,,,,,,,,
,,,,Offskid,RUYA-TC,,,01/10/25,,,,,03/10/25,,01/29/25,,,,,,,,,,,,,,,YES,,,,,,,,,,,,,,,,,,,,,,,,,,,,,,,,,,,,,,,
,,,,Offskid,SNPG-2,,,01/13/25,,,,,03/11/25,,03/05/25,,,,,,,,,,,,,,,YES,,,,,,,,,,,,,,,,,,,,,,,,,,,,,,,,,,,,,,,
,,,,Offskid,ONGC TAPTI,,,01/13/25,,,,,03/11/25,,03/26/25,,,,,,,#VALUE!,,,,,,,,YES,,,,,,,,,,,,,,,,,,,,,,,,,,,,,,,,,,,,,,,
,,,,Offskid,ONGC TAPTI,,,see #1,,,,,03/11/25,,see #1,,,,,,,#VALUE!,,,,,,,,YES,,,,,,,,,,,,,,,,,,,,,,,,,,,,,,,,,,,,,,,
,,,,Offskid,BLACKFIN STAT CS-3,,,01/13/25,,,,,03/11/25,,03/13/25,,,,,,,#VALUE!,,,,,,,,YES,,,,,,,,,,,,,,,,,,,,,,,,,,,,,,,,,,,,,,,
,,,,,,,,01/13/25,,,,,03/11/25,,03/20/25,,,,,,,,,,,,,,,NO,,,,,,,,,,,,,,,,,,,,,,,,,,,,,,,,,,,,,,,
,,,,Offskid,SSGC SIBI STATION,,,01/13/25,,,,,03/11/25,,03/10/25,,,,,,,#VALUE!,,,,,,,,YES,,,,,,,,,,,,,,,,,,,,,,,,,,,,,,,,,,,,,,,
,,,,Onskid,GRAND,,,01/13/25,,,,,03/11/25,,03/11/25,,,,,,,,,,,,,,,YES,,,,,,,,,,,,,,,,,,,,,,,,,,,,,,,,,,,,,,,
,,,,Onskid,WWM-B4,,,01/13/25,,,,,03/11/25,,03/17/25,,,,,,,,,,,,,,,YES,,,,,,,,,,,,,,,,,,,,,,,,,,,,,,,,,,,,,,,
,,,,Onskid,WWM-B4,,,see #1,,,,,03/11/25,,see #1,,,,,,,,,,,,,,,YES,,,,,,,,,,,,,,,,,,,,,,,,,,,,,,,,,,,,,,,
,,,,Offskid,PET-H,,,see #1,,,,,03/12/25,,see #1,,,,,,,,,,,,,,,YES,,,,,,,,,,,,,,,,,,,,,,,,,,,,,,,,,,,,,,,
,,,,Onskid,ENB-TE3,,,01/14/25,,,,,03/12/25,,03/19/25,,,,,,,,,,,,,,,YES,,,,,,,,,,,,,,,,,,,,,,,,,,,,,,,,,,,,,,,
,,,,,,,,01/14/25,,,,,03/12/25,,03/21/25,,,,,,,,,,,,,,,NO,,,,,,,,,,,,,,,,,,,,,,,,,,,,,,,,,,,,,,,
,,,,,,,,01/15/25,,,,,03/13/25,,03/24/25,,,,,,,,,,,,,,,NO,,,,,,,,,,,,,,,,,,,,,,,,,,,,,,,,,,,,,,,
,,,,Onskid,COP-WM,,,01/15/25,,,,,03/13/25,,03/03/25,,,,,,,,,,,,,,,YES,,,,,,,,,,,,,,,,,,,,,,,,,,,,,,,,,,,,,,,
,,,,Onskid,S60-58,,,01/15/25,,,,,03/13/25,,03/24/25,,,,,,,,,,,,,,,YES,,,,,,,,,,,,,,,,,,,,,,,,,,,,,,,,,,,,,,,
,,,,Offskid,GAGEBY CREEK,,,01/16/25,,,,,03/14/25,,03/25/25,,,,,,,#VALUE!,,,,,,,,YES,,,,,,,,,,,,,,,,,,,,,,,,,,,,,,,,,,,,,,,
,,,,Onskid,COP-WM,,,see #1,,,,,03/14/25,,see #1,,,,,,,,,,,,,,,YES,,,,,,,,,,,,,,,,,,,,,,,,,,,,,,,,,,,,,,,
,,,,Offskid,GAGEBY CREEK,,,see #1,,,,,03/14/25,,see #1,,,,,,,#VALUE!,,,,,,,,YES,,,,,,,,,,,,,,,,,,,,,,,,,,,,,,,,,,,,,,,
,,,,,,,,01/17/25,,,,,03/17/25,,03/26/25,,,,,,,,,,,,,,,NO,,,,,,,,,,,,,,,,,,,,,,,,,,,,,,,,,,,,,,,
,,,,,,,,01/17/25,,,,,03/17/25,,03/26/25,,,,,,,,,,,,,,,NO,,,,,,,,,,,,,,,,,,,,,,,,,,,,,,,,,,,,,,,
,,,,,,,,01/17/25,,,,,03/17/25,,03/26/25,,,,,,,,,,,,,,,NO,,,,,,,,,,,,,,,,,,,,,,,,,,,,,,,,,,,,,,,
,,,,,,,,01/21/25,,,,,03/18/25,,03/27/25,,,,,,,,,,,,,,,NO,,,,,,,,,,,,,,,,,,,,,,,,,,,,,,,,,,,,,,,
,,,,Onskid,ENT-GP,,,01/21/25,,,,,03/18/25,,03/26/25,,,,,,,,,,,,,,,YES,,,,,,,,,,,,,,,,,,,,,,,,,,,,,,,,,,,,,,,
,,,,,,,,01/21/25,,,,,03/18/25,,03/27/25,,,,,,,,,,,,,,,NO,,,,,,,,,,,,,,,,,,,,,,,,,,,,,,,,,,,,,,,
,,,,,,,,01/22/25,,,,,03/19/25,,03/28/25,,,,,,,,,,,,,,,NO,,,,,,,,,,,,,,,,,,,,,,,,,,,,,,,,,,,,,,,
,,,,,,,,01/22/25,,,,,03/19/25,,03/28/25,,,,,,,,,,,,,,,NO,,,,,,,,,,,,,,,,,,,,,,,,,,,,,,,,,,,,,,,
,,,,,,,,01/22/25,,,,,03/19/25,,03/28/25,,,,,,,,,,,,,,,NO,,,,,,,,,,,,,,,,,,,,,,,,,,,,,,,,,,,,,,,
,,,,Onskid,S60-57,,,01/23/25,,,,,03/20/25,,03/31/25,,,,,,,,,,,,,,,YES,,,,,,,,,,,,,,,,,,,,,,,,,,,,,,,,,,,,,,,
,,,,Onskid,EC-F,,,01/23/25,,,,,03/20/25,,03/31/25,,,,,,,,,,,,,,,YES,,,,,,,,,,,,,,,,,,,,,,,,,,,,,,,,,,,,,,,
,,,,Onskid,EC-F,,,see #1,,,,,03/20/25,,see #1,,,,,,,,,,,,,,,YES,,,,,,,,,,,,,,,,,,,,,,,,,,,,,,,,,,,,,,,
,,,,Offskid,VSP CCP TG,,,01/24/25,,,,,03/21/25,,04/02/25,,,,,,,#VALUE!,,,,,,,,YES,,,,,,,,,,,,,,,,,,,,,,,,,,,,,,,,,,,,,,,
,,,,Onskid,EOG-G,,,see #1,,,,,03/21/25,,see #1,,,,,,,,,,,,,,,YES,,,,,,,,,,,,,,,,,,,,,,,,,,,,,,,,,,,,,,,
,,,,Onskid,PGMSK32,,,01/24/25,,,,,03/21/25,,04/04/25,,,,,,,,,,,,,,,YES,,,,,,,,,,,,,,,,,,,,,,,,,,,,,,,,,,,,,,,
,,,,Onskid,PROP-51,,,01/27/25,,,,,03/24/25,,04/02/25,,,,,,,,,,,,,,,YES,,,,,,,,,,,,,,,,,,,,,,,,,,,,,,,,,,,,,,,
,,,,,,,,01/27/25,,,,,03/24/25,,04/02/25,,,,,,,,,,,,,,,NO,,,,,,,,,,,,,,,,,,,,,,,,,,,,,,,,,,,,,,,
,,,,,,,,01/27/25,,,,,03/24/25,,04/02/25,,,,,,,,,,,,,,,NO,,,,,,,,,,,,,,,,,,,,,,,,,,,,,,,,,,,,,,,
,,,,Onskid,CES-DC1,,,see #1,,,,,03/25/25,,see #1,,,,,,,,,,,,,,,YES,,,,,,,,,,,,,,,,,,,,,,,,,,,,,,,,,,,,,,,
,,,,,,,,01/28/25,,,,,03/25/25,,04/03/25,,,,,,,,,,,,,,,NO,,,,,,,,,,,,,,,,,,,,,,,,,,,,,,,,,,,,,,,
,,,,,,,,01/28/25,,,,,03/25/25,,04/03/25,,,,,,,,,,,,,,,NO,,,,,,,,,,,,,,,,,,,,,,,,,,,,,,,,,,,,,,,
,,,,,,,,01/29/25,,,,,03/26/25,,04/04/25,,,,,,,,,,,,,,,NO,,,,,,,,,,,,,,,,,,,,,,,,,,,,,,,,,,,,,,,
,,,,Onskid,S60-59,,,01/29/25,,,,,03/26/25,,04/04/25,,,,,,,,,,,,,,,YES,,,,,,,,,,,,,,,,,,,,,,,,,,,,,,,,,,,,,,,
,,,,,,,,01/29/25,,,,,03/26/25,,04/04/25,,,,,,,,,,,,,,,NO,,,,,,,,,,,,,,,,,,,,,,,,,,,,,,,,,,,,,,,
,,,,Onskid,ENGI-L1,,,01/30/25,,,,,03/27/25,,04/04/25,,,,,,,,,,,,,,,YES,,,,,,,,,,,,,,,,,,,,,,,,,,,,,,,,,,,,,,,
,,,,,,,,01/30/25,,,,,03/27/25,,04/07/25,,,,,,,,,,,,,,,NO,,,,,,,,,,,,,,,,,,,,,,,,,,,,,,,,,,,,,,,
,,,,,,,,01/30/25,,,,,03/27/25,,04/07/25,,,,,,,,,,,,,,,NO,,,,,,,,,,,,,,,,,,,,,,,,,,,,,,,,,,,,,,,
,,,,,,,,01/31/25,,,,,03/28/25,,04/08/25,,,,,,,,,,,,,,,NO,,,,,,,,,,,,,,,,,,,,,,,,,,,,,,,,,,,,,,,
,,,,,,,,01/31/25,,,,,03/28/25,,04/08/25,,,,,,,,,,,,,,,NO,,,,,,,,,,,,,,,,,,,,,,,,,,,,,,,,,,,,,,,
,,,,Onskid,S60-60,,,01/31/25,,,,,03/28/25,,04/07/25,,,,,,,,,,,,,,,YES,,,,,,,,,,,,,,,,,,,,,,,,,,,,,,,,,,,,,,,
,,,,,,,,02/03/25,,,,,03/31/25,,04/09/25,,,,,,,,,,,,,,,NO,,,,,,,,,,,,,,,,,,,,,,,,,,,,,,,,,,,,,,,
,,,,,,,,02/03/25,,,,,03/31/25,,04/09/25,,,,,,,,,,,,,,,NO,,,,,,,,,,,,,,,,,,,,,,,,,,,,,,,,,,,,,,,
,,,,,,,,02/03/25,,,,,03/31/25,,04/09/25,,,,,,,,,,,,,,,NO,,,,,,,,,,,,,,,,,,,,,,,,,,,,,,,,,,,,,,,
,,,,,,,,02/04/25,,,,,04/01/25,,04/10/25,,,,,,,,,,,,,,,NO,,,,,,,,,,,,,,,,,,,,,,,,,,,,,,,,,,,,,,,
,,,,Onskid,ENGI-L1,,,see #1,,,,,04/01/25,,see #1,,,,,,,,,,,,,,,YES,,,,,,,,,,,,,,,,,,,,,,,,,,,,,,,,,,,,,,,
,,,,,,,,02/04/25,,,,,04/01/25,,04/10/25,,,,,,,,,,,,,,,NO,,,,,,,,,,,,,,,,,,,,,,,,,,,,,,,,,,,,,,,
,,,,,,,,02/05/25,,,,,04/02/25,,04/11/25,,,,,,,,,,,,,,,NO,,,,,,,,,,,,,,,,,,,,,,,,,,,,,,,,,,,,,,,
,,,,New,WWM-B5 SHIP AHEAD,,,02/05/25,,,,,04/02/25,,04/02/25,,,,,,,#VALUE!,,,,,,,,YES,,,,,,,,,,,,,,,,,,,,,,,,,,,,,,,,,,,,,,,
,,,,New,WWM-B5 SHIP AHEAD,,,see #1,,,,,04/02/25,,see #1,,,,,,,#VALUE!,,,,,,,,YES,,,,,,,,,,,,,,,,,,,,,,,,,,,,,,,,,,,,,,,
,,,,Onskid,INGR,,,02/06/25,,,,,04/03/25,,04/11/25,,,,,,,,,,,,,,,YES,,,,,,,,,,,,,,,,,,,,,,,,,,,,,,,,,,,,,,,
,,,,Offskid,CVX-M,,,02/06/25,,,,,04/03/25,,04/10/25,,,,,,,,,,,,,,,YES,,,,,,,,,,,,,,,,,,,,,,,,,,,,,,,,,,,,,,,
,,,,Offskid,BLACKFIN STAT CS-4,,,02/06/25,,,,,04/03/25,,04/10/25,,,,,,,#VALUE!,,,,,,,,YES,,,,,,,,,,,,,,,,,,,,,,,,,,,,,,,,,,,,,,,
,,,,Onskid,PROP-52,,,02/07/25,,,,,04/04/25,,04/15/25,,,,,,,,,,,,,,,YES,,,,,,,,,,,,,,,,,,,,,,,,,,,,,,,,,,,,,,,
,,,,NTB,CVX-M,,,02/07/25,,,,,04/04/25,,04/07/25,,,,,,,,,,,,,,,YES,,,,,,,,,,,,,,,,,,,,,,,,,,,,,,,,,,,,,,,
,,,,Onskid,ENGI-L1,,,see #1,,,,,04/04/25,,see #1,,,,,,,,,,,,,,,YES,,,,,,,,,,,,,,,,,,,,,,,,,,,,,,,,,,,,,,,
,,,,Onskid,PROP-53,,,02/10/25,,,,,04/07/25,,04/16/25,,,,,,,,,,,,,,,YES,,,,,,,,,,,,,,,,,,,,,,,,,,,,,,,,,,,,,,,
,,,,,,,,02/10/25,,,,,04/07/25,,04/16/25,,,,,,,,,,,,,,,NO,,,,,,,,,,,,,,,,,,,,,,,,,,,,,,,,,,,,,,,
,,,,,,,,02/10/25,,,,,04/07/25,,04/16/25,,,,,,,,,,,,,,,NO,,,,,,,,,,,,,,,,,,,,,,,,,,,,,,,,,,,,,,,
,,,,,,,,02/11/25,,,,,04/08/25,,04/17/25,,,,,,,,,,,,,,,NO,,,,,,,,,,,,,,,,,,,,,,,,,,,,,,,,,,,,,,,
,,,,Onskid,UMD,,,02/11/25,,,,,04/08/25,,04/16/25,,,,,,,,,,,,,,,YES,,,,,,,,,,,,,,,,,,,,,,,,,,,,,,,,,,,,,,,
,,,,Onskid,LDV-50,,,02/11/25,,,,,04/08/25,,04/17/25,,,,,,,,,,,,,,,YES,,,,,,,,,,,,,,,,,,,,,,,,,,,,,,,,,,,,,,,
,,,,Onskid,WWM-B5,,,02/12/25,,,,,04/09/25,,04/17/25,,,,,,,,,,,,,,,YES,,,,,,,,,,,,,,,,,,,,,,,,,,,,,,,,,,,,,,,
,,,,Onskid,NWN-MM,,,02/12/25,,,,,04/09/25,,04/18/25,,,,,,,,,,,,,,,YES,,,,,,,,,,,,,,,,,,,,,,,,,,,,,,,,,,,,,,,
,,,,New,SOUTH EAST C4 REV,,,02/12/25,,,,,04/09/25,,04/10/25,,,,,,,#VALUE!,,,,,,,,YES,,,,,,,,,,,,,,,,,,,,,,,,,,,,,,,,,,,,,,,
,,,,Onskid,S60-61,,,02/13/25,,,,,04/10/25,,04/21/25,,,,,,,,,,,,,,,YES,,,,,,,,,,,,,,,,,,,,,,,,,,,,,,,,,,,,,,,
,,,,New,MURRAY CITY POWER,,,02/13/25,,,,,04/10/25,,04/18/25,,,,,,,#VALUE!,,,,,,,,YES,,,,,,,,,,,,,,,,,,,,,,,,,,,,,,,,,,,,,,,
,,,,,,,,02/13/25,,,,,04/10/25,,04/21/25,,,,,,,,,,,,,,,NO,,,,,,,,,,,,,,,,,,,,,,,,,,,,,,,,,,,,,,,
,,,,,,,,02/14/25,,,,,04/11/25,,04/22/25,,,,,,,,,,,,,,,NO,,,,,,,,,,,,,,,,,,,,,,,,,,,,,,,,,,,,,,,
,,,,New,MURRAY CITY POWER,,,see #1,,,,,04/11/25,,see #1,,,,,,,#VALUE!,,,,,,,,YES,,,,,,,,,,,,,,,,,,,,,,,,,,,,,,,,,,,,,,,
,,,,Onskid,PROP-54,,,02/14/25,,,,,04/11/25,,04/22/25,,,,,,,,,,,,,,,YES,,,,,,,,,,,,,,,,,,,,,,,,,,,,,,,,,,,,,,,
,,,,,,,,02/17/25,,,,,04/14/25,,04/23/25,,,,,,,,,,,,,,,NO,,,,,,,,,,,,,,,,,,,,,,,,,,,,,,,,,,,,,,,
,,,,,,,,02/17/25,,,,,04/14/25,,04/23/25,,,,,,,,,,,,,,,NO,,,,,,,,,,,,,,,,,,,,,,,,,,,,,,,,,,,,,,,
,,,,,,,,02/17/25,,,,,04/14/25,,04/23/25,,,,,,,,,,,,,,,NO,,,,,,,,,,,,,,,,,,,,,,,,,,,,,,,,,,,,,,,
,,,,,,,,02/18/25,,,,,04/15/25,,04/24/25,,,,,,,,,,,,,,,NO,,,,,,,,,,,,,,,,,,,,,,,,,,,,,,,,,,,,,,,
,,,,New,WWM-B6,,,02/18/25,,,,,04/15/25,,04/16/25,,,,,,,#VALUE!,,,,,,,,YES,,,,,,,,,,,,,,,,,,,,,,,,,,,,,,,,,,,,,,,
,,,,New,WWM-B6,,,see #1,,,,,04/15/25,,see #1,,,,,,,#VALUE!,,,,,,,,YES,,,,,,,,,,,,,,,,,,,,,,,,,,,,,,,,,,,,,,,
,,,,Onskid,PER-CZ2,,,02/19/25,,,,,04/16/25,,04/25/25,,,,,,,,,,,,,,,YES,,,,,,,,,,,,,,,,,,,,,,,,,,,,,,,,,,,,,,,
,,,,New,MURRAY CITY POWER,,,see #1,,,,,04/16/25,,see #1,,,,,,,#VALUE!,,,,,,,,YES,,,,,,,,,,,,,,,,,,,,,,,,,,,,,,,,,,,,,,,
,,,,Onskid,INGR2,,,02/19/25,,,,,04/16/25,,04/22/25,,,,,,,,,,,,,,,YES,,,,,,,,,,,,,,,,,,,,,,,,,,,,,,,,,,,,,,,
,,,,New,PAE APO,,,02/20/25,,,,,04/17/25,,04/30/25,,,,,,,#VALUE!,,,,,,,,YES,,,,,,,,,,,,,,,,,,,,,,,,,,,,,,,,,,,,,,,
,,,,New,PAE APO -A,,,02/20/25,,,,,04/17/25,,04/30/25,,,,,,,#VALUE!,,,,,,,,YES,,,,,,,,,,,,,,,,,,,,,,,,,,,,,,,,,,,,,,,
,,,,,,,,02/20/25,,,,,04/17/25,,04/28/25,,,,,,,,,,,,,,,NO,,,,,,,,,,,,,,,,,,,,,,,,,,,,,,,,,,,,,,,
,,,,Onskid,PER-CZ2,,,see #1,,,,,04/18/25,,see #1,,,,,,,,,,,,,,,YES,,,,,,,,,,,,,,,,,,,,,,,,,,,,,,,,,,,,,,,
,,,,,,,,02/21/25,,,,,04/18/25,,04/29/25,,,,,,,,,,,,,,,NO,,,,,,,,,,,,,,,,,,,,,,,,,,,,,,,,,,,,,,,
,,,,New,DESOTO TEST CELL,,,02/21/25,,,,,04/18/25,,04/30/25,,,,,,,#VALUE!,,,,,,,,YES,,,,,,,,,,,,,,,,,,,,,,,,,,,,,,,,,,,,,,,
,,,,Onskid,PROP-55,,,02/24/25,,,,,04/21/25,,04/30/25,,,,,,,,,,,,,,,YES,,,,,,,,,,,,,,,,,,,,,,,,,,,,,,,,,,,,,,,
,,,,Onskid,WWM-B5,,,see #1,,,,,04/21/25,,see #1,,,,,,,,,,,,,,,YES,,,,,,,,,,,,,,,,,,,,,,,,,,,,,,,,,,,,,,,
,,,,Onskid,LDV-50B,,,02/24/25,,,,,04/21/25,,04/29/25,,,,,,,,,,,,,,,YES,,,,,,,,,,,,,,,,,,,,,,,,,,,,,,,,,,,,,,,
,,,,New,TEXGAS CALVERT,,,02/25/25,,,,,04/22/25,,05/01/25,,,,,,,#VALUE!,,,,,,,,YES,,,,,,,,,,,,,,,,,,,,,,,,,,,,,,,,,,,,,,,
,,,,New,MILLIKEN LOAD SHED,,,02/25/25,,,,,04/22/25,,04/29/25,,,,,,,#VALUE!,,,,,,,,YES,,,,,,,,,,,,,,,,,,,,,,,,,,,,,,,,,,,,,,,
,,,,Onskid,NNG-TAR,,,02/25/25,,,,,04/22/25,,05/01/25,,,,,,,,,,,,,,,YES,,,,,,,,,,,,,,,,,,,,,,,,,,,,,,,,,,,,,,,
,,,,,,,,02/26/25,,,,,04/23/25,,05/02/25,,,,,,,,,,,,,,,NO,,,,,,,,,,,,,,,,,,,,,,,,,,,,,,,,,,,,,,,
,,,,,,,,02/26/25,,,,,04/23/25,,05/02/25,,,,,,,,,,,,,,,NO,,,,,,,,,,,,,,,,,,,,,,,,,,,,,,,,,,,,,,,
,,,,,,,,02/26/25,,,,,04/23/25,,05/02/25,,,,,,,,,,,,,,,NO,,,,,,,,,,,,,,,,,,,,,,,,,,,,,,,,,,,,,,,
,,,,,,,,02/27/25,,,,,04/24/25,,05/05/25,,,,,,,,,,,,,,,NO,,,,,,,,,,,,,,,,,,,,,,,,,,,,,,,,,,,,,,,
,,,,,,,,02/27/25,,,,,04/24/25,,05/05/25,,,,,,,,,,,,,,,NO,,,,,,,,,,,,,,,,,,,,,,,,,,,,,,,,,,,,,,,
,,,,,,,,02/27/25,,,,,04/24/25,,05/05/25,,,,,,,,,,,,,,,NO,,,,,,,,,,,,,,,,,,,,,,,,,,,,,,,,,,,,,,,
,,,,Onskid,NNG-CLD,,,02/28/25,,,,,04/25/25,,05/02/25,,,,,,,,,,,,,,,YES,,,,,,,,,,,,,,,,,,,,,,,,,,,,,,,,,,,,,,,
,,,,,,,,02/28/25,,,,,04/25/25,,05/06/25,,,,,,,,,,,,,,,NO,,,,,,,,,,,,,,,,,,,,,,,,,,,,,,,,,,,,,,,
,,,,,,,,02/28/25,,,,,04/25/25,,05/06/25,,,,,,,,,,,,,,,NO,,,,,,,,,,,,,,,,,,,,,,,,,,,,,,,,,,,,,,,
,,,,,,,,03/03/25,,,,,04/28/25,,05/07/25,,,,,,,,,,,,,,,NO,,,,,,,,,,,,,,,,,,,,,,,,,,,,,,,,,,,,,,,
,,,,,,,,03/03/25,,,,,04/28/25,,05/07/25,,,,,,,,,,,,,,,NO,,,,,,,,,,,,,,,,,,,,,,,,,,,,,,,,,,,,,,,
,,,,,,,,03/03/25,,,,,04/28/25,,05/07/25,,,,,,,,,,,,,,,NO,,,,,,,,,,,,,,,,,,,,,,,,,,,,,,,,,,,,,,,
,,,,Onskid,PROP-56,,,03/04/25,,,,,04/29/25,,05/07/25,,,,,,,,,,,,,,,YES,,,,,,,,,,,,,,,,,,,,,,,,,,,,,,,,,,,,,,,
,,,,,,,,03/04/25,,,,,04/29/25,,05/08/25,,,,,,,,,,,,,,,NO,,,,,,,,,,,,,,,,,,,,,,,,,,,,,,,,,,,,,,,
,,,,,,,,03/04/25,,,,,04/29/25,,05/08/25,,,,,,,,,,,,,,,NO,,,,,,,,,,,,,,,,,,,,,,,,,,,,,,,,,,,,,,,
,,,,Offskid,GAZ-CSL,,,03/05/25,,,,,04/30/25,,05/12/25,,,,,,,,,,,,,,,YES,,,,,,,,,,,,,,,,,,,,,,,,,,,,,,,,,,,,,,,
,,,,Offskid,FLOAT,,,03/05/25,,,,,04/30/25,,05/07/25,,,,,,,,,,,,,,,NO,,,,,,,,,,,,,,,,,,,,,,,,,,,,,,,,,,,,,,,
,,,,NTB,GAZ-CSL,,,03/05/25,,,,,04/30/25,,05/07/25,,,,,,,,,,,,,,,YES,,,,,,,,,,,,,,,,,,,,,,,,,,,,,,,,,,,,,,,
,,,,NTB,GAZ-CSL,,,see #1,,,,,05/01/25,,see #1,,,,,,,,,,05/14/25,,,,,YES,,,,,,,,,,,,,,,,,,,,,,,,,,,,,,,,,,,,,,,
,,,,,,,,03/06/25,,,,,05/01/25,,05/12/25,,,,,,,,,,,,,,,NO,,,,,,,,,,,,,,,,,,,,,,,,,,,,,,,,,,,,,,,
,,,,,,,,03/06/25,,,,,05/01/25,,05/12/25,,,,,,,,,,,,,,,NO,,,,,,,,,,,,,,,,,,,,,,,,,,,,,,,,,,,,,,,
,,,,Onskid,ETP-WT,,,03/07/25,,,,,05/02/25,,05/12/25,,,,,,,,,,,,,,,YES,,,,,,,,,,,,,,,,,,,,,,,,,,,,,,,,,,,,,,,
,,,,Onskid,S60-62,,,03/07/25,,,,,05/02/25,,05/13/25,,,,,,,,,,,,,,,YES,,,,,,,,,,,,,,,,,,,,,,,,,,,,,,,,,,,,,,,
,,,,Onskid,WIL70,,,03/07/25,,,,,05/02/25,,05/13/25,,,,,,,,,,,,,,,YES,,,,,,,,,,,,,,,,,,,,,,,,,,,,,,,,,,,,,,,
,,,,,,,,03/10/25,,,,,05/05/25,,05/14/25,,,,,,,,,,,,,,,NO,,,,,,,,,,,,,,,,,,,,,,,,,,,,,,,,,,,,,,,
,,,,,,,,03/10/25,,,,,05/05/25,,05/14/25,,,,,,,,,,,,,,,NO,,,,,,,,,,,,,,,,,,,,,,,,,,,,,,,,,,,,,,,
,,,,Onskid,PRO-C,,,03/10/25,,,,,05/05/25,,05/13/25,,,,,,,,,,,,,,,YES,,,,,,,,,,,,,,,,,,,,,,,,,,,,,,,,,,,,,,,
,,,,Onskid,PGMSK34,,,03/11/25,,,,,05/06/25,,05/14/25,,,,,,,,,,,,,,,YES,,,,,,,,,,,,,,,,,,,,,,,,,,,,,,,,,,,,,,,
,,,,,,,,03/11/25,,,,,05/06/25,,05/15/25,,,,,,,,,,,,,,,NO,,,,,,,,,,,,,,,,,,,,,,,,,,,,,,,,,,,,,,,
,,,,,,,,03/11/25,,,,,05/06/25,,05/15/25,,,,,,,,,,,,,,,NO,,,,,,,,,,,,,,,,,,,,,,,,,,,,,,,,,,,,,,,
,,,,Offskid,GAZ-CSL,,,see #1,,,,,05/07/25,,see #1,,,,,,,,,,,,,,,YES,,,,,,,,,,,,,,,,,,,,,,,,,,,,,,,,,,,,,,,
,,,,Offskid,FLOAT,,,03/12/25,,,,,05/07/25,,05/16/25,,,,,,,,,,,,,,,NO,,,,,,,,,,,,,,,,,,,,,,,,,,,,,,,,,,,,,,,
,,,,,,,,03/12/25,,,,,05/07/25,,05/16/25,,,,,,,,,,,,,,,NO,,,,,,,,,,,,,,,,,,,,,,,,,,,,,,,,,,,,,,,
,,,,Offskid,ONGC NEELAM,,,03/13/25,,,,,05/08/25,,05/29/25,,,,,,,#VALUE!,,,,,,,,YES,,,,,,,,,,,,,,,,,,,,,,,,,,,,,,,,,,,,,,,
,,,,Offskid,FLOAT,,,see #1,,,,,05/08/25,,see #1,,,,,,,,,,,,,,,NO,,,,,,,,,,,,,,,,,,,,,,,,,,,,,,,,,,,,,,,
,,,,Onskid,PRO-P,,,03/13/25,,,,,05/08/25,,05/15/25,,,,,,,,,,,,,,,YES,,,,,,,,,,,,,,,,,,,,,,,,,,,,,,,,,,,,,,,
,,,,Onskid,PGMSK28,,,03/14/25,,,,,05/09/25,,05/20/25,,,,,,,,,,,,,,,YES,,,,,,,,,,,,,,,,,,,,,,,,,,,,,,,,,,,,,,,
,,,,Offskid,ONGC NEELAM,,,see #1,,,,,05/09/25,,see #1,,,,,,,#VALUE!,,,,,,,,YES,,,,,,,,,,,,,,,,,,,,,,,,,,,,,,,,,,,,,,,
,,,,Offskid,FLOAT,,,03/14/25,,,,,05/09/25,,05/20/25,,,,,,,,,,,,,,,NO,,,,,,,,,,,,,,,,,,,,,,,,,,,,,,,,,,,,,,,
,,,,Onskid,WWM-B6,,,03/17/25,,,,,05/12/25,,05/21/25,,,,,,,,,,,,,,,YES,,,,,,,,,,,,,,,,,,,,,,,,,,,,,,,,,,,,,,,
,,,,,,,,03/17/25,,,,,05/12/25,,05/16/25,,,,,,,,,,,,,,,NO,,,,,,,,,,,,,,,,,,,,,,,,,,,,,,,,,,,,,,,
,,,,Offskid,ONGC NEELAM,,,see #1,,,,,05/12/25,,see #1,,,,,,,#VALUE!,,,,,,,,YES,,,,,,,,,,,,,,,,,,,,,,,,,,,,,,,,,,,,,,,
,,,,Offskid,FLOAT,,,03/18/25,,,,,05/13/25,,05/22/25,,,,,,,,,,,,,,,NO,,,,,,,,,,,,,,,,,,,,,,,,,,,,,,,,,,,,,,,
,,,,Onskid,LDV-40,,,03/18/25,,,,,05/13/25,,05/22/25,,,,,,,,,,,,,,,YES,,,,,,,,,,,,,,,,,,,,,,,,,,,,,,,,,,,,,,,
,,,,,,,,03/18/25,,,,,05/13/25,,05/22/25,,,,,,,,,,,,,,,NO,,,,,,,,,,,,,,,,,,,,,,,,,,,,,,,,,,,,,,,
,,,,,,,,03/19/25,,,,,05/14/25,,05/23/25,,,,,,,,,,,,,,,NO,,,,,,,,,,,,,,,,,,,,,,,,,,,,,,,,,,,,,,,
,,,,,,,,03/19/25,,,,,05/14/25,,05/23/25,,,,,,,,,,,,,,,NO,,,,,,,,,,,,,,,,,,,,,,,,,,,,,,,,,,,,,,,
,,,,,,,,03/19/25,,,,,05/14/25,,05/23/25,,,,,,,,,,,,,,,NO,,,,,,,,,,,,,,,,,,,,,,,,,,,,,,,,,,,,,,,
,,,,,,,,03/20/25,,,,,05/15/25,,05/27/25,,,,,,,,,,,,,,,NO,,,,,,,,,,,,,,,,,,,,,,,,,,,,,,,,,,,,,,,
,,,,Onskid,CDI-C50,,,03/20/25,,,,,05/15/25,,05/27/25,,,,,,,,,,,,,,,YES,,,,,,,,,,,,,,,,,,,,,,,,,,,,,,,,,,,,,,,
,,,,,,,,03/20/25,,,,,05/15/25,,05/27/25,,,,,,,,,,,,,,,NO,,,,,,,,,,,,,,,,,,,,,,,,,,,,,,,,,,,,,,,
,,,,,,,,03/21/25,,,,,05/16/25,,05/28/25,,,,,,,,,,,,,,,NO,,,,,,,,,,,,,,,,,,,,,,,,,,,,,,,,,,,,,,,
,,,,,,,,03/21/25,,,,,05/16/25,,05/28/25,,,,,,,,,,,,,,,NO,,,,,,,,,,,,,,,,,,,,,,,,,,,,,,,,,,,,,,,
,,,,Onskid,ETP-ROS,,,03/21/25,,,,,05/16/25,,06/02/25,,,,,,,,,,,,,,,YES,,,,,,,,,,,,,,,,,,,,,,,,,,,,,,,,,,,,,,,
,,,,Onskid,S60-63,,,03/24/25,,,,,05/19/25,,06/05/25,,,,,,,,,,,,,,,YES,,,,,,,,,,,,,,,,,,,,,,,,,,,,,,,,,,,,,,,
,,,,,,,,03/24/25,,,,,05/19/25,,05/29/25,,,,,,,,,,,,,,,NO,,,,,,,,,,,,,,,,,,,,,,,,,,,,,,,,,,,,,,,
,,,,Onskid,LDV-40B,,,03/24/25,,,,,05/19/25,,05/28/25,,,,,,,,,,,,,,,YES,,,,,,,,,,,,,,,,,,,,,,,,,,,,,,,,,,,,,,,
,,,,,,,,03/25/25,,,,,05/20/25,,05/30/25,,,,,,,,,,,,,,,NO,,,,,,,,,,,,,,,,,,,,,,,,,,,,,,,,,,,,,,,
,,,,,,,,03/25/25,,,,,05/20/25,,05/30/25,,,,,,,,,,,,,,,NO,,,,,,,,,,,,,,,,,,,,,,,,,,,,,,,,,,,,,,,
,,,,Onskid,CDI-C50,,,see #1,,,,,05/20/25,,see #1,,,,,,,,,,,,,,,YES,,,,,,,,,,,,,,,,,,,,,,,,,,,,,,,,,,,,,,,
,,,,Onskid,WWM-B6,,,see #1,,,,,05/21/25,,see #1,,,,,,,,,,,,,,,YES,,,,,,,,,,,,,,,,,,,,,,,,,,,,,,,,,,,,,,,
,,,,,,,,03/26/25,,,,,05/21/25,,06/02/25,,,,,,,,,,,,,,,NO,,,,,,,,,,,,,,,,,,,,,,,,,,,,,,,,,,,,,,,
,,,,,,,,03/26/25,,,,,05/21/25,,06/02/25,,,,,,,,,,,,,,,NO,,,,,,,,,,,,,,,,,,,,,,,,,,,,,,,,,,,,,,,
,,,,New,TRANSCANADA-A,,,03/27/25,,,,,05/22/25,,05/30/25,,,,,,,#VALUE!,,,,,,,,YES,,,,,,,,,,,,,,,,,,,,,,,,,,,,,,,,,,,,,,,
,,,,Onskid,S60-64,,,03/27/25,,,,,05/22/25,,06/06/25,,,,,,,,,,,,,,,YES,,,,,,,,,,,,,,,,,,,,,,,,,,,,,,,,,,,,,,,
,,,,New,TRANSCANADA-B,,,03/27/25,,,,,05/22/25,,06/03/25,,,,,,,#VALUE!,,,,,,,,YES,,,,,,,,,,,,,,,,,,,,,,,,,,,,,,,,,,,,,,,
,,,,New,TRANSCANADA-C,,,03/28/25,,,,,05/23/25,,06/10/25,,,,,,,#VALUE!,,,,,,,,YES,,,,,,,,,,,,,,,,,,,,,,,,,,,,,,,,,,,,,,,
,,,,Onskid,NWE,,,03/28/25,,,,,05/23/25,,06/04/25,,,,,,,,,,,,,,,YES,,,,,,,,,,,,,,,,,,,,,,,,,,,,,,,,,,,,,,,
,,,,,,,,03/28/25,,,,,05/23/25,,06/04/25,,,,,,,,,,,,,,,NO,,,,,,,,,,,,,,,,,,,,,,,,,,,,,,,,,,,,,,,
,,,,,,,,03/31/25,,,,,05/27/25,,06/05/25,,,,,,,,,,,,,,,NO,,,,,,,,,,,,,,,,,,,,,,,,,,,,,,,,,,,,,,,
,,,,NTB,GAZ-CSL,,,see #1,,,,,05/27/25,,see #1,,,,,,,,,,,,,,,YES,,,,,,,,,,,,,,,,,,,,,,,,,,,,,,,,,,,,,,,
,,,,Offskid,NOC 130,,,03/31/25,,,,,05/27/25,,06/18/25,,,,,,,#VALUE!,,,,,,,,YES,,,,,,,,,,,,,,,,,,,,,,,,,,,,,,,,,,,,,,,
,,,,Offskid,FLOAT,,,see #1,,,,,05/28/25,,see #1,,,,,,,,,,,,,,,NO,,,,,,,,,,,,,,,,,,,,,,,,,,,,,,,,,,,,,,,
,,,,New,PENDING-N,,,04/01/25,,,,,05/28/25,,06/02/25,,,,,,,,,,,,,,,YES,,,,,,,,,,,,,,,,,,,,,,,,,,,,,,,,,,,,,,,
,,,,Offskid,NOC 130,,,see #1,,,,,05/28/25,,see #1,,,,,,,#VALUE!,,,,,,,,YES,,,,,,,,,,,,,,,,,,,,,,,,,,,,,,,,,,,,,,,
,,,,Offskid,FLOAT,,,see #1,,,,,05/29/25,,see #1,,,,,,,,,,,,,,,NO,,,,,,,,,,,,,,,,,,,,,,,,,,,,,,,,,,,,,,,
,,,,NTB,RUYA-WP,,,see #1,,,,,05/29/25,,see #1,,,,,,,,,,,,,,,YES,,,,,,,,,,,,,,,,,,,,,,,,,,,,,,,,,,,,,,,
,,,,,,,,04/02/25,,,,,05/29/25,,06/09/25,,,,,,,,,,,,,,,NO,,,,,,,,,,,,,,,,,,,,,,,,,,,,,,,,,,,,,,,
,,,,,,,,04/03/25,,,,,05/30/25,,06/10/25,,,,,,,,,,,,,,,NO,,,,,,,,,,,,,,,,,,,,,,,,,,,,,,,,,,,,,,,
,,,,Onskid,S60-65,,,04/03/25,,,,,05/30/25,,06/10/25,,,,,,,,,,,,,,,YES,,,,,,,,,,,,,,,,,,,,,,,,,,,,,,,,,,,,,,,
,,,,Onskid,WILPOC1,,,04/03/25,,,,,05/30/25,,06/06/25,,,,,,,,,,,,,,,YES,,,,,,,,,,,,,,,,,,,,,,,,,,,,,,,,,,,,,,,
,,,,,,,,04/04/25,,,,,06/02/25,,06/11/25,,,,,,,,,,,,,,,NO,,,,,,,,,,,,,,,,,,,,,,,,,,,,,,,,,,,,,,,
,,,,,,,,04/04/25,,,,,06/02/25,,06/11/25,,,,,,,,,,,,,,,NO,,,,,,,,,,,,,,,,,,,,,,,,,,,,,,,,,,,,,,,
,,,,Onskid,CANLIN,,,04/04/25,,,,,06/02/25,,06/11/25,,,,,,,#VALUE!,,,,,,,,YES,,,,,,,,,,,,,,,,,,,,,,,,,,,,,,,,,,,,,,,
,,,,Onskid,WILPOC2,,,04/07/25,,,,,06/03/25,,06/12/25,,,,,,,,,,,,,,,YES,,,,,,,,,,,,,,,,,,,,,,,,,,,,,,,,,,,,,,,
,,,,Onskid,NWE,,,see #1,,,,,06/03/25,,see #1,,,,,,,,,,,,,,,YES,,,,,,,,,,,,,,,,,,,,,,,,,,,,,,,,,,,,,,,
,,,,Onskid,PROP-57,,,04/07/25,,,,,06/03/25,,06/18/25,,,,,,,,,,,,,,,YES,,,,,,,,,,,,,,,,,,,,,,,,,,,,,,,,,,,,,,,
,,,,,,,,04/08/25,,,,,06/04/25,,06/13/25,,,,,,,,,,,,,,,NO,,,,,,,,,,,,,,,,,,,,,,,,,,,,,,,,,,,,,,,
,,,,New,PENDING-N,,,see #1,,,,,06/04/25,,see #1,,,,,,,,,,,,,,,YES,,,,,,,,,,,,,,,,,,,,,,,,,,,,,,,,,,,,,,,
,,,,,,,,04/08/25,,,,,06/04/25,,06/13/25,,,,,,,,,,,,,,,NO,,,,,,,,,,,,,,,,,,,,,,,,,,,,,,,,,,,,,,,
,,,,,,,,04/09/25,,,,,06/05/25,,06/16/25,,,,,,,,,,,,,,,NO,,,,,,,,,,,,,,,,,,,,,,,,,,,,,,,,,,,,,,,
,,,,,,,,04/09/25,,,,,06/05/25,,06/16/25,,,,,,,,,,,,,,,NO,,,,,,,,,,,,,,,,,,,,,,,,,,,,,,,,,,,,,,,
,,,,,,,,04/09/25,,,,,06/05/25,,06/16/25,,,,,,,,,,,,,,,NO,,,,,,,,,,,,,,,,,,,,,,,,,,,,,,,,,,,,,,,
,,,,Onskid,S60-66,,,04/10/25,,,,,06/06/25,,06/19/25,,,,,,,,,,,,,,,YES,,,,,,,,,,,,,,,,,,,,,,,,,,,,,,,,,,,,,,,
,,,,,,,,04/10/25,,,,,06/06/25,,06/17/25,,,,,,,,,,,,,,,NO,,,,,,,,,,,,,,,,,,,,,,,,,,,,,,,,,,,,,,,
,,,,Offskid,GAZ-CSL,,,see #1,,,,,06/06/25,,see #1,,,,,,,,,,,,,,,YES,,,,,,,,,,,,,,,,,,,,,,,,,,,,,,,,,,,,,,,
,,,,Offskid,FLOAT,,,04/11/25,,,,,06/09/25,,06/18/25,,,,,,,,,,,,,,,NO,,,,,,,,,,,,,,,,,,,,,,,,,,,,,,,,,,,,,,,
,,,,New,PENDING-N,,,see #1,,,,,06/09/25,,see #1,,,,,,,,,,,,,,,YES,,,,,,,,,,,,,,,,,,,,,,,,,,,,,,,,,,,,,,,
,,,,Onskid,WIL250S,,,04/11/25,,,,,06/09/25,,06/23/25,,,,,,,,,,,,,,,YES,,,,,,,,,,,,,,,,,,,,,,,,,,,,,,,,,,,,,,,
,,,,Onskid,PROP-58,,,04/14/25,,,,,06/10/25,,06/23/25,,,,,,,,,,,,,,,YES,,,,,,,,,,,,,,,,,,,,,,,,,,,,,,,,,,,,,,,
,,,,Offskid,RUYA-WP,,,see #1,,,,,06/10/25,,see #1,,,,,,,,,,,,,,,YES,,,,,,,,,,,,,,,,,,,,,,,,,,,,,,,,,,,,,,,
,,,,Offskid,FLOAT,,,04/14/25,,,,,06/10/25,,06/19/25,,,,,,,,,,,,,,,NO,,,,,,,,,,,,,,,,,,,,,,,,,,,,,,,,,,,,,,,
,,,,Onskid,SAILUN,,,04/15/25,,,,,06/11/25,,06/24/25,,,,,,,,,,,,,,,YES,,,,,,,,,,,,,,,,,,,,,,,,,,,,,,,,,,,,,,,
,,,,New,AGT SOUTH EAST A,,,04/15/25,,,,,06/11/25,,06/13/25,,,,,,,#VALUE!,,,,,,,,YES,,,,,,,,,,,,,,,,,,,,,,,,,,,,,,,,,,,,,,,
,,,,New,RADYS CHILDREN,,,04/15/25,,,,,06/11/25,,06/11/25,,,,,,,#VALUE!,,,,,,,,YES,,,,,,,,,,,,,,,,,,,,,,,,,,,,,,,,,,,,,,,
,,,,,,,,04/16/25,,,,,06/12/25,,06/23/25,,,,,,,,,,,,,,,NO,,,,,,,,,,,,,,,,,,,,,,,,,,,,,,,,,,,,,,,
,,,,,,,,04/16/25,,,,,06/12/25,,06/23/25,,,,,,,,,,,,,,,NO,,,,,,,,,,,,,,,,,,,,,,,,,,,,,,,,,,,,,,,
,,,,New,BRIDGELINE TALLY,,,04/16/25,,,,,06/12/25,,06/18/25,,,,,,,#VALUE!,,,,,,,,YES,,,,,,,,,,,,,,,,,,,,,,,,,,,,,,,,,,,,,,,
,,,,,,,,04/17/25,,,,,06/13/25,,06/24/25,,,,,,,,,,,,,,,NO,,,,,,,,,,,,,,,,,,,,,,,,,,,,,,,,,,,,,,,
,,,,,,,,04/17/25,,,,,06/13/25,,06/24/25,,,,,,,,,,,,,,,NO,,,,,,,,,,,,,,,,,,,,,,,,,,,,,,,,,,,,,,,
,,,,,,,,04/17/25,,,,,06/13/25,,06/24/25,,,,,,,,,,,,,,,NO,,,,,,,,,,,,,,,,,,,,,,,,,,,,,,,,,,,,,,,
,,,,,,,,04/18/25,,,,,06/16/25,,06/25/25,,,,,,,,,,,,,,,NO,,,,,,,,,,,,,,,,,,,,,,,,,,,,,,,,,,,,,,,
,,,,,,,,04/18/25,,,,,06/16/25,,06/25/25,,,,,,,,,,,,,,,NO,,,,,,,,,,,,,,,,,,,,,,,,,,,,,,,,,,,,,,,
,,,,Onskid,PROP-59,,,04/18/25,,,,,06/16/25,,06/25/25,,,,,,,,,,,,,,,YES,,,,,,,,,,,,,,,,,,,,,,,,,,,,,,,,,,,,,,,
,,,,Onskid,S60-67,,,04/21/25,,,,,06/17/25,,06/27/25,,,,,,,,,,,,,,,YES,,,,,,,,,,,,,,,,,,,,,,,,,,,,,,,,,,,,,,,
,,,,,,,,04/21/25,,,,,06/17/25,,06/26/25,,,,,,,,,,,,,,,NO,,,,,,,,,,,,,,,,,,,,,,,,,,,,,,,,,,,,,,,
,,,,Onskid,GPM-TR,,,04/21/25,,,,,06/17/25,,06/25/25,,,,,,,,,,,,,,,YES,,,,,,,,,,,,,,,,,,,,,,,,,,,,,,,,,,,,,,,
,,,,New,PENDING-N,,,see #1,,,,,06/18/25,,see #1,,,,,,,,,,,,,,,YES,,,,,,,,,,,,,,,,,,,,,,,,,,,,,,,,,,,,,,,
,,,,,,,,04/22/25,,,,,06/18/25,,06/27/25,,,,,,,,,,,,,,,NO,,,,,,,,,,,,,,,,,,,,,,,,,,,,,,,,,,,,,,,
,,,,,,,,04/22/25,,,,,06/18/25,,06/27/25,,,,,,,,,,,,,,,NO,,,,,,,,,,,,,,,,,,,,,,,,,,,,,,,,,,,,,,,
,,,,,,,,04/23/25,,,,,06/19/25,,06/30/25,,,,,,,,,,,,,,,NO,,,,,,,,,,,,,,,,,,,,,,,,,,,,,,,,,,,,,,,
,,,,,,,,04/23/25,,,,,06/19/25,,06/30/25,,,,,,,,,,,,,,,NO,,,,,,,,,,,,,,,,,,,,,,,,,,,,,,,,,,,,,,,
,,,,,,,,04/23/25,,,,,06/19/25,,06/30/25,,,,,,,,,,,,,,,NO,,,,,,,,,,,,,,,,,,,,,,,,,,,,,,,,,,,,,,,
,,,,,,,,04/24/25,,,,,06/20/25,,07/01/25,,,,,,,,,,,,,,,NO,,,,,,,,,,,,,,,,,,,,,,,,,,,,,,,,,,,,,,,
,,,,,,,,04/24/25,,,,,06/20/25,,07/01/25,,,,,,,,,,,,,,,NO,,,,,,,,,,,,,,,,,,,,,,,,,,,,,,,,,,,,,,,
,,,,,,,,04/24/25,,,,,06/20/25,,07/01/25,,,,,,,,,,,,,,,NO,,,,,,,,,,,,,,,,,,,,,,,,,,,,,,,,,,,,,,,
,,,,Onskid,PROP-60,,,04/25/25,,,,,06/23/25,,06/27/25,,,,,,,,,,,,,,,YES,,,,,,,,,,,,,,,,,,,,,,,,,,,,,,,,,,,,,,,
,,,,,,,,04/25/25,,,,,06/23/25,,07/02/25,,,,,,,,,,,,,,,NO,,,,,,,,,,,,,,,,,,,,,,,,,,,,,,,,,,,,,,,
,,,,,,,,04/25/25,,,,,06/23/25,,07/02/25,,,,,,,,,,,,,,,NO,,,,,,,,,,,,,,,,,,,,,,,,,,,,,,,,,,,,,,,
,,,,Onskid,MARSHAL,,,04/28/25,,,,,06/24/25,,07/02/25,,,,,,,,,,,,,,,YES,,,,,,,,,,,,,,,,,,,,,,,,,,,,,,,,,,,,,,,
,,,,,,,,04/28/25,,,,,06/24/25,,07/03/25,,,,,,,,,,,,,,,NO,,,,,,,,,,,,,,,,,,,,,,,,,,,,,,,,,,,,,,,
,,,,Onskid,WIL130S,,,04/28/25,,,,,06/24/25,,07/02/25,,,,,,,,,,,,,,,YES,,,,,,,,,,,,,,,,,,,,,,,,,,,,,,,,,,,,,,,
,,,,New,BASIN ELECTRIC BAR,,,04/29/25,,,,,06/25/25,,07/07/25,,,,,,,#VALUE!,,,,,,,,YES,,,,,,,,,,,,,,,,,,,,,,,,,,,,,,,,,,,,,,,
,,,,New,BASIN ELECTRIC BAR,,,see #1,,,,,06/25/25,,see #1,,,,,,,#VALUE!,,,,,,,,YES,,,,,,,,,,,,,,,,,,,,,,,,,,,,,,,,,,,,,,,
,,,,New,BASIN ELECTRIC BAR,,,see #1,,,,,06/25/25,,see #1,,,,,,,#VALUE!,,,,,,,,YES,,,,,,,,,,,,,,,,,,,,,,,,,,,,,,,,,,,,,,,
,,,,,,,,04/30/25,,,,,06/26/25,,07/08/25,,,,,,,,,,,,,,,NO,,,,,,,,,,,,,,,,,,,,,,,,,,,,,,,,,,,,,,,
,,,,Onskid,TC-DR,,,04/30/25,,,,,06/26/25,,07/07/25,,,,,,,,,,,,,,,YES,,,,,,,,,,,,,,,,,,,,,,,,,,,,,,,,,,,,,,,
,,,,New,BASIN ELEC ARVADA,,,04/30/25,,,,,06/26/25,,07/14/25,,,,,,,#VALUE!,,,,,,,,YES,,,,,,,,,,,,,,,,,,,,,,,,,,,,,,,,,,,,,,,
,,,,New,BASIN ELEC ARVADA,,,see #1,,,,,06/27/25,,see #1,,,,,,,#VALUE!,,,,,,,,YES,,,,,,,,,,,,,,,,,,,,,,,,,,,,,,,,,,,,,,,
,,,,Onskid,S60-68,,,05/01/25,,,,,06/27/25,,07/09/25,,,,,,,,,,,,,,,YES,,,,,,,,,,,,,,,,,,,,,,,,,,,,,,,,,,,,,,,
,,,,Onskid,MARSHAL,,,see #1,,,,,06/27/25,,see #1,,,,,,,,,,,,,,,YES,,,,,,,,,,,,,,,,,,,,,,,,,,,,,,,,,,,,,,,
,,,,Onskid,PROP-61,,,05/02/25,,,,,06/30/25,,07/10/25,,,,,,,,,,,,,,,YES,,,,,,,,,,,,,,,,,,,,,,,,,,,,,,,,,,,,,,,
,,,,NTB,QE-D,,,05/02/25,,,,,06/30/25,,07/16/25,,,,,,,,,,10/17/25,,,,,YES,,,,,,,,,,,,,,,,,,,,,,,,,,,,,,,,,,,,,,,
,,,,New,KM-GCO SHIP AHEAD,,,05/02/25,,,,,06/30/25,,07/07/25,,,,,,,#VALUE!,,,,,,,,YES,,,,,,,,,,,,,,,,,,,,,,,,,,,,,,,,,,,,,,,
,,,,New,KM-GCO SHIP AHEAD,,,see #1,,,,,07/01/25,,see #1,,,,,,,#VALUE!,,,,,,,,YES,,,,,,,,,,,,,,,,,,,,,,,,,,,,,,,,,,,,,,,
,,,,New,KM-GCS SHIP AHEAD,,,05/05/25,,,,,07/01/25,,07/07/25,,,,,,,#VALUE!,,,,,,,,YES,,,,,,,,,,,,,,,,,,,,,,,,,,,,,,,,,,,,,,,
,,,,New,KM-GCS SHIP AHEAD,,,see #1,,,,,07/01/25,,see #1,,,,,,,#VALUE!,,,,,,,,YES,,,,,,,,,,,,,,,,,,,,,,,,,,,,,,,,,,,,,,,
,,,,Onskid,TC-CF,,,05/06/25,,,,,07/02/25,,07/15/25,,,,,,,,,,,,,,,YES,,,,,,,,,,,,,,,,,,,,,,,,,,,,,,,,,,,,,,,
,,,,New,PT PERTAMINA-A,,,05/06/25,,,,,07/02/25,,07/09/25,,,,,,,#VALUE!,,,,,,,,YES,,,,,,,,,,,,,,,,,,,,,,,,,,,,,,,,,,,,,,,
,,,,Onskid,WIL130S,,,see #1,,,,,07/02/25,,see #1,,,,,,,,,,,,,,,YES,,,,,,,,,,,,,,,,,,,,,,,,,,,,,,,,,,,,,,,
,,,,New,PERTAMINA-B,,,05/07/25,,,,,07/03/25,,07/09/25,,,,,,,#VALUE!,,,,,,,,YES,,,,,,,,,,,,,,,,,,,,,,,,,,,,,,,,,,,,,,,
,,,,New,KM-GCT SHIP AHEAD,,,05/07/25,,,,,07/03/25,,07/07/25,,,,,,,#VALUE!,,,,,,,,YES,,,,,,,,,,,,,,,,,,,,,,,,,,,,,,,,,,,,,,,
,,,,New,KM-GCT SHIP AHEAD,,,see #1,,,,,07/03/25,,see #1,,,,,,,#VALUE!,,,,,,,,YES,,,,,,,,,,,,,,,,,,,,,,,,,,,,,,,,,,,,,,,
,,,,Onskid,PENDING-N,,,see #1,,,,,07/07/25,,see #1,,,,,,,,,,,,,,,YES,,,,,,,,,,,,,,,,,,,,,,,,,,,,,,,,,,,,,,,
,,,,,,,,05/08/25,,,,,07/07/25,,07/16/25,,,,,,,,,,,,,,,NO,,,,,,,,,,,,,,,,,,,,,,,,,,,,,,,,,,,,,,,
,,,,Onskid,MER-SOL,,,05/08/25,,,,,07/07/25,,07/16/25,,,,,,,,,,,,,,,YES,,,,,,,,,,,,,,,,,,,,,,,,,,,,,,,,,,,,,,,
,,,,,,,,05/09/25,,,,,07/08/25,,07/17/25,,,,,,,,,,,,,,,NO,,,,,,,,,,,,,,,,,,,,,,,,,,,,,,,,,,,,,,,
,,,,Onskid,PROP-62,,,05/09/25,,,,,07/08/25,,07/16/25,,,,,,,,,,,,,,,YES,,,,,,,,,,,,,,,,,,,,,,,,,,,,,,,,,,,,,,,
,,,,,,,,05/09/25,,,,,07/08/25,,07/17/25,,,,,,,,,,,,,,,NO,,,,,,,,,,,,,,,,,,,,,,,,,,,,,,,,,,,,,,,
,,,,,,,,05/12/25,,,,,07/09/25,,07/18/25,,,,,,,,,,,,,,,NO,,,,,,,,,,,,,,,,,,,,,,,,,,,,,,,,,,,,,,,
,,,,,,,,05/12/25,,,,,07/09/25,,07/18/25,,,,,,,,,,,,,,,NO,,,,,,,,,,,,,,,,,,,,,,,,,,,,,,,,,,,,,,,
,,,,Offskid,VSP CCP GTG-B,,,05/12/25,,,,,07/09/25,,07/17/25,,,,,,,#VALUE!,,,,,,,,YES,,,,,,,,,,,,,,,,,,,,,,,,,,,,,,,,,,,,,,,
,,,,,,,,05/13/25,,,,,07/10/25,,07/21/25,,,,,,,,,,,,,,,NO,,,,,,,,,,,,,,,,,,,,,,,,,,,,,,,,,,,,,,,
,,,,,,,,05/13/25,,,,,07/10/25,,07/21/25,,,,,,,,,,,,,,,NO,,,,,,,,,,,,,,,,,,,,,,,,,,,,,,,,,,,,,,,
,,,,,,,,05/13/25,,,,,07/10/25,,07/21/25,,,,,,,,,,,,,,,NO,,,,,,,,,,,,,,,,,,,,,,,,,,,,,,,,,,,,,,,
,,,,,,,,05/14/25,,,,,07/11/25,,07/22/25,,,,,,,,,,,,,,,NO,,,,,,,,,,,,,,,,,,,,,,,,,,,,,,,,,,,,,,,
,,,,,,,,05/14/25,,,,,07/11/25,,07/22/25,,,,,,,,,,,,,,,NO,,,,,,,,,,,,,,,,,,,,,,,,,,,,,,,,,,,,,,,
,,,,Onskid,WIL130S,,,see #1,,,,,07/11/25,,see #1,,,,,,,,,,,,,,,YES,,,,,,,,,,,,,,,,,,,,,,,,,,,,,,,,,,,,,,,
,,,,Onskid,S60-69,,,05/15/25,,,,,07/14/25,,07/22/25,,,,,,,,,,,,,,,YES,,,,,,,,,,,,,,,,,,,,,,,,,,,,,,,,,,,,,,,
,,,,Onskid,KM-GCO,,,05/15/25,,,,,07/14/25,,07/23/25,,,,,,,,,,,,,,,YES,,,,,,,,,,,,,,,,,,,,,,,,,,,,,,,,,,,,,,,
,,,,New,ETC LA GRANGE,,,05/15/25,,,,,07/14/25,,07/22/25,,,,,,,#VALUE!,,,,,,,,YES,,,,,,,,,,,,,,,,,,,,,,,,,,,,,,,,,,,,,,,
,,,,Onskid,RICHLND,,,05/16/25,,,,,07/15/25,,07/25/25,,,,,,,,,,,,,,,YES,,,,,,,,,,,,,,,,,,,,,,,,,,,,,,,,,,,,,,,
,,,,Onskid,PROP-63,,,05/16/25,,,,,07/15/25,,07/24/25,,,,,,,,,,,,,,,YES,,,,,,,,,,,,,,,,,,,,,,,,,,,,,,,,,,,,,,,
,,,,Onskid,GPM-C,,,05/16/25,,,,,07/15/25,,07/24/25,,,,,,,,,,,,,,,YES,,,,,,,,,,,,,,,,,,,,,,,,,,,,,,,,,,,,,,,
,,,,Onskid,GPM-C,,,see #1,,,,,07/16/25,,see #1,,,,,,,,,,,,,,,YES,,,,,,,,,,,,,,,,,,,,,,,,,,,,,,,,,,,,,,,
,,,,,,,,05/19/25,,,,,07/16/25,,07/25/25,,,,,,,,,,,,,,,NO,,,,,,,,,,,,,,,,,,,,,,,,,,,,,,,,,,,,,,,
,,,,Offskid,OQ GAS NIMR,,,05/19/25,,,,,07/16/25,,07/28/25,,,,,,,#VALUE!,,,,,,,,YES,,,,,,,,,,,,,,,,,,,,,,,,,,,,,,,,,,,,,,,
,,,,Offskid,FLOAT,,,05/20/25,,,,,07/17/25,,07/28/25,,,,,,,,,,,,,,,NO,,,,,,,,,,,,,,,,,,,,,,,,,,,,,,,,,,,,,,,
,,,,Offskid,OQ GAS NIMR,,,see #1,,,,,07/17/25,,see #1,,,,,,,#VALUE!,,,,,,,,YES,,,,,,,,,,,,,,,,,,,,,,,,,,,,,,,,,,,,,,,
,,,,Offskid,FLOAT,,,05/20/25,,,,,07/17/25,,07/28/25,,,,,,,,,,,,,,,NO,,,,,,,,,,,,,,,,,,,,,,,,,,,,,,,,,,,,,,,
,,,,Offskid,OQ GAS NIMR,,,see #1,,,,,07/18/25,,see #1,,,,,,,#VALUE!,,,,,,,,YES,,,,,,,,,,,,,,,,,,,,,,,,,,,,,,,,,,,,,,,
,,,,Offskid,FLOAT,,,05/21/25,,,,,07/18/25,,07/29/25,,,,,,,,,,,,,,,NO,,,,,,,,,,,,,,,,,,,,,,,,,,,,,,,,,,,,,,,
,,,,New,ANADARKO PETRO,,,05/21/25,,,,,07/18/25,,07/21/25,,,,,,,#VALUE!,,,,,,,,YES,,,,,,,,,,,,,,,,,,,,,,,,,,,,,,,,,,,,,,,
,,,,Onskid,WIL130S,,,see #1,,,,,07/21/25,,see #1,,,,,,,,,,,,,,,YES,,,,,,,,,,,,,,,,,,,,,,,,,,,,,,,,,,,,,,,
,,,,New,ANADARKO PETRO,,,see #1,,,,,07/21/25,,see #1,,,,,,,#VALUE!,,,,,,,,YES,,,,,,,,,,,,,,,,,,,,,,,,,,,,,,,,,,,,,,,
,,,,Onskid,ET-CL,,,05/22/25,,,,,07/21/25,,07/30/25,,,,,,,,,,,,,,,YES,,,,,,,,,,,,,,,,,,,,,,,,,,,,,,,,,,,,,,,
,,,,Onskid,PROP-64,,,05/23/25,,,,,07/22/25,,08/04/25,,,,,,,,,,,,,,,YES,,,,,,,,,,,,,,,,,,,,,,,,,,,,,,,,,,,,,,,
,,,,Onskid,ET-CL,,,see #1,,,,,07/22/25,,see #1,,,,,,,,,,,,,,,YES,,,,,,,,,,,,,,,,,,,,,,,,,,,,,,,,,,,,,,,
,,,,Onskid,LTE,,,05/23/25,,,,,07/22/25,,08/04/25,,,,,,,,,,,,,,,YES,,,,,,,,,,,,,,,,,,,,,,,,,,,,,,,,,,,,,,,
,,,,,,,,05/27/25,,,,,07/23/25,,08/01/25,,,,,,,,,,,,,,,NO,,,,,,,,,,,,,,,,,,,,,,,,,,,,,,,,,,,,,,,
,,,,New,ANADARKO HEIDELBER,,,05/27/25,,,,,07/23/25,,07/28/25,,,,,,,#VALUE!,,,,,,,,YES,,,,,,,,,,,,,,,,,,,,,,,,,,,,,,,,,,,,,,,
,,,,New,ANADARKO HEIDELBER,,,see #1,,,,,07/23/25,,see #1,,,,,,,#VALUE!,,,,,,,,YES,,,,,,,,,,,,,,,,,,,,,,,,,,,,,,,,,,,,,,,
,,,,New,ANADARKO HEIDELBER,,,see #1,,,,,07/24/25,,see #1,,,,,,,#VALUE!,,,,,,,,YES,,,,,,,,,,,,,,,,,,,,,,,,,,,,,,,,,,,,,,,
,,,,NTB,RUYA-T2,,,05/28/25,,,,,07/24/25,,07/28/25,,,,,,,,,,08/18/25,,,,,YES,,,,,,,,,,,,,,,,,,,,,,,,,,,,,,,,,,,,,,,
,,,,,,,,05/28/25,,,,,07/24/25,,08/04/25,,,,,,,,,,,,,,,NO,,,,,,,,,,,,,,,,,,,,,,,,,,,,,,,,,,,,,,,
,,,,Onskid,S60-70,,,05/29/25,,,,,07/25/25,,08/12/25,,,,,,,,,,,,,,,YES,,,,,,,,,,,,,,,,,,,,,,,,,,,,,,,,,,,,,,,
,,,,Onskid,LTE,,,see #1,,,,,07/25/25,,see #1,,,,,,,,,,,,,,,YES,,,,,,,,,,,,,,,,,,,,,,,,,,,,,,,,,,,,,,,
,,,,,,,,05/29/25,,,,,07/25/25,,08/05/25,,,,,,,,,,,,,,,NO,,,,,,,,,,,,,,,,,,,,,,,,,,,,,,,,,,,,,,,
,,,,Offskid,GOE SAKARYA,,,05/30/25,,,,,07/28/25,,08/13/25,,,,,,,#VALUE!,,,,,,,,YES,,,,,,,,,,,,,,,,,,,,,,,,,,,,,,,,,,,,,,,
,,,,Offskid,FLOAT,,,05/30/25,,,,,07/28/25,,08/06/25,,,,,,,,,,,,,,,NO,,,,,,,,,,,,,,,,,,,,,,,,,,,,,,,,,,,,,,,
,,,,New,GOE SAKARYA BOX,,,05/30/25,,,,,07/28/25,,07/30/25,,,,,,,#VALUE!,,,,,,,,YES,,,,,,,,,,,,,,,,,,,,,,,,,,,,,,,,,,,,,,,
,,,,Onskid,PROP-65,,,06/02/25,,,,,07/29/25,,08/14/25,,,,,,,,,,,,,,,YES,,,,,,,,,,,,,,,,,,,,,,,,,,,,,,,,,,,,,,,
,,,,Onskid,GPM-O,,,06/02/25,,,,,07/29/25,,08/08/25,,,,,,,,,,,,,,,YES,,,,,,,,,,,,,,,,,,,,,,,,,,,,,,,,,,,,,,,
,,,,Onskid,KM-GCO,,,see #1,,,,,07/29/25,,see #1,,,,,,,,,,,,,,,YES,,,,,,,,,,,,,,,,,,,,,,,,,,,,,,,,,,,,,,,
,,,,Offskid,GOE SAKARYA,,,see #1,,,,,07/30/25,,see #1,,,,,,,#VALUE!,,,,,,,,YES,,,,,,,,,,,,,,,,,,,,,,,,,,,,,,,,,,,,,,,
,,,,Offskid,FLOAT,,,06/03/25,,,,,07/30/25,,08/08/25,,,,,,,,,,,,,,,NO,,,,,,,,,,,,,,,,,,,,,,,,,,,,,,,,,,,,,,,
,,,,,,,,06/03/25,,,,,07/30/25,,08/08/25,,,,,,,,,,,,,,,NO,,,,,,,,,,,,,,,,,,,,,,,,,,,,,,,,,,,,,,,
,,,,Offskid,GOE SAKARYA,,,see #1,,,,,07/31/25,,see #1,,,,,,,#VALUE!,,,,,,,,YES,,,,,,,,,,,,,,,,,,,,,,,,,,,,,,,,,,,,,,,
,,,,Offskid,FLOAT,,,06/04/25,,,,,07/31/25,,08/11/25,,,,,,,,,,,,,,,NO,,,,,,,,,,,,,,,,,,,,,,,,,,,,,,,,,,,,,,,
,,,,Offskid,ESSITY HIGIENE,,,06/04/25,,,,,07/31/25,,08/20/25,,,,,,,#VALUE!,,,,,,,,YES,,,,,,,,,,,,,,,,,,,,,,,,,,,,,,,,,,,,,,,
,,,,,,,,06/05/25,,,,,08/01/25,,08/12/25,,,,,,,,,,,,,,,NO,,,,,,,,,,,,,,,,,,,,,,,,,,,,,,,,,,,,,,,
,,,,,,,,06/05/25,,,,,08/01/25,,08/12/25,,,,,,,,,,,,,,,NO,,,,,,,,,,,,,,,,,,,,,,,,,,,,,,,,,,,,,,,
,,,,,,,,06/05/25,,,,,08/01/25,,08/12/25,,,,,,,,,,,,,,,NO,,,,,,,,,,,,,,,,,,,,,,,,,,,,,,,,,,,,,,,
,,,,,,,,06/06/25,,,,,08/04/25,,08/13/25,,,,,,,,,,,,,,,NO,,,,,,,,,,,,,,,,,,,,,,,,,,,,,,,,,,,,,,,
,,,,,,,,06/06/25,,,,,08/04/25,,08/13/25,,,,,,,,,,,,,,,NO,,,,,,,,,,,,,,,,,,,,,,,,,,,,,,,,,,,,,,,
,,,,Onskid,YIN-AJ,,,06/06/25,,,,,08/04/25,,08/13/25,,,,,,,,,,,,,,,YES,,,,,,,,,,,,,,,,,,,,,,,,,,,,,,,,,,,,,,,
,,,,New,CHEVRON ORONITE,,,06/09/25,,,,,08/05/25,,08/07/25,,,,,,,#VALUE!,,,,,,,,YES,,,,,,,,,,,,,,,,,,,,,,,,,,,,,,,,,,,,,,,
,,,,Onskid,PROP-66,,,06/09/25,,,,,08/05/25,,08/20/25,,,,,,,,,,,,,,,YES,,,,,,,,,,,,,,,,,,,,,,,,,,,,,,,,,,,,,,,
,,,,,,,,06/09/25,,,,,08/05/25,,08/14/25,,,,,,,,,,,,,,,NO,,,,,,,,,,,,,,,,,,,,,,,,,,,,,,,,,,,,,,,
,,,,,,,,06/10/25,,,,,08/06/25,,08/15/25,,,,,,,,,,,,,,,NO,,,,,,,,,,,,,,,,,,,,,,,,,,,,,,,,,,,,,,,
,,,,,,,,06/10/25,,,,,08/06/25,,08/15/25,,,,,,,,,,,,,,,NO,,,,,,,,,,,,,,,,,,,,,,,,,,,,,,,,,,,,,,,
,,,,Onskid,PECHAGA,,,06/10/25,,,,,08/06/25,,08/22/25,,,,,,,,,,12/15/25,,,,,YES,,,,,,,,,,,,,,,,,,,,,,,,,,,,,,,,,,,,,,,
,,,,Onskid,BWP-70,,,06/11/25,,,,,08/07/25,,08/15/25,,,,,,,,,,,,,,,YES,,,,,,,,,,,,,,,,,,,,,,,,,,,,,,,,,,,,,,,
,,,,New,NYPH TT6,,,06/11/25,,,,,08/07/25,,08/18/25,,,,,,,#VALUE!,,,,,,,,YES,,,,,,,,,,,,,,,,,,,,,,,,,,,,,,,,,,,,,,,
,,,,NTB,RUYA-TG,,,06/11/25,,,,,08/07/25,,08/13/25,,,,,,,,,,,,,,,YES,,,,,,,,,,,,,,,,,,,,,,,,,,,,,,,,,,,,,,,
,,,,New,DCP KINGFISHER,,,06/12/25,,,,,08/08/25,,08/19/25,,,,,,,#VALUE!,,,,,,,,YES,,,,,,,,,,,,,,,,,,,,,,,,,,,,,,,,,,,,,,,
,,,,NTB,RUYA-TG,,,see #1,,,,,08/08/25,,see #1,,,,,,,,,,,,,,,YES,,,,,,,,,,,,,,,,,,,,,,,,,,,,,,,,,,,,,,,
,,,,Onskid,S60-71,,,06/12/25,,,,,08/08/25,,08/25/25,,,,,,,,,,,,,,,YES,,,,,,,,,,,,,,,,,,,,,,,,,,,,,,,,,,,,,,,
,,,,Onskid,BWP-60,,,06/13/25,,,,,08/11/25,,08/21/25,,,,,,,,,,,,,,,YES,,,,,,,,,,,,,,,,,,,,,,,,,,,,,,,,,,,,,,,
,,,,Onskid,PROP-67,,,06/13/25,,,,,08/11/25,,08/29/25,,,,,,,,,,,,,,,YES,,,,,,,,,,,,,,,,,,,,,,,,,,,,,,,,,,,,,,,
,,,,NTB,RUYA-TG,,,see #1,,,,,08/11/25,,see #1,,,,,,,,,,,,,,,YES,,,,,,,,,,,,,,,,,,,,,,,,,,,,,,,,,,,,,,,
,,,,,,,,06/16/25,,,,,08/12/25,,08/21/25,,,,,,,,,,,,,,,NO,,,,,,,,,,,,,,,,,,,,,,,,,,,,,,,,,,,,,,,
,,,,Onskid,WIL130S,,,see #1,,,,,08/12/25,,see #1,,,,,,,,,,,,,,,YES,,,,,,,,,,,,,,,,,,,,,,,,,,,,,,,,,,,,,,,
,,,,New,GASANDES,,,06/16/25,,,,,08/12/25,,08/21/25,,,,,,,#VALUE!,,,,,,,,YES,,,,,,,,,,,,,,,,,,,,,,,,,,,,,,,,,,,,,,,
,,,,New,GASANDES,,,see #1,,,,,08/13/25,,see #1,,,,,,,#VALUE!,,,,,,,,YES,,,,,,,,,,,,,,,,,,,,,,,,,,,,,,,,,,,,,,,
,,,,Onskid,KM-GCS,,,06/17/25,,,,,08/13/25,,08/25/25,,,,,,,,,,,,,,,YES,,,,,,,,,,,,,,,,,,,,,,,,,,,,,,,,,,,,,,,
,,,,,,,,06/17/25,,,,,08/13/25,,08/22/25,,,,,,,,,,,,,,,NO,,,,,,,,,,,,,,,,,,,,,,,,,,,,,,,,,,,,,,,
,,,,,,,,06/18/25,,,,,08/14/25,,08/25/25,,,,,,,,,,,,,,,NO,,,,,,,,,,,,,,,,,,,,,,,,,,,,,,,,,,,,,,,
,,,,,,,,06/18/25,,,,,08/14/25,,08/25/25,,,,,,,,,,,,,,,NO,,,,,,,,,,,,,,,,,,,,,,,,,,,,,,,,,,,,,,,
,,,,Onskid,WIL130S,,,see #1,,,,,08/14/25,,see #1,,,,,,,,,,,,,,,YES,,,,,,,,,,,,,,,,,,,,,,,,,,,,,,,,,,,,,,,
,,,,,,,,06/19/25,,,,,08/15/25,,08/26/25,,,,,,,,,,,,,,,NO,,,,,,,,,,,,,,,,,,,,,,,,,,,,,,,,,,,,,,,
,,,,,,,,06/19/25,,,,,08/15/25,,08/26/25,,,,,,,,,,,,,,,NO,,,,,,,,,,,,,,,,,,,,,,,,,,,,,,,,,,,,,,,
,,,,Onskid,ECO,,,06/19/25,,,,,08/15/25,,08/28/25,,,,,,,,,,,,,,,YES,,,,,,,,,,,,,,,,,,,,,,,,,,,,,,,,,,,,,,,
,,,,Offskid,RUYA-TG,,,06/20/25,,,,,08/18/25,,08/27/25,,,,,,,,,,,,,,,YES,,,,,,,,,,,,,,,,,,,,,,,,,,,,,,,,,,,,,,,
,,,,Offskid,FLOAT,,,06/20/25,,,,,08/18/25,,08/27/25,,,,,,,,,,,,,,,NO,,,,,,,,,,,,,,,,,,,,,,,,,,,,,,,,,,,,,,,
,,,,Onskid,PROP-68,,,06/20/25,,,,,08/18/25,,09/04/25,,,,,,,,,,,,,,,YES,,,,,,,,,,,,,,,,,,,,,,,,,,,,,,,,,,,,,,,
,,,,,,,,06/23/25,,,,,08/19/25,,08/28/25,,,,,,,,,,,,,,,NO,,,,,,,,,,,,,,,,,,,,,,,,,,,,,,,,,,,,,,,
,,,,Onskid,ET-CL,,,see #1,,,,,08/19/25,,see #1,,,,,,,,,,,,,,,YES,,,,,,,,,,,,,,,,,,,,,,,,,,,,,,,,,,,,,,,
,,,,Onskid,ATMOS-C,,,06/23/25,,,,,08/19/25,,08/29/25,,,,,,,,,,,,,,,YES,,,,,,,,,,,,,,,,,,,,,,,,,,,,,,,,,,,,,,,
,,,,,,,,06/24/25,,,,,08/20/25,,08/29/25,,,,,,,,,,,,,,,NO,,,,,,,,,,,,,,,,,,,,,,,,,,,,,,,,,,,,,,,
,,,,,,,,06/24/25,,,,,08/20/25,,08/29/25,,,,,,,,,,,,,,,NO,,,,,,,,,,,,,,,,,,,,,,,,,,,,,,,,,,,,,,,
,,,,NTB,RUYA-TG,,,see #1,,,,,08/20/25,,see #1,,,,,,,,,,,,,,,YES,,,,,,,,,,,,,,,,,,,,,,,,,,,,,,,,,,,,,,,
,,,,Offskid,RUYA-TG,,,see #1,,,,,08/21/25,,see #1,,,,,,,,,,,,,,,YES,,,,,,,,,,,,,,,,,,,,,,,,,,,,,,,,,,,,,,,
,,,,Offskid,FLOAT,,,06/25/25,,,,,08/21/25,,09/02/25,,,,,,,,,,,,,,,NO,,,,,,,,,,,,,,,,,,,,,,,,,,,,,,,,,,,,,,,
,,,,Onskid,S60-72,,,06/25/25,,,,,08/21/25,,09/09/25,,,,,,,,,,,,,,,YES,,,,,,,,,,,,,,,,,,,,,,,,,,,,,,,,,,,,,,,
,,,,Onskid,WIL130S,,,see #1,,,,,08/22/25,,see #1,,,,,,,,,,,,,,,YES,,,,,,,,,,,,,,,,,,,,,,,,,,,,,,,,,,,,,,,
,,,,Onskid,ET-NM,,,06/26/25,,,,,08/22/25,,09/05/25,,,,,,,,,,01/13/26,,,,,YES,,,,,,,,,,,,,,,,,,,,,,,,,,,,,,,,,,,,,,,
,,,,,,,,06/26/25,,,,,08/22/25,,09/03/25,,,,,,,,,,,,,,,NO,,,,,,,,,,,,,,,,,,,,,,,,,,,,,,,,,,,,,,,
,,,,Onskid,ATMOS-C,,,see #1,,,,,08/25/25,,see #1,,,,,,,,,,,,,,,YES,,,,,,,,,,,,,,,,,,,,,,,,,,,,,,,,,,,,,,,
,,,,Onskid,PROP-69,,,06/27/25,,,,,08/25/25,,09/11/25,,,,,,,,,,,,,,,YES,,,,,,,,,,,,,,,,,,,,,,,,,,,,,,,,,,,,,,,
,,,,,,,,06/27/25,,,,,08/25/25,,09/04/25,,,,,,,,,,,,,,,NO,,,,,,,,,,,,,,,,,,,,,,,,,,,,,,,,,,,,,,,
,,,,New,PERTAMINA HULU,,,06/30/25,,,,,08/26/25,,09/10/25,,,,,,,#VALUE!,,,,,,,,YES,,,,,,,,,,,,,,,,,,,,,,,,,,,,,,,,,,,,,,,
,,,,Offskid,RUYA-TG,,,see #1,,,,,08/26/25,,see #1,,,,,,,,,,,,,,,YES,,,,,,,,,,,,,,,,,,,,,,,,,,,,,,,,,,,,,,,
,,,,Offskid,FLOAT,,,06/30/25,,,,,08/26/25,,09/05/25,,,,,,,,,,,,,,,NO,,,,,,,,,,,,,,,,,,,,,,,,,,,,,,,,,,,,,,,
,,,,Onskid,WIL130S,,,see #1,,,,,08/27/25,,see #1,,,,,,,,,,,,,,,YES,,,,,,,,,,,,,,,,,,,,,,,,,,,,,,,,,,,,,,,
,,,,Onskid,S60-73,,,07/01/25,,,,,08/27/25,,09/17/25,,,,,,,,,,,,,,,YES,,,,,,,,,,,,,,,,,,,,,,,,,,,,,,,,,,,,,,,
,,,,Onskid,MER-SOL,,,see #1,,,,,08/27/25,,see #1,,,,,,,,,,,,,,,YES,,,,,,,,,,,,,,,,,,,,,,,,,,,,,,,,,,,,,,,
,,,,Offskid,RUYA-TG,,,see #1,,,,,08/28/25,,see #1,,,,,,,,,,,,,,,YES,,,,,,,,,,,,,,,,,,,,,,,,,,,,,,,,,,,,,,,
,,,,Offskid,FLOAT,,,see #1,,,,,08/28/25,,see #1,,,,,,,,,,,,,,,NO,,,,,,,,,,,,,,,,,,,,,,,,,,,,,,,,,,,,,,,
,,,,Onskid,WOLF-WR,,,07/02/25,,,,,08/28/25,,09/10/25,,,,,,,,,,,,,,,YES,,,,,,,,,,,,,,,,,,,,,,,,,,,,,,,,,,,,,,,
,,,,Onskid,KM-GCS,,,see #1,,,,,08/29/25,,see #1,,,,,,,,,,,,,,,YES,,,,,,,,,,,,,,,,,,,,,,,,,,,,,,,,,,,,,,,
,,,,NTB,BP-KAS,,,07/03/25,,,,,08/29/25,,09/10/25,,,,,,,,,,,,,,,YES,,,,,,,,,,,,,,,,,,,,,,,,,,,,,,,,,,,,,,,
,,,,Onskid,ET-NM,,,see #1,,,,,08/29/25,,see #1,,,,,,,,,,01/23/26,,,,,YES,,,,,,,,,,,,,,,,,,,,,,,,,,,,,,,,,,,,,,,
,,,,,,,,07/07/25,,,,,09/02/25,,09/11/25,,,,,,,,,,,,,,,NO,,,,,,,,,,,,,,,,,,,,,,,,,,,,,,,,,,,,,,,
,,,,,,,,07/07/25,,,,,09/02/25,,09/11/25,,,,,,,,,,,,,,,NO,,,,,,,,,,,,,,,,,,,,,,,,,,,,,,,,,,,,,,,
,,,,,,,,07/07/25,,,,,09/02/25,,09/11/25,,,,,,,,,,,,,,,NO,,,,,,,,,,,,,,,,,,,,,,,,,,,,,,,,,,,,,,,
,,,,Onskid,S60-74,,,07/08/25,,,,,09/03/25,,09/24/25,,,,,,,,,,,,,,,YES,,,,,,,,,,,,,,,,,,,,,,,,,,,,,,,,,,,,,,,
,,,,New,PERTAMINA HULU,,,07/08/25,,,,,09/03/25,,09/10/25,,,,,,,#VALUE!,,,,,,,,YES,,,,,,,,,,,,,,,,,,,,,,,,,,,,,,,,,,,,,,,
,,,,Onskid,WOLF-WR,,,see #1,,,,,09/03/25,,see #1,,,,,,,,,,,,,,,YES,,,,,,,,,,,,,,,,,,,,,,,,,,,,,,,,,,,,,,,
,,,,Onskid,WOLF-W3,,,07/09/25,,,,,09/04/25,,09/16/25,,,,,,,,,,,,,,,YES,,,,,,,,,,,,,,,,,,,,,,,,,,,,,,,,,,,,,,,
,,,,,,,,07/09/25,,,,,09/04/25,,09/15/25,,,,,,,,,,,,,,,NO,,,,,,,,,,,,,,,,,,,,,,,,,,,,,,,,,,,,,,,
,,,,Offskid,OQ GAS NIMR-A,,,07/09/25,,,,,09/04/25,,09/15/25,,,,,,,#VALUE!,,,,,,,,YES,,,,,,,,,,,,,,,,,,,,,,,,,,,,,,,,,,,,,,,
,,,,Offskid,FLOAT,,,07/10/25,,,,,09/05/25,,09/16/25,,,,,,,,,,,,,,,NO,,,,,,,,,,,,,,,,,,,,,,,,,,,,,,,,,,,,,,,
,,,,Offskid,OQ GAS NIMR-A,,,see #1,,,,,09/05/25,,see #1,,,,,,,#VALUE!,,,,,,,,YES,,,,,,,,,,,,,,,,,,,,,,,,,,,,,,,,,,,,,,,
,,,,Offskid,FLOAT,,,07/10/25,,,,,09/05/25,,09/16/25,,,,,,,,,,,,,,,NO,,,,,,,,,,,,,,,,,,,,,,,,,,,,,,,,,,,,,,,
,,,,NTB,BP-KAS,,,see #1,,,,,09/08/25,,see #1,,,,,,,,,,,,,,,YES,,,,,,,,,,,,,,,,,,,,,,,,,,,,,,,,,,,,,,,
,,,,Offskid,OQ GAS NIMR-A,,,see #1,,,,,09/08/25,,see #1,,,,,,,#VALUE!,,,,,,,,YES,,,,,,,,,,,,,,,,,,,,,,,,,,,,,,,,,,,,,,,
,,,,Offskid,FLOAT,,,07/11/25,,,,,09/08/25,,09/17/25,,,,,,,,,,,,,,,NO,,,,,,,,,,,,,,,,,,,,,,,,,,,,,,,,,,,,,,,
,,,,NTB,BLKB-70,,,07/14/25,,,,,09/09/25,,09/24/25,,,,,,,,,,,,,,,YES,,,,,,,,,,,,,,,,,,,,,,,,,,,,,,,,,,,,,,,
,,,,Offskid,OQ GAS NIMR-A,,,see #1,,,,,09/09/25,,see #1,,,,,,,#VALUE!,,,,,,,,YES,,,,,,,,,,,,,,,,,,,,,,,,,,,,,,,,,,,,,,,
,,,,Offskid,FLOAT,,,see #1,,,,,09/09/25,,see #1,,,,,,,,,,,,,,,NO,,,,,,,,,,,,,,,,,,,,,,,,,,,,,,,,,,,,,,,
,,,,NTB,BLKB-70,,,see #1,,,,,09/10/25,,see #1,,,,,,,,,,,,,,,YES,,,,,,,,,,,,,,,,,,,,,,,,,,,,,,,,,,,,,,,
,,,,,,,,07/15/25,,,,,09/10/25,,09/19/25,,,,,,,,,,,,,,,NO,,,,,,,,,,,,,,,,,,,,,,,,,,,,,,,,,,,,,,,
,,,,New,TRANSWESTERN BLOOM,,,07/15/25,,,,,09/10/25,,09/19/25,,,,,,,#VALUE!,,,,,,,,YES,,,,,,,,,,,,,,,,,,,,,,,,,,,,,,,,,,,,,,,
,,,,New,TRANSWESTERN,,,07/16/25,,,,,09/11/25,,09/23/25,,,,,,,#VALUE!,,,,,,,,YES,,,,,,,,,,,,,,,,,,,,,,,,,,,,,,,,,,,,,,,
,,,,,,,,07/16/25,,,,,09/11/25,,09/22/25,,,,,,,,,,,,,,,NO,,,,,,,,,,,,,,,,,,,,,,,,,,,,,,,,,,,,,,,
,,,,Onskid,HOPKINS,,,07/16/25,,,,,09/11/25,,09/22/25,,,,,,,,,,,,,,,YES,,,,,,,,,,,,,,,,,,,,,,,,,,,,,,,,,,,,,,,
,,,,NTB,BLKB-70,,,see #1,,,,,09/12/25,,see #1,,,,,,,,,,12/17/25,,,,,YES,,,,,,,,,,,,,,,,,,,,,,,,,,,,,,,,,,,,,,,
,,,,,,,,07/17/25,,,,,09/12/25,,09/23/25,,,,,,,,,,,,,,,NO,,,,,,,,,,,,,,,,,,,,,,,,,,,,,,,,,,,,,,,
,,,,,,,,07/17/25,,,,,09/12/25,,09/23/25,,,,,,,,,,,,,,,NO,,,,,,,,,,,,,,,,,,,,,,,,,,,,,,,,,,,,,,,
,,,,Onskid,MER-SOL,,,see #1,,,,,09/15/25,,see #1,,,,,,,,,,,,,,,YES,,,,,,,,,,,,,,,,,,,,,,,,,,,,,,,,,,,,,,,
,,,,Offskid,BLKB-70,,,07/18/25,,,,,09/15/25,,09/24/25,,,,,,,,,,,,,,,YES,,,,,,,,,,,,,,,,,,,,,,,,,,,,,,,,,,,,,,,
,,,,Onskid,MER-PGM,,,07/18/25,,,,,09/15/25,,09/24/25,,,,,,,,,,,,,,,YES,,,,,,,,,,,,,,,,,,,,,,,,,,,,,,,,,,,,,,,
,,,,New,PEP APV PERDIZ-A,,,07/21/25,,,,,09/16/25,,09/25/25,,,,,,,#VALUE!,,,,,,,,YES,,,,,,,,,,,,,,,,,,,,,,,,,,,,,,,,,,,,,,,
,,,,,,,,07/21/25,,,,,09/16/25,,09/25/25,,,,,,,,,,,,,,,NO,,,,,,,,,,,,,,,,,,,,,,,,,,,,,,,,,,,,,,,
,,,,Offskid,BP-KAS,,,07/21/25,,,,,09/16/25,,09/25/25,,,,,,,,,,,,,,,YES,,,,,,,,,,,,,,,,,,,,,,,,,,,,,,,,,,,,,,,
,,,,New,PEP APV PERDIZ-B,,,07/22/25,,,,,09/17/25,,09/29/25,,,,,,,#VALUE!,,,,,,,,YES,,,,,,,,,,,,,,,,,,,,,,,,,,,,,,,,,,,,,,,
,,,,Offskid,PETROGAS NL-1,,,07/22/25,,,,,09/17/25,,10/01/25,,,,,,,#VALUE!,,,,,,,,YES,,,,,,,,,,,,,,,,,,,,,,,,,,,,,,,,,,,,,,,
,,,,Offskid,FLOAT,,,07/22/25,,,,,09/17/25,,09/26/25,,,,,,,,,,,,,,,NO,,,,,,,,,,,,,,,,,,,,,,,,,,,,,,,,,,,,,,,
,,,,NTB,BP-KAS,,,see #1,,,,,09/18/25,,see #1,,,,,,,,,,,,,,,YES,,,,,,,,,,,,,,,,,,,,,,,,,,,,,,,,,,,,,,,
,,,,,,,,07/23/25,,,,,09/18/25,,09/29/25,,,,,,,,,,,,,,,NO,,,,,,,,,,,,,,,,,,,,,,,,,,,,,,,,,,,,,,,
,,,,,,,,07/23/25,,,,,09/18/25,,09/29/25,,,,,,,,,,,,,,,NO,,,,,,,,,,,,,,,,,,,,,,,,,,,,,,,,,,,,,,,
,,,,,,,,07/24/25,,,,,09/19/25,,09/30/25,,,,,,,,,,,,,,,NO,,,,,,,,,,,,,,,,,,,,,,,,,,,,,,,,,,,,,,,
,,,,Onskid,PER-RDR,,,07/24/25,,,,,09/19/25,,09/30/25,,,,,,,,,,,,,,,YES,,,,,,,,,,,,,,,,,,,,,,,,,,,,,,,,,,,,,,,
,,,,Onskid,S60-75,,,07/24/25,,,,,09/19/25,,10/01/25,,,,,,,,,,,,,,,YES,,,,,,,,,,,,,,,,,,,,,,,,,,,,,,,,,,,,,,,
,,,,,,,,07/25/25,,,,,09/22/25,,10/01/25,,,,,,,,,,,,,,,NO,,,,,,,,,,,,,,,,,,,,,,,,,,,,,,,,,,,,,,,
,,,,Offskid,GASODUCTO-A,,,07/25/25,,,,,09/22/25,,10/08/25,,,,,,,#VALUE!,,,,,,,,YES,,,,,,,,,,,,,,,,,,,,,,,,,,,,,,,,,,,,,,,
,,,,Offskid,GASODUCTO-B,,,07/25/25,,,,,09/22/25,,10/08/25,,,,,,,#VALUE!,,,,,,,,YES,,,,,,,,,,,,,,,,,,,,,,,,,,,,,,,,,,,,,,,
,,,,,,,,07/28/25,,,,,09/23/25,,10/02/25,,,,,,,,,,,,,,,NO,,,,,,,,,,,,,,,,,,,,,,,,,,,,,,,,,,,,,,,
,,,,,,,,07/28/25,,,,,09/23/25,,10/02/25,,,,,,,,,,,,,,,NO,,,,,,,,,,,,,,,,,,,,,,,,,,,,,,,,,,,,,,,
,,,,Offskid,BLKB-70,,,see #1,,,,,09/23/25,,see #1,,,,,,,,,,,,,,,YES,,,,,,,,,,,,,,,,,,,,,,,,,,,,,,,,,,,,,,,
,,,,Onskid,PROP-70,,,07/29/25,,,,,09/24/25,,10/06/25,,,,,,,,,,,,,,,YES,,,,,,,,,,,,,,,,,,,,,,,,,,,,,,,,,,,,,,,
,,,,,,,,07/29/25,,,,,09/24/25,,10/03/25,,,,,,,,,,,,,,,NO,,,,,,,,,,,,,,,,,,,,,,,,,,,,,,,,,,,,,,,
,,,,,,,,07/29/25,,,,,09/24/25,,10/03/25,,,,,,,,,,,,,,,NO,,,,,,,,,,,,,,,,,,,,,,,,,,,,,,,,,,,,,,,
,,,,,,,,07/30/25,,,,,09/25/25,,10/06/25,,,,,,,,,,,,,,,NO,,,,,,,,,,,,,,,,,,,,,,,,,,,,,,,,,,,,,,,
,,,,Offskid,BP-KAS,,,see #1,,,,,09/25/25,,see #1,,,,,,,,,,,,,,,YES,,,,,,,,,,,,,,,,,,,,,,,,,,,,,,,,,,,,,,,
,,,,New,UNIV OF CINN,,,07/30/25,,,,,09/25/25,,10/06/25,,,,,,,#VALUE!,,,,,,,,YES,,,,,,,,,,,,,,,,,,,,,,,,,,,,,,,,,,,,,,,
,,,,,,,,07/31/25,,,,,09/26/25,,10/07/25,,,,,,,,,,,,,,,NO,,,,,,,,,,,,,,,,,,,,,,,,,,,,,,,,,,,,,,,
,,,,Onskid,ENB-E,,,07/31/25,,,,,09/26/25,,10/06/25,,,,,,,,,,,,,,,YES,,,,,,,,,,,,,,,,,,,,,,,,,,,,,,,,,,,,,,,
,,,,,,,,07/31/25,,,,,09/26/25,,10/07/25,,,,,,,,,,,,,,,NO,,,,,,,,,,,,,,,,,,,,,,,,,,,,,,,,,,,,,,,
,,,,,,,,08/01/25,,,,,09/29/25,,10/08/25,,,,,,,,,,,,,,,NO,,,,,,,,,,,,,,,,,,,,,,,,,,,,,,,,,,,,,,,
,,,,Onskid,WIL130S,,,see #1,,,,,09/29/25,,see #1,,,,,,,,,,,,,,,YES,,,,,,,,,,,,,,,,,,,,,,,,,,,,,,,,,,,,,,,
,,,,,,,,08/01/25,,,,,09/29/25,,10/08/25,,,,,,,,,,,,,,,NO,,,,,,,,,,,,,,,,,,,,,,,,,,,,,,,,,,,,,,,
,,,,,,,,08/04/25,,,,,09/30/25,,10/09/25,,,,,,,,,,,,,,,NO,,,,,,,,,,,,,,,,,,,,,,,,,,,,,,,,,,,,,,,
,,,,Offskid,WP-B STATION,,,08/04/25,,,,,09/30/25,,10/31/25,,,,,,,#VALUE!,,,,,,,,YES,,,,,,,,,,,,,,,,,,,,,,,,,,,,,,,,,,,,,,,
,,,,Offskid,BP-KAS,,,see #1,,,,,09/30/25,,see #1,,,,,,,,,,,,,,,YES,,,,,,,,,,,,,,,,,,,,,,,,,,,,,,,,,,,,,,,
,,,,Onskid,MER-SOL,,,see #1,,,,,10/01/25,,see #1,,,,,,,,,,,,,,,YES,,,,,,,,,,,,,,,,,,,,,,,,,,,,,,,,,,,,,,,
,,,,Onskid,S60-76,,,08/05/25,,,,,10/01/25,,10/13/25,,,,,,,,,,,,,,,YES,,,,,,,,,,,,,,,,,,,,,,,,,,,,,,,,,,,,,,,
,,,,Onskid,PER-RDR,,,see #1,,,,,10/01/25,,see #1,,,,,,,,,,,,,,,YES,,,,,,,,,,,,,,,,,,,,,,,,,,,,,,,,,,,,,,,
,,,,Onskid,WP-B,,,08/06/25,,,,,10/02/25,,10/14/25,,,,,,,,,,12/23/25,,,,,YES,,,,,,,,,,,,,,,,,,,,,,,,,,,,,,,,,,,,,,,
,,,,Onskid,PROP-71,,,08/06/25,,,,,10/02/25,,10/15/25,,,,,,,,,,,,,,,YES,,,,,,,,,,,,,,,,,,,,,,,,,,,,,,,,,,,,,,,
,,,,Onskid,WIL130N,,,08/06/25,,,,,10/02/25,,10/13/25,,,,,,,,,,,,,,,YES,,,,,,,,,,,,,,,,,,,,,,,,,,,,,,,,,,,,,,,
,,,,,,,,08/07/25,,,,,10/03/25,,10/14/25,,,,,,,,,,,,,,,NO,,,,,,,,,,,,,,,,,,,,,,,,,,,,,,,,,,,,,,,
,,,,,,,,08/07/25,,,,,10/03/25,,10/14/25,,,,,,,,,,,,,,,NO,,,,,,,,,,,,,,,,,,,,,,,,,,,,,,,,,,,,,,,
,,,,Onskid,KM-GCT,,,08/07/25,,,,,10/03/25,,10/21/25,,,,,,,,,,,,,,,YES,,,,,,,,,,,,,,,,,,,,,,,,,,,,,,,,,,,,,,,
,,,,Onskid,KM-GCT,,,see #1,,,,,10/06/25,,see #1,,,,,,,,,,,,,,,YES,,,,,,,,,,,,,,,,,,,,,,,,,,,,,,,,,,,,,,,
,,,,Onskid,WIL250S,,,see #1,,,,,10/06/25,,see #1,,,,,,,,,,,,,,,YES,,,,,,,,,,,,,,,,,,,,,,,,,,,,,,,,,,,,,,,
,,,,,,,,08/08/25,,,,,10/06/25,,10/15/25,,,,,,,,,,,,,,,NO,,,,,,,,,,,,,,,,,,,,,,,,,,,,,,,,,,,,,,,
,,,,,,,,08/11/25,,,,,10/07/25,,10/16/25,,,,,,,,,,,,,,,NO,,,,,,,,,,,,,,,,,,,,,,,,,,,,,,,,,,,,,,,
,,,,Onskid,MER-PGM,,,see #1,,,,,10/07/25,,see #1,,,,,,,,,,,,,,,YES,,,,,,,,,,,,,,,,,,,,,,,,,,,,,,,,,,,,,,,
,,,,Onskid,MER-PGM,,,see #1,,,,,10/07/25,,see #1,,,,,,,,,,,,,,,YES,,,,,,,,,,,,,,,,,,,,,,,,,,,,,,,,,,,,,,,
,,,,,,,,08/12/25,,,,,10/08/25,,10/17/25,,,,,,,,,,,,,,,NO,,,,,,,,,,,,,,,,,,,,,,,,,,,,,,,,,,,,,,,
,,,,Onskid,S60-77,,,08/12/25,,,,,10/08/25,,10/22/25,,,,,,,,,,11/24/25,,,,,YES,,,,,,,,,,,,,,,,,,,,,,,,,,,,,,,,,,,,,,,
,,,,,,,,08/12/25,,,,,10/08/25,,10/17/25,,,,,,,,,,,,,,,NO,,,,,,,,,,,,,,,,,,,,,,,,,,,,,,,,,,,,,,,
,,,,,,,,08/13/25,,,,,10/09/25,,10/20/25,,,,,,,,,,,,,,,NO,,,,,,,,,,,,,,,,,,,,,,,,,,,,,,,,,,,,,,,
,,,,,,,,08/13/25,,,,,10/09/25,,10/20/25,,,,,,,,,,,,,,,NO,,,,,,,,,,,,,,,,,,,,,,,,,,,,,,,,,,,,,,,
,,,,Onskid,PROP-72,,,08/13/25,,,,,10/09/25,,10/23/25,,,,,,,,,,,,,,,YES,,,,,,,,,,,,,,,,,,,,,,,,,,,,,,,,,,,,,,,
,,,,Onskid,PROP-73,,,08/14/25,,,,,10/10/25,,10/23/25,,,,,,,,,,,,,,,YES,,,,,,,,,,,,,,,,,,,,,,,,,,,,,,,,,,,,,,,
,,,,Offskid,TCE TORRINGTON,,,08/14/25,,,,,10/10/25,,10/22/25,,,,,,,#VALUE!,,,,,,,,YES,,,,,,,,,,,,,,,,,,,,,,,,,,,,,,,,,,,,,,,
,,,,,,,,08/14/25,,,,,10/10/25,,10/21/25,,,,,,,,,,,,,,,NO,,,,,,,,,,,,,,,,,,,,,,,,,,,,,,,,,,,,,,,
,,,,Offskid,RUYA-T2,,,08/15/25,,,,,10/13/25,,10/29/25,,,,,,,,,,01/08/26,,,,,YES,,,,,,,,,,,,,,,,,,,,,,,,,,,,,,,,,,,,,,,
,,,,Offskid,FLOAT,,,see #1,,,,,10/13/25,,see #1,,,,,,,,,,,,,,,NO,,,,,,,,,,,,,,,,,,,,,,,,,,,,,,,,,,,,,,,
,,,,Onskid,ET-CIS,,,08/15/25,,,,,10/13/25,,10/29/25,,,,,,,,,,12/17/25,,,,,YES,,,,,,,,,,,,,,,,,,,,,,,,,,,,,,,,,,,,,,,
,,,,,,,,08/18/25,,,,,10/14/25,,10/23/25,,,,,,,,,,,,,,,NO,,,,,,,,,,,,,,,,,,,,,,,,,,,,,,,,,,,,,,,
,,,,Offskid,BLKB-70,,,see #1,,,,,10/14/25,,see #1,,,,,,,,,,02/19/26,,,,,YES,,,,,,,,,,,,,,,,,,,,,,,,,,,,,,,,,,,,,,,
,,,,Onskid,WP-B,,,see #1,,,,,10/14/25,,see #1,,,,,,,,,,01/02/26,,,,,YES,,,,,,,,,,,,,,,,,,,,,,,,,,,,,,,,,,,,,,,
,,,,Onskid,S60-78,,,08/19/25,,,,,10/15/25,,11/06/25,,,,,,,,,,12/09/25,,,,,YES,,,,,,,,,,,,,,,,,,,,,,,,,,,,,,,,,,,,,,,
,,,,Onskid,PROP-74,,,08/19/25,,,,,10/15/25,,11/05/25,,,,,,,,,,12/03/25,,,,,YES,,,,,,,,,,,,,,,,,,,,,,,,,,,,,,,,,,,,,,,
,,,,Onskid,ET-CAR,,,08/19/25,,,,,10/15/25,,10/29/25,,,,,,,,,,,,,,,YES,,,,,,,,,,,,,,,,,,,,,,,,,,,,,,,,,,,,,,,
,,,,Offskid,PETROGAS NL-2,,,08/20/25,,,,,10/16/25,,11/03/25,,,,,,,#VALUE!,,,,,,,,YES,,,,,,,,,,,,,,,,,,,,,,,,,,,,,,,,,,,,,,,
,,,,Offskid,FLOAT,,,08/20/25,,,,,10/16/25,,10/27/25,,,,,,,,,,,,,,,NO,,,,,,,,,,,,,,,,,,,,,,,,,,,,,,,,,,,,,,,
,,,,Onskid,ET-CIS,,,see #1,,,,,10/16/25,,see #1,,,,,,,,,,01/07/26,,,,,YES,,,,,,,,,,,,,,,,,,,,,,,,,,,,,,,,,,,,,,,
,,,,Onskid,PROP-75,,,08/21/25,,,,,10/17/25,,11/11/25,,,,,,,,,,01/07/26,,,,,YES,,,,,,,,,,,,,,,,,,,,,,,,,,,,,,,,,,,,,,,
,,,,Onskid,MER-PGM,,,see #1,,,,,10/17/25,,see #1,,,,,,,,,,,,,,,YES,,,,,,,,,,,,,,,,,,,,,,,,,,,,,,,,,,,,,,,
,,,,Onskid,MER-SOL,,,see #1,,,,,10/17/25,,see #1,,,,,,,,,,,,,,,YES,,,,,,,,,,,,,,,,,,,,,,,,,,,,,,,,,,,,,,,
,,,,,,,,08/22/25,,,,,10/20/25,,10/29/25,,,,,,,,,,,,,,,NO,,,,,,,,,,,,,,,,,,,,,,,,,,,,,,,,,,,,,,,
,,,,New,KM KENEDY,,,08/22/25,,,,,10/20/25,,10/30/25,,,,,,,#VALUE!,,,,,,,,YES,,,,,,,,,,,,,,,,,,,,,,,,,,,,,,,,,,,,,,,
,,,,,,,,08/22/25,,,,,10/20/25,,10/29/25,,,,,,,,,,,,,,,NO,,,,,,,,,,,,,,,,,,,,,,,,,,,,,,,,,,,,,,,
,,,,Onskid,WIL250N,,,08/25/25,,,,,10/21/25,,11/03/25,,,,,,,,,,01/29/26,,,,,YES,,,,,,,,,,,,,,,,,,,,,,,,,,,,,,,,,,,,,,,
,,,,,,,,08/25/25,,,,,10/21/25,,10/30/25,,,,,,,,,,,,,,,NO,,,,,,,,,,,,,,,,,,,,,,,,,,,,,,,,,,,,,,,
,,,,,,,,08/25/25,,,,,10/21/25,,10/30/25,,,,,,,,,,,,,,,NO,,,,,,,,,,,,,,,,,,,,,,,,,,,,,,,,,,,,,,,
,,,,Onskid,WIL130N,,,see #1,,,,,10/22/25,,see #1,,,,,,,,,,12/22/25,,,,,YES,,,,,,,,,,,,,,,,,,,,,,,,,,,,,,,,,,,,,,,
,,,,Onskid,S60-79,,,08/26/25,,,,,10/22/25,,11/17/25,,,,,,,,,,02/05/26,,,,,YES,,,,,,,,,,,,,,,,,,,,,,,,,,,,,,,,,,,,,,,
,,,,Onskid,WIL130N,,,see #1,,,,,10/22/25,,see #1,,,,,,,,,,,,,,,YES,,,,,,,,,,,,,,,,,,,,,,,,,,,,,,,,,,,,,,,
,,,,Onskid,WIL250S,,,see #1,,,,,10/23/25,,see #1,,,,,,,,,,01/14/26,,,,,YES,,,,,,,,,,,,,,,,,,,,,,,,,,,,,,,,,,,,,,,
,,,,New,PERFETTI,,,08/27/25,,,,,10/23/25,,11/03/25,,,,,,,#VALUE!,,,,,,,,YES,,,,,,,,,,,,,,,,,,,,,,,,,,,,,,,,,,,,,,,
,,,,,,,,08/27/25,,,,,10/23/25,,11/03/25,,,,,,,,,,,,,,,NO,,,,,,,,,,,,,,,,,,,,,,,,,,,,,,,,,,,,,,,
,,,,New,STAR-CV SHIP AHEAD,,,08/28/25,,,,,10/24/25,,11/04/25,,,,,,,11/14/25,,,11/11/25,,,,,YES,,,,,,,,,,,,,,,,,,,,,,,,,,,,,,,,,,,,,,,
,,,,Onskid,WIL250N,,,see #1,,,,,10/24/25,,see #1,,,,,,,,,,02/04/26,,,,,YES,,,,,,,,,,,,,,,,,,,,,,,,,,,,,,,,,,,,,,,
,,,,,,,,08/28/25,,,,,10/24/25,,11/04/25,,,,,,,,,,,,,,,NO,,,,,,,,,,,,,,,,,,,,,,,,,,,,,,,,,,,,,,,
,,,,Onskid,WIL130N,,,see #1,,,,,10/27/25,,see #1,,,,,,,,,,01/16/26,,,,,YES,,,,,,,,,,,,,,,,,,,,,,,,,,,,,,,,,,,,,,,
,,,,NTB,NGT-P,,,08/29/25,,,,,10/27/25,,12/09/25,,,,,,,,,,12/09/25,,,,,YES,,,,,,,,,,,,,,,,,,,,,,,,,,,,,,,,,,,,,,,
,,,,New,TCE-GAP SHIP AHEAD,,,08/29/25,,,,,10/27/25,,11/03/25,,,,,,,11/21/25,,,11/18/25,,,,,YES,,,,,,,,,,,,,,,,,,,,,,,,,,,,,,,,,,,,,,,
,,,,Onskid,MER-PGM,,,see #1,,,,,10/28/25,,see #1,,,,,,,,,,01/16/26,,,,,YES,,,,,,,,,,,,,,,,,,,,,,,,,,,,,,,,,,,,,,,
,,,,,,,,09/02/25,,,,,10/28/25,,11/06/25,,,,,,,,,,,,,,,NO,,,,,,,,,,,,,,,,,,,,,,,,,,,,,,,,,,,,,,,
,,,,,,,,09/02/25,,,,,10/28/25,,11/06/25,,,,,,,,,,,,,,,NO,,,,,,,,,,,,,,,,,,,,,,,,,,,,,,,,,,,,,,,
,,,,Onskid,S60-80,,,09/03/25,,,,,10/29/25,,11/20/25,,,,,,,,,,02/10/26,,,,,YES,,,,,,,,,,,,,,,,,,,,,,,,,,,,,,,,,,,,,,,
,,,,Offskid,PIPECHINA-A,,,09/03/25,,,,,10/29/25,,11/07/25,,,,,,,#VALUE!,,,,,,,,YES,,,,,,,,,,,,,,,,,,,,,,,,,,,,,,,,,,,,,,,
,,,,Offskid,FLOAT,,,see #1,,,,,10/29/25,,see #1,,,,,,,,,,,,,,,NO,,,,,,,,,,,,,,,,,,,,,,,,,,,,,,,,,,,,,,,
,,,,,,,,09/04/25,,,,,10/30/25,,11/10/25,,,,,,,,,,,,,,,NO,,,,,,,,,,,,,,,,,,,,,,,,,,,,,,,,,,,,,,,
,,,,Offskid,PIPECHINA-A,,,see #1,,,,,10/30/25,,see #1,,,,,,,#VALUE!,,,,,,,,YES,,,,,,,,,,,,,,,,,,,,,,,,,,,,,,,,,,,,,,,
,,,,Offskid,FLOAT,,,see #1,,,,,10/30/25,,see #1,,,,,,,,,,,,,,,NO,,,,,,,,,,,,,,,,,,,,,,,,,,,,,,,,,,,,,,,
,,,,Offskid,PIPECHINA-B,,,09/05/25,,,,,10/31/25,,11/14/25,,,,,,,#VALUE!,,,,,,,,YES,,,,,,,,,,,,,,,,,,,,,,,,,,,,,,,,,,,,,,,
,,,,Offskid,FLOAT,,,09/05/25,,,,,10/31/25,,11/11/25,,,,,,,,,,,,,,,NO,,,,,,,,,,,,,,,,,,,,,,,,,,,,,,,,,,,,,,,
,,,,,,,,09/05/25,,,,,10/31/25,,11/11/25,,,,,,,,,,,,,,,NO,,,,,,,,,,,,,,,,,,,,,,,,,,,,,,,,,,,,,,,
,,,,,,,,09/08/25,,,,,11/03/25,,11/12/25,,,,,,,,,,,,,,,NO,,,,,,,,,,,,,,,,,,,,,,,,,,,,,,,,,,,,,,,
,,,,,,,,09/08/25,,,,,11/03/25,,11/12/25,,,,,,,,,,,,,,,NO,,,,,,,,,,,,,,,,,,,,,,,,,,,,,,,,,,,,,,,
,,,,Onskid,WIL250N,,,see #1,,,,,11/03/25,,see #1,,,,,,,,,,02/11/26,,,,,YES,,,,,,,,,,,,,,,,,,,,,,,,,,,,,,,,,,,,,,,
,,,,,,,,09/09/25,,,,,11/04/25,,11/13/25,,,,,,,,,,,,,,,NO,,,,,,,,,,,,,,,,,,,,,,,,,,,,,,,,,,,,,,,
,,,,Onskid,MER-SOL,,,see #1,,,,,11/04/25,,see #1,,,,,,,,,,12/02/25,,,,,YES,,,,,,,,,,,,,,,,,,,,,,,,,,,,,,,,,,,,,,,
,,,,Onskid,PROP-76,,,09/09/25,,,,,11/04/25,,12/01/25,,,,,,,,,,01/13/26,,,,,YES,,,,,,,,,,,,,,,,,,,,,,,,,,,,,,,,,,,,,,,
,,,,Offskid,QE-D,,,09/10/25,,,,,11/05/25,,11/21/25,,,,,,,,,,01/07/26,,,,,YES,,,,,,,,,,,,,,,,,,,,,,,,,,,,,,,,,,,,,,,
,,,,,,,,09/10/25,,,,,11/05/25,,11/14/25,,,,,,,,,,,,,,,NO,,,,,,,,,,,,,,,,,,,,,,,,,,,,,,,,,,,,,,,
,,,,,,,,09/10/25,,,,,11/05/25,,11/14/25,,,,,,,,,,,,,,,NO,,,,,,,,,,,,,,,,,,,,,,,,,,,,,,,,,,,,,,,
,,,,Onskid,WIL130N,,,see #1,,,,,11/06/25,,see #1,,,,,,,,,,01/27/26,,,,,YES,,,,,,,,,,,,,,,,,,,,,,,,,,,,,,,,,,,,,,,
,,,,Onskid,BOC-WQ1,,,09/11/25,,,,,11/06/25,,11/26/25,,,,,,,,,,01/12/26,,,,,YES,,,,,,,,,,,,,,,,,,,,,,,,,,,,,,,,,,,,,,,
,,,,Onskid,MER-PGM,,,see #1,,,,,11/06/25,,see #1,,,,,,,,,,01/22/26,,,,,YES,,,,,,,,,,,,,,,,,,,,,,,,,,,,,,,,,,,,,,,
,,,,Onskid,MER-PGM,,,see #1,,,,,11/07/25,,see #1,,,,,,,,,,01/30/26,,,,,YES,,,,,,,,,,,,,,,,,,,,,,,,,,,,,,,,,,,,,,,
,,,,,,,,09/12/25,,,,,11/07/25,,11/18/25,,,,,,,,,,,,,,,NO,,,,,,,,,,,,,,,,,,,,,,,,,,,,,,,,,,,,,,,
,,,,Onskid,MER-PGM,,,see #1,,,,,11/07/25,,see #1,,,,,,,,,,02/12/26,,,,,YES,,,,,,,,,,,,,,,,,,,,,,,,,,,,,,,,,,,,,,,
,,,,Onskid,ET-CAR,,,see #1,,,,,11/10/25,,see #1,,,,,,,,,,12/09/25,,,,,YES,,,,,,,,,,,,,,,,,,,,,,,,,,,,,,,,,,,,,,,
,,,,Onskid,WP-BR,,,09/15/25,,,,,11/10/25,,11/24/25,,,,,,,,,,01/22/26,,,,,YES,,,,,,,,,,,,,,,,,,,,,,,,,,,,,,,,,,,,,,,
,,,,,,,,09/15/25,,,,,11/10/25,,11/19/25,,,,,,,,,,,,,,,NO,,,,,,,,,,,,,,,,,,,,,,,,,,,,,,,,,,,,,,,
,,,,,,,,09/16/25,,,,,11/11/25,,11/20/25,,,,,,,,,,,,,,,NO,,,,,,,,,,,,,,,,,,,,,,,,,,,,,,,,,,,,,,,
,,,,Onskid,PROP-77,,,09/16/25,,,,,11/11/25,,12/10/25,,,,,,,,,,01/20/26,,,,,YES,,,,,,,,,,,,,,,,,,,,,,,,,,,,,,,,,,,,,,,
,,,,Onskid,WIL130N,,,see #1,,,,,11/11/25,,see #1,,,,,,,,,,02/04/26,,,,,YES,,,,,,,,,,,,,,,,,,,,,,,,,,,,,,,,,,,,,,,
,,,,Offskid,WP-BDR STATION,,,09/17/25,,,,,11/12/25,,12/01/25,,,,,,,12/11/25,,,12/08/25,,,,,YES,,,,,,,,,,,,,,,,,,,,,,,,,,,,,,,,,,,,,,,
,,,,Offskid,WP-BR STATION,,,09/17/25,,,,,11/12/25,,12/02/25,,,,,,,12/17/25,,,12/12/25,,,,,YES,,,,,,,,,,,,,,,,,,,,,,,,,,,,,,,,,,,,,,,
,,,,Onskid,ET-CS17,,,09/17/25,,,,,11/12/25,,11/24/25,,,,,,,,,,01/05/26,,,,,YES,,,,,,,,,,,,,,,,,,,,,,,,,,,,,,,,,,,,,,,
,,,,,,,,09/18/25,,,,,11/13/25,,11/24/25,,,,,,,,,,,,,,,NO,,,,,,,,,,,,,,,,,,,,,,,,,,,,,,,,,,,,,,,
,,,,Offskid,BASIN ELEC BAR STA,,,09/18/25,,,,,11/13/25,,12/04/25,,,,,,,12/17/25,,,12/12/25,,,,,YES,,,,,,,,,,,,,,,,,,,,,,,,,,,,,,,,,,,,,,,
,,,,,,,,09/18/25,,,,,11/13/25,,11/24/25,,,,,,,,,,,,,,,NO,,,,,,,,,,,,,,,,,,,,,,,,,,,,,,,,,,,,,,,
,,,,Onskid,WIL130N,,,see #1,,,,,11/14/25,,see #1,,,,,,,,,,02/25/26,,,,,YES,,,,,,,,,,,,,,,,,,,,,,,,,,,,,,,,,,,,,,,
,,,,Onskid,S60-81,,,09/19/25,,,,,11/14/25,,12/10/25,,,,,,,,,,02/23/26,,,,,YES,,,,,,,,,,,,,,,,,,,,,,,,,,,,,,,,,,,,,,,
,,,,,,,,09/19/25,,,,,11/14/25,,11/25/25,,,,,,,,,,,,,,,NO,,,,,,,,,,,,,,,,,,,,,,,,,,,,,,,,,,,,,,,
,,,,Onskid,WIL130N,,,see #1,,,,,11/17/25,,see #1,,,,,,,,,,03/12/26,,,,,YES,,,,,,,,,,,,,,,,,,,,,,,,,,,,,,,,,,,,,,,
,,,,,,,,09/22/25,,,,,11/17/25,,11/26/25,,,,,,,,,,,,,,,NO,,,,,,,,,,,,,,,,,,,,,,,,,,,,,,,,,,,,,,,
,,,,,,,,09/22/25,,,,,11/17/25,,11/26/25,,,,,,,,,,,,,,,NO,,,,,,,,,,,,,,,,,,,,,,,,,,,,,,,,,,,,,,,
,,,,,,,,09/23/25,,,,,11/18/25,,12/01/25,,,,,,,,,,,,,,,NO,,,,,,,,,,,,,,,,,,,,,,,,,,,,,,,,,,,,,,,
,,,,Offskid,BASIN EL ARVADA ST,,,09/23/25,,,,,11/18/25,,12/04/25,,,,,,,12/17/25,,,12/12/25,,,,,YES,,,,,,,,,,,,,,,,,,,,,,,,,,,,,,,,,,,,,,,
,,,,,,,,09/23/25,,,,,11/18/25,,12/01/25,,,,,,,,,,,,,,,NO,,,,,,,,,,,,,,,,,,,,,,,,,,,,,,,,,,,,,,,
,,,,Offskid,BASIC EL HART STAT,,,09/24/25,,,,,11/19/25,,12/08/25,,,,,,,12/17/25,,,12/12/25,,,,,YES,,,,,,,,,,,,,,,,,,,,,,,,,,,,,,,,,,,,,,,
,,,,Onskid,MER-SOL,,,see #1,,,,,11/19/25,,see #1,,,,,,,,,,12/16/25,,,,,YES,,,,,,,,,,,,,,,,,,,,,,,,,,,,,,,,,,,,,,,
,,,,Onskid,WP-BDR,,,09/24/25,,,,,11/19/25,,12/09/25,,,,,,,,,,02/12/26,,,,,YES,,,,,,,,,,,,,,,,,,,,,,,,,,,,,,,,,,,,,,,
,,,,Onskid,WP-BR,,,see #1,,,,,11/20/25,,see #1,,,,,,,,,,02/04/26,,,,,YES,,,,,,,,,,,,,,,,,,,,,,,,,,,,,,,,,,,,,,,
,,,,,,,,09/25/25,,,,,11/20/25,,12/03/25,,,,,,,,,,,,,,,NO,,,,,,,,,,,,,,,,,,,,,,,,,,,,,,,,,,,,,,,
,,,,,,,,09/25/25,,,,,11/20/25,,12/03/25,,,,,,,,,,,,,,,NO,,,,,,,,,,,,,,,,,,,,,,,,,,,,,,,,,,,,,,,
,,,,,,,,09/26/25,,,,,11/21/25,,12/04/25,,,,,,,,,,,,,,,NO,,,,,,,,,,,,,,,,,,,,,,,,,,,,,,,,,,,,,,,
,,,,,,,,09/26/25,,,,,11/21/25,,12/04/25,,,,,,,,,,,,,,,NO,,,,,,,,,,,,,,,,,,,,,,,,,,,,,,,,,,,,,,,
,,,,,,,,09/26/25,,,,,11/21/25,,12/04/25,,,,,,,,,,,,,,,NO,,,,,,,,,,,,,,,,,,,,,,,,,,,,,,,,,,,,,,,
,,,,,,,,09/29/25,,,,,11/24/25,,12/05/25,,,,,,,,,,,,,,,NO,,,,,,,,,,,,,,,,,,,,,,,,,,,,,,,,,,,,,,,
,,,,,,,,09/29/25,,,,,11/24/25,,12/05/25,,,,,,,,,,,,,,,NO,,,,,,,,,,,,,,,,,,,,,,,,,,,,,,,,,,,,,,,
,,,,,,,,09/29/25,,,,,11/24/25,,12/05/25,,,,,,,,,,,,,,,NO,,,,,,,,,,,,,,,,,,,,,,,,,,,,,,,,,,,,,,,
,,,,Onskid,WP-BDR,,,see #1,,,,,11/25/25,,see #1,,,,,,,,,,02/27/26,,,,,YES,,,,,,,,,,,,,,,,,,,,,,,,,,,,,,,,,,,,,,,
,,,,Offskid,NGT-P,,,09/30/25,,,,,11/25/25,,12/08/25,,,,,,,,,,01/12/26,,,,,YES,,,,,,,,,,,,,,,,,,,,,,,,,,,,,,,,,,,,,,,
,,,,New,STAR-CV SHIP AHEAD,,,see #1,,,,,11/25/25,,see #1,,,,,,,#VALUE!,,,,,,,,YES,,,,,,,,,,,,,,,,,,,,,,,,,,,,,,,,,,,,,,,
,,,,Onskid,S60-82,,,10/01/25,,,,,11/26/25,,12/17/25,,,,,,,,,,02/26/26,,,,,YES,,,,,,,,,,,,,,,,,,,,,,,,,,,,,,,,,,,,,,,
,,,,,,,,10/01/25,,,,,11/26/25,,12/09/25,,,,,,,,,,,,,,,NO,,,,,,,,,,,,,,,,,,,,,,,,,,,,,,,,,,,,,,,
,,,,,,,,10/01/25,,,,,11/26/25,,12/09/25,,,,,,,,,,,,,,,NO,,,,,,,,,,,,,,,,,,,,,,,,,,,,,,,,,,,,,,,
,,,,,,,,10/02/25,,,,,12/01/25,,12/10/25,,,,,,,,,,,,,,,NO,,,,,,,,,,,,,,,,,,,,,,,,,,,,,,,,,,,,,,,
,,,,Onskid,MER-PGM,,,see #1,,,,,12/01/25,,see #1,,,,,,,,,,04/16/26,,,,,YES,,,,,,,,,,,,,,,,,,,,,,,,,,,,,,,,,,,,,,,
,,,,Onskid,MER-PGM,,,see #1,,,,,12/01/25,,see #1,,,,,,,,,,01/02/26,,,,,YES,,,,,,,,,,,,,,,,,,,,,,,,,,,,,,,,,,,,,,,
,,,,Onskid,NRG-SL,,,10/03/25,,,,,12/02/25,,12/18/25,,,,,,,,,,01/23/26,,,,,YES,,,,,,,,,,,,,,,,,,,,,,,,,,,,,,,,,,,,,,,
,,,,Onskid,WIL130N,,,see #1,,,,,12/02/25,,see #1,,,,,,,,,,03/23/26,,,,,YES,,,,,,,,,,,,,,,,,,,,,,,,,,,,,,,,,,,,,,,
,,,,Onskid,LT2E,,,10/03/25,,,,,12/02/25,,12/22/25,,,,,,,,,,02/27/26,,,,,YES,,,,,,,,,,,,,,,,,,,,,,,,,,,,,,,,,,,,,,,
,,,,,,,,10/06/25,,,,,12/03/25,,12/12/25,,,,,,,,,,,,,,,NO,,,,,,,,,,,,,,,,,,,,,,,,,,,,,,,,,,,,,,,
,,,,,,,,10/06/25,,,,,12/03/25,,12/12/25,,,,,,,,,,,,,,,NO,,,,,,,,,,,,,,,,,,,,,,,,,,,,,,,,,,,,,,,
,,,,Onskid,KM-TG,,,10/06/25,,,,,12/03/25,,12/22/25,,,,,,,,,,02/13/26,,,,,YES,,,,,,,,,,,,,,,,,,,,,,,,,,,,,,,,,,,,,,,
,,,,Onskid,KM-TG,,,see #1,,,,,12/04/25,,see #1,,,,,,,,,,02/20/26,,,,,YES,,,,,,,,,,,,,,,,,,,,,,,,,,,,,,,,,,,,,,,
,,,,Onskid,PROP-78,,,10/07/25,,,,,12/04/25,,12/22/25,,,,,,,,,,01/27/26,,,,,YES,,,,,,,,,,,,,,,,,,,,,,,,,,,,,,,,,,,,,,,
,,,,New,TALOS BULLWINKLE,,,10/07/25,,,,,12/04/25,,01/07/26,,,,,,,01/05/26,,,12/19/25,,,,,YES,,,,,,,,,,,,,,,,,,,,,,,,,,,,,,,,,,,,,,,
,,,,New,TALOS BULLWINKLE,,,see #1,,,,,12/05/25,,see #1,,,,,,,01/05/26,,,12/19/25,,,,,YES,,,,,,,,,,,,,,,,,,,,,,,,,,,,,,,,,,,,,,,
,,,,Onskid,MICHIGN,,,10/08/25,,,,,12/05/25,,12/19/25,,,,,,,,,,02/05/26,,,,,YES,,,,,,,,,,,,,,,,,,,,,,,,,,,,,,,,,,,,,,,
,,,,Onskid,LT2E,,,see #1,,,,,12/05/25,,see #1,,,,,,,,,,03/05/26,,,,,YES,,,,,,,,,,,,,,,,,,,,,,,,,,,,,,,,,,,,,,,
,,,,Onskid,S60-83,,,10/09/25,,,,,12/08/25,,01/08/26,,,,,,,,,,03/06/26,,,,,YES,,,,,,,,,,,,,,,,,,,,,,,,,,,,,,,,,,,,,,,
,,,,,,,,10/09/25,,,,,12/08/25,,#NUM!,,,,,,,,,,,,,,,NO,,,,,,,,,,,,,,,,,,,,,,,,,,,,,,,,,,,,,,,
,,,,Onskid,MER-SOL,,,see #1,,,,,12/08/25,,see #1,,,,,,,,,,01/09/26,,,,,YES,,,,,,,,,,,,,,,,,,,,,,,,,,,,,,,,,,,,,,,
,,,,Onskid,S60-84,,,10/10/25,,,,,12/09/25,,01/15/26,,,,,,,,,,03/17/26,,,,,YES,,,,,,,,,,,,,,,,,,,,,,,,,,,,,,,,,,,,,,,
,,,,,,,,10/10/25,,,,,12/09/25,,12/18/25,,,,,,,,,,,,,,,NO,,,,,,,,,,,,,,,,,,,,,,,,,,,,,,,,,,,,,,,
,,,,,,,,10/10/25,,,,,12/09/25,,12/18/25,,,,,,,,,,,,,,,NO,,,,,,,,,,,,,,,,,,,,,,,,,,,,,,,,,,,,,,,
,,,,Onskid,PROP-79,,,10/13/25,,,,,12/10/25,,01/14/26,,,,,,,,,,01/29/26,,,,,YES,,,,,,,,,,,,,,,,,,,,,,,,,,,,,,,,,,,,,,,
,,,,,,,,10/13/25,,,,,12/10/25,,12/19/25,,,,,,,,,,,,,,,NO,,,,,,,,,,,,,,,,,,,,,,,,,,,,,,,,,,,,,,,
,,,,,,,,10/13/25,,,,,12/10/25,,12/19/25,,,,,,,,,,,,,,,NO,,,,,,,,,,,,,,,,,,,,,,,,,,,,,,,,,,,,,,,
,,,,,,,,10/14/25,,,,,12/11/25,,12/22/25,,,,,,,,,,,,,,,NO,,,,,,,,,,,,,,,,,,,,,,,,,,,,,,,,,,,,,,,
,,,,Onskid,KM-TG,,,see #1,,,,,12/11/25,,see #1,,,,,,,,,,02/27/26,,,,,YES,,,,,,,,,,,,,,,,,,,,,,,,,,,,,,,,,,,,,,,
,,,,Onskid,BP-KEMD,,,10/14/25,,,,,12/11/25,,01/12/26,,,,,,,,,,02/02/26,,,,,YES,,,,,,,,,,,,,,,,,,,,,,,,,,,,,,,,,,,,,,,
,,,,Offskid,LEE WAGPCO,,,10/15/25,,,,,12/12/25,,01/12/26,,,,,,,01/21/26,,,01/15/26,,,,,YES,,,,,,,,,,,,,,,,,,,,,,,,,,,,,,,,,,,,,,,
,,,,Offskid,FLOAT,,,10/15/25,,,,,12/12/25,,12/23/25,,,,,,,,,,,,,,,NO,,,,,,,,,,,,,,,,,,,,,,,,,,,,,,,,,,,,,,,
,,,,,,,,10/15/25,,,,,12/12/25,,12/23/25,,,,,,,,,,,,,,,NO,,,,,,,,,,,,,,,,,,,,,,,,,,,,,,,,,,,,,,,
,,,,,,,,10/16/25,,,,,12/15/25,,01/05/26,,,,,,,,,,,,,,,NO,,,,,,,,,,,,,,,,,,,,,,,,,,,,,,,,,,,,,,,
,,,,Onskid,MER-PGM,,,see #1,,,,,12/15/25,,see #1,,,,,,,,,,01/16/26,,,,,YES,,,,,,,,,,,,,,,,,,,,,,,,,,,,,,,,,,,,,,,
,,,,Offskid,LEE WAGPCO,,,see #1,,,,,12/15/25,,see #1,,,,,,,01/21/26,,,01/15/26,,,,,YES,,,,,,,,,,,,,,,,,,,,,,,,,,,,,,,,,,,,,,,
,,,,Offskid,FLOAT,,,10/17/25,,,,,12/16/25,,01/06/26,,,,,,,,,,,,,,,NO,,,,,,,,,,,,,,,,,,,,,,,,,,,,,,,,,,,,,,,
,,,,Onskid,PROP-80,,,10/17/25,,,,,12/16/25,,01/21/26,,,,,,,,,,01/30/26,,,,,YES,,,,,,,,,,,,,,,,,,,,,,,,,,,,,,,,,,,,,,,
,,,,Onskid,PROP-81,,,10/17/25,,,,,12/16/25,,01/21/26,,,,,,,,,,03/03/26,,,,,YES,,,,,,,,,,,,,,,,,,,,,,,,,,,,,,,,,,,,,,,
,,,,Onskid,S60-85,,,10/20/25,,,,,12/17/25,,01/27/26,,,,,,,,,,03/19/26,,,,,YES,,,,,,,,,,,,,,,,,,,,,,,,,,,,,,,,,,,,,,,
,,,,New,PENDING-N,,,see #1,,,,,12/17/25,,see #1,,,,,,,,,,,,,,,YES,,,,,,,,,,,,,,,,,,,,,,,,,,,,,,,,,,,,,,,
,,,,New,PENDING-N,,,see #1,,,,,12/17/25,,see #1,,,,,,,,,,,,,,,YES,,,,,,,,,,,,,,,,,,,,,,,,,,,,,,,,,,,,,,,
,,,,,,,,10/21/25,,,,,12/18/25,,01/08/26,,,,,,,,,,,,,,,NO,,,,,,,,,,,,,,,,,,,,,,,,,,,,,,,,,,,,,,,
,,,,,,,,10/21/25,,,,,12/18/25,,01/08/26,,,,,,,,,,,,,,,NO,,,,,,,,,,,,,,,,,,,,,,,,,,,,,,,,,,,,,,,
,,,,,,,,10/21/25,,,,,12/18/25,,01/08/26,,,,,,,,,,,,,,,NO,,,,,,,,,,,,,,,,,,,,,,,,,,,,,,,,,,,,,,,
,,,,Onskid,SR-VIEW,,,10/22/25,,,,,12/19/25,,01/09/26,,,,,,,,,,01/28/26,,,,,YES,,,,,,,,,,,,,,,,,,,,,,,,,,,,,,,,,,,,,,,
,,,,NTB,SHL-BN,,,10/22/25,,,,,12/19/25,,01/08/26,,,,,,,,,,01/26/26,,,,,YES,,,,,,,,,,,,,,,,,,,,,,,,,,,,,,,,,,,,,,,
,,,,,,,,10/22/25,,,,,12/19/25,,01/09/26,,,,,,,,,,,,,,,NO,,,,,,,,,,,,,,,,,,,,,,,,,,,,,,,,,,,,,,,
,,,,,,,,10/23/25,,,,,12/22/25,,01/12/26,,,,,,,,,,,,,,,NO,,,,,,,,,,,,,,,,,,,,,,,,,,,,,,,,,,,,,,,
,,,,Onskid,MER-SOL,,,see #1,,,,,12/22/25,,see #1,,,,,,,,,,01/26/26,,,,,YES,,,,,,,,,,,,,,,,,,,,,,,,,,,,,,,,,,,,,,,
,,,,,,,,10/23/25,,,,,12/22/25,,01/12/26,,,,,,,,,,,,,,,NO,,,,,,,,,,,,,,,,,,,,,,,,,,,,,,,,,,,,,,,
,,,,,,,,10/24/25,,,,,12/23/25,,01/13/26,,,,,,,,,,,,,,,NO,,,,,,,,,,,,,,,,,,,,,,,,,,,,,,,,,,,,,,,
,,,,Onskid,MER-PGM,,,see #1,,,,,12/23/25,,see #1,,,,,,,,,,01/30/26,,,,,YES,,,,,,,,,,,,,,,,,,,,,,,,,,,,,,,,,,,,,,,
,,,,,,,,10/24/25,,,,,12/23/25,,01/13/26,,,,,,,,,,,,,,,NO,,,,,,,,,,,,,,,,,,,,,,,,,,,,,,,,,,,,,,,
,,,,,,,,10/27/25,,,,,01/05/26,,01/14/26,,,,,,,,,,,,,,,NO,,,,,,,,,,,,,,,,,,,,,,,,,,,,,,,,,,,,,,,
,,,,,,,,10/27/25,,,,,01/05/26,,01/14/26,,,,,,,,,,,,,,,NO,,,,,,,,,,,,,,,,,,,,,,,,,,,,,,,,,,,,,,,
,,,,,,,,10/27/25,,,,,01/05/26,,01/14/26,,,,,,,,,,,,,,,NO,,,,,,,,,,,,,,,,,,,,,,,,,,,,,,,,,,,,,,,
,,,,Onskid,NICOR-L,,,10/28/25,,,,,01/06/26,,01/20/26,,,,,,,,,,02/19/26,,,,,YES,,,,,,,,,,,,,,,,,,,,,,,,,,,,,,,,,,,,,,,
,,,,,,,,10/28/25,,,,,01/06/26,,01/15/26,,,,,,,,,,,,,,,NO,,,,,,,,,,,,,,,,,,,,,,,,,,,,,,,,,,,,,,,
,,,,,,,,10/28/25,,,,,01/06/26,,01/15/26,,,,,,,,,,,,,,,NO,,,,,,,,,,,,,,,,,,,,,,,,,,,,,,,,,,,,,,,
,,,,Offskid,SHL-BN,,,10/29/25,,,,,01/07/26,,01/16/26,,,,,,,,,,02/10/26,,,,,YES,,,,,,,,,,,,,,,,,,,,,,,,,,,,,,,,,,,,,,,
,,,,,,,,10/29/25,,,,,01/07/26,,01/16/26,,,,,,,,,,,,,,,NO,,,,,,,,,,,,,,,,,,,,,,,,,,,,,,,,,,,,,,,
,,,,Onskid,MER-PGM,,,see #1,,,,,01/07/26,,see #1,,,,,,,,,,02/13/26,,,,,YES,,,,,,,,,,,,,,,,,,,,,,,,,,,,,,,,,,,,,,,
,,,,New,BIOGEN TT6,,,10/30/25,,,,,01/08/26,,01/21/26,,,,,,,02/04/26,,,01/30/26,,,,,YES,,,,,,,,,,,,,,,,,,,,,,,,,,,,,,,,,,,,,,,
,,,,,,,,10/30/25,,,,,01/08/26,,01/20/26,,,,,,,,,,,,,,,NO,,,,,,,,,,,,,,,,,,,,,,,,,,,,,,,,,,,,,,,
,,,,,,,,10/30/25,,,,,01/08/26,,01/20/26,,,,,,,,,,,,,,,NO,,,,,,,,,,,,,,,,,,,,,,,,,,,,,,,,,,,,,,,
,,,,Onskid,BP-KEMD,,,see #1,,,,,01/09/26,,see #1,,,,,,,,,,02/06/26,,,,,YES,,,,,,,,,,,,,,,,,,,,,,,,,,,,,,,,,,,,,,,
,,,,Onskid,PROP-82,,,10/31/25,,,,,01/09/26,,01/30/26,,,,,,,,,,03/11/26,,,,,YES,,,,,,,,,,,,,,,,,,,,,,,,,,,,,,,,,,,,,,,
,,,,Onskid,PROP-83,,,10/31/25,,,,,01/09/26,,02/05/26,,,,,,,,,,03/24/26,,,,,YES,,,,,,,,,,,,,,,,,,,,,,,,,,,,,,,,,,,,,,,
,,,,,,,,11/03/25,,,,,01/12/26,,01/22/26,,,,,,,,,,,,,,,NO,,,,,,,,,,,,,,,,,,,,,,,,,,,,,,,,,,,,,,,
,,,,,,,,11/03/25,,,,,01/12/26,,01/22/26,,,,,,,,,,,,,,,NO,,,,,,,,,,,,,,,,,,,,,,,,,,,,,,,,,,,,,,,
,,,,,,,,11/03/25,,,,,01/12/26,,01/22/26,,,,,,,,,,,,,,,NO,,,,,,,,,,,,,,,,,,,,,,,,,,,,,,,,,,,,,,,
,,,,Onskid,INEOS-A,,,11/04/25,,,,,01/13/26,,01/26/26,,,,,,,,,,03/03/26,,,,,YES,,,,,,,,,,,,,,,,,,,,,,,,,,,,,,,,,,,,,,,
,,,,,,,,11/04/25,,,,,01/13/26,,01/23/26,,,,,,,,,,,,,,,NO,,,,,,,,,,,,,,,,,,,,,,,,,,,,,,,,,,,,,,,
,,,,Onskid,ET-NMP2,,,11/04/25,,,,,01/13/26,,01/29/26,,,,,,,,,,04/09/26,,,,,YES,,,,,,,,,,,,,,,,,,,,,,,,,,,,,,,,,,,,,,,
,,,,Onskid,ENB-SUN,,,11/05/25,,,,,01/14/26,,01/23/26,,,,,,,,,,03/06/26,,,,,YES,,,,,,,,,,,,,,,,,,,,,,,,,,,,,,,,,,,,,,,
,,,,New,PENDING-N,,,see #1,,,,,01/14/26,,see #1,,,,,,,,,,,,,,,YES,,,,,,,,,,,,,,,,,,,,,,,,,,,,,,,,,,,,,,,
,,,,,,,,11/05/25,,,,,01/14/26,,01/26/26,,,,,,,,,,,,,,,NO,,,,,,,,,,,,,,,,,,,,,,,,,,,,,,,,,,,,,,,
,,,,Onskid,NNG-BUR,,,11/06/25,,,,,01/15/26,,01/28/26,,,,,,,,,,02/12/26,,,,,YES,,,,,,,,,,,,,,,,,,,,,,,,,,,,,,,,,,,,,,,
,,,,Onskid,MER-PGM,,,see #1,,,,,01/15/26,,see #1,,,,,,,,,,02/27/26,,,,,YES,,,,,,,,,,,,,,,,,,,,,,,,,,,,,,,,,,,,,,,
,,,,Onskid,MER-SOL,,,see #1,,,,,01/15/26,,see #1,,,,,,,,,,02/09/26,,,,,YES,,,,,,,,,,,,,,,,,,,,,,,,,,,,,,,,,,,,,,,
,,,,Onskid,ERGON-V,,,11/07/25,,,,,01/16/26,,01/30/26,,,,,,,,,,04/14/26,,,,,YES,,,,,,,,,,,,,,,,,,,,,,,,,,,,,,,,,,,,,,,
,,,,Onskid,SR-C70,,,11/07/25,,,,,01/16/26,,02/02/26,,,,,,,,,,02/10/26,,,,,YES,,,,,,,,,,,,,,,,,,,,,,,,,,,,,,,,,,,,,,,
,,,,,,,,11/07/25,,,,,01/16/26,,01/28/26,,,,,,,,,,,,,,,NO,,,,,,,,,,,,,,,,,,,,,,,,,,,,,,,,,,,,,,,
,,,,,,,,11/10/25,,,,,01/20/26,,01/29/26,,,,,,,,,,,,,,,NO,,,,,,,,,,,,,,,,,,,,,,,,,,,,,,,,,,,,,,,
,,,,Onskid,SR-NP,,,11/10/25,,,,,01/20/26,,02/02/26,,,,,,,,,,03/12/26,,,,,YES,,,,,,,,,,,,,,,,,,,,,,,,,,,,,,,,,,,,,,,
,,,,,,,,11/10/25,,,,,01/20/26,,01/29/26,,,,,,,,,,,,,,,NO,,,,,,,,,,,,,,,,,,,,,,,,,,,,,,,,,,,,,,,
,,,,Onskid,ET-SWET,,,11/11/25,,,,,01/21/26,,01/30/26,,,,,,,,,,05/08/26,,,,,YES,,,,,,,,,,,,,,,,,,,,,,,,,,,,,,,,,,,,,,,
,,,,Onskid,INEOS-A,,,see #1,,,,,01/21/26,,see #1,,,,,,,,,,03/06/26,,,,,YES,,,,,,,,,,,,,,,,,,,,,,,,,,,,,,,,,,,,,,,
,,,,,,,,11/11/25,,,,,01/21/26,,01/30/26,,,,,,,,,,,,,,,NO,,,,,,,,,,,,,,,,,,,,,,,,,,,,,,,,,,,,,,,
,,,,Onskid,PROP-84,,,11/12/25,,,,,01/22/26,,02/05/26,,,,,,,,,,03/31/26,,,,,YES,,,,,,,,,,,,,,,,,,,,,,,,,,,,,,,,,,,,,,,
,,,,,,,,11/12/25,,,,,01/22/26,,02/02/26,,,,,,,,,,,,,,,NO,,,,,,,,,,,,,,,,,,,,,,,,,,,,,,,,,,,,,,,
,,,,Onskid,NNG-BUL,,,11/12/25,,,,,01/22/26,,02/03/26,,,,,,,,,,02/24/26,,,,,YES,,,,,,,,,,,,,,,,,,,,,,,,,,,,,,,,,,,,,,,
,,,,Onskid,MEPCO,,,11/13/25,,,,,01/23/26,,02/05/26,,,,,,,,,,04/24/26,,,,,YES,,,,,,,,,,,,,,,,,,,,,,,,,,,,,,,,,,,,,,,
,,,,New,KRGT VEYO,,,11/13/25,,,,,01/23/26,,02/04/26,,,,,,,02/19/26,,,02/16/26,,,,,YES,,,,,,,,,,,,,,,,,,,,,,,,,,,,,,,,,,,,,,,
,,,,New,YALE SSP,,,11/13/25,,,,,01/23/26,,02/10/26,,,,,,,02/19/26,,,02/16/26,,,,,YES,,,,,,,,,,,,,,,,,,,,,,,,,,,,,,,,,,,,,,,
,,,,New,YALE SSP,,,see #1,,,,,01/26/26,,see #1,,,,,,,02/20/26,,,02/17/26,,,,,YES,,,,,,,,,,,,,,,,,,,,,,,,,,,,,,,,,,,,,,,
,,,,Onskid,INEOS-A,,,see #1,,,,,01/26/26,,see #1,,,,,,,,,,03/11/26,,,,,YES,,,,,,,,,,,,,,,,,,,,,,,,,,,,,,,,,,,,,,,
,,,,Onskid,SOU-FLN SHIP AHEAD,,,11/14/25,,,,,01/26/26,,02/05/26,,,,,,,02/18/26,,,02/13/26,,,,,YES,,,,,,,,,,,,,,,,,,,,,,,,,,,,,,,,,,,,,,,
,,,,Onskid,SOU-FLN SHIP AHEAD,,,see #1,,,,,01/27/26,,see #1,,,,,,,02/18/26,,,02/13/26,,,,,YES,,,,,,,,,,,,,,,,,,,,,,,,,,,,,,,,,,,,,,,
,,,,New,TX GAS TRANS,,,11/17/25,,,,,01/27/26,,02/10/26,,,,,,,02/20/26,,,02/17/26,,,,,YES,,,,,,,,,,,,,,,,,,,,,,,,,,,,,,,,,,,,,,,
,,,,New,TX GAS TRANS,,,see #1,,,,,01/27/26,,see #1,,,,,,,02/20/26,,,02/17/26,,,,,YES,,,,,,,,,,,,,,,,,,,,,,,,,,,,,,,,,,,,,,,
,,,,Onskid,SOU-FLN SHIP AHEAD,,,see #1,,,,,01/28/26,,see #1,,,,,,,02/18/26,,,02/13/26,,,,,YES,,,,,,,,,,,,,,,,,,,,,,,,,,,,,,,,,,,,,,,
,,,,Onskid,ERGON-V,,,see #1,,,,,01/28/26,,see #1,,,,,,,,,,04/17/26,,,,,YES,,,,,,,,,,,,,,,,,,,,,,,,,,,,,,,,,,,,,,,
,,,,Onskid,ET-SWET,,,see #1,,,,,01/28/26,,see #1,,,,,,,,,,05/27/26,,,,,YES,,,,,,,,,,,,,,,,,,,,,,,,,,,,,,,,,,,,,,,
,,,,,,,,11/19/25,,,,,01/29/26,,02/09/26,,,,,,,,,,,,,,,NO,,,,,,,,,,,,,,,,,,,,,,,,,,,,,,,,,,,,,,,
,,,,Onskid,ET-WAH,,,11/19/25,,,,,01/29/26,,02/12/26,,,,,,,,,,02/26/26,,,,,YES,,,,,,,,,,,,,,,,,,,,,,,,,,,,,,,,,,,,,,,
,,,,New,SHL-GMN SHIP AHEAD,,,11/20/25,,,,,01/30/26,,03/17/26,,,,,,,03/11/26,,,03/06/26,,,,,YES,,,,,,,,,,,,,,,,,,,,,,,,,,,,,,,,,,,,,,,
,,,,Offskid,FLOAT,,,11/21/25,,,,,02/02/26,,02/11/26,,,,,,,,,,,,,,,NO,,,,,,,,,,,,,,,,,,,,,,,,,,,,,,,,,,,,,,,
,,,,,,,,11/21/25,,,,,02/02/26,,02/11/26,,,,,,,,,,,,,,,NO,,,,,,,,,,,,,,,,,,,,,,,,,,,,,,,,,,,,,,,
,,,,,,,,11/21/25,,,,,02/02/26,,02/11/26,,,,,,,,,,,,,,,NO,,,,,,,,,,,,,,,,,,,,,,,,,,,,,,,,,,,,,,,
,,,,Onskid,MEPCO,,,see #1,,,,,02/03/26,,see #1,,,,,,,,,,05/04/26,,,,,YES,,,,,,,,,,,,,,,,,,,,,,,,,,,,,,,,,,,,,,,
,,,,,,,,11/24/25,,,,,02/03/26,,02/12/26,,,,,,,,,,,,,,,NO,,,,,,,,,,,,,,,,,,,,,,,,,,,,,,,,,,,,,,,
,,,,New,VOLTAGD SHIP AHEAD,,,11/24/25,,,,,02/03/26,,03/05/26,,,,,,,04/07/26,,,04/02/26,,,,,YES,,,,,,,,,,,,,,,,,,,,,,,,,,,,,,,,,,,,,,,
,,,,Offskid, ,,,11/25/25,,,,,02/04/26,,02/13/26,,,,,,,,,,,,,,,YES,,,,,,,,,,,,,,,,,,,,,,,,,,,,,,,,,,,,,,,
,,,,,,,,11/25/25,,,,,02/04/26,,02/13/26,,,,,,,,,,,,,,,NO,,,,,,,,,,,,,,,,,,,,,,,,,,,,,,,,,,,,,,,
,,,,Onskid,PER-PGM,,,11/25/25,,,,,02/04/26,,02/12/26,,,,,,,,,,04/06/26,,,,,YES,,,,,,,,,,,,,,,,,,,,,,,,,,,,,,,,,,,,,,,
,,,,Onskid,ET-WAH,,,see #1,,,,,02/05/26,,see #1,,,,,,,,,,03/24/26,,,,,YES,,,,,,,,,,,,,,,,,,,,,,,,,,,,,,,,,,,,,,,
,,,,,,,,11/26/25,,,,,02/05/26,,02/16/26,,,,,,,,,,,,,,,NO,,,,,,,,,,,,,,,,,,,,,,,,,,,,,,,,,,,,,,,
,,,,,,,,11/26/25,,,,,02/05/26,,02/16/26,,,,,,,,,,,,,,,NO,,,,,,,,,,,,,,,,,,,,,,,,,,,,,,,,,,,,,,,
,,,,,,,,12/01/25,,,,,02/06/26,,02/17/26,,,,,,,,,,,,,,,NO,,,,,,,,,,,,,,,,,,,,,,,,,,,,,,,,,,,,,,,
,,,,Onskid,PER-PGM,,,see #1,,,,,02/06/26,,see #1,,,,,,,,,,04/10/26,,,,,YES,,,,,,,,,,,,,,,,,,,,,,,,,,,,,,,,,,,,,,,
,,,,,,,,12/01/25,,,,,02/06/26,,02/17/26,,,,,,,,,,,,,,,NO,,,,,,,,,,,,,,,,,,,,,,,,,,,,,,,,,,,,,,,
,,,,,,,,12/02/25,,,,,02/09/26,,02/18/26,,,,,,,,,,,,,,,NO,,,,,,,,,,,,,,,,,,,,,,,,,,,,,,,,,,,,,,,
,,,,,,,,12/02/25,,,,,02/09/26,,02/18/26,,,,,,,,,,,,,,,NO,,,,,,,,,,,,,,,,,,,,,,,,,,,,,,,,,,,,,,,
,,,,New,VOLTAGD SHIP AHEAD,,,see #1,,,,,02/09/26,,see #1,,,,,,,04/07/26,,,04/02/26,,,,,YES,,,,,,,,,,,,,,,,,,,,,,,,,,,,,,,,,,,,,,,
,,,,Onskid,PSX-GLD,,,12/03/25,,,,,02/10/26,,02/19/26,,,,,,,,,,03/06/26,,,,,YES,,,,,,,,,,,,,,,,,,,,,,,,,,,,,,,,,,,,,,,
,,,,New,VOLTAGD SHIP AHEAD,,,see #1,,,,,02/10/26,,see #1,,,,,,,04/07/26,,,04/02/26,,,,,YES,,,,,,,,,,,,,,,,,,,,,,,,,,,,,,,,,,,,,,,
,,,,New,VOLTAGD SHIP AHEAD,,,see #1,,,,,02/10/26,,see #1,,,,,,,04/07/26,,,04/02/26,,,,,YES,,,,,,,,,,,,,,,,,,,,,,,,,,,,,,,,,,,,,,,
,,,,Onskid,ET-DE,,,12/04/25,,,,,02/11/26,,02/19/26,,,,,,,,,,04/14/26,,,,,YES,,,,,,,,,,,,,,,,,,,,,,,,,,,,,,,,,,,,,,,
,,,,,,,,12/04/25,,,,,02/11/26,,02/20/26,,,,,,,,,,,,,,,NO,,,,,,,,,,,,,,,,,,,,,,,,,,,,,,,,,,,,,,,
,,,,,,,,12/04/25,,,,,02/11/26,,02/20/26,,,,,,,,,,,,,,,NO,,,,,,,,,,,,,,,,,,,,,,,,,,,,,,,,,,,,,,,
,,,,,,,,12/05/25,,,,,02/12/26,,02/23/26,,,,,,,,,,,,,,,NO,,,,,,,,,,,,,,,,,,,,,,,,,,,,,,,,,,,,,,,
,,,,,,,,12/05/25,,,,,02/12/26,,02/23/26,,,,,,,,,,,,,,,NO,,,,,,,,,,,,,,,,,,,,,,,,,,,,,,,,,,,,,,,
,,,,,,,,12/05/25,,,,,02/12/26,,02/23/26,,,,,,,,,,,,,,,NO,,,,,,,,,,,,,,,,,,,,,,,,,,,,,,,,,,,,,,,
,,,,New,TCE-W1 SHIP AHEAD,,,12/05/25,,,,,02/12/26,,03/24/26,,,,,,,03/30/26,,,03/25/26,,,,,YES,,,,,,,,,,,,,,,,,,,,,,,,,,,,,,,,,,,,,,,
,,,,New,TCE-W2 SHIP AHEAD,,,12/05/25,,,,,02/12/26,,03/24/26,,,,,,,03/30/26,,,03/25/26,,,,,YES,,,,,,,,,,,,,,,,,,,,,,,,,,,,,,,,,,,,,,,
,,,,New,VOLTAGD SHIP AHEAD,,,see #1,,,,,02/12/26,,see #1,,,,,,,04/07/26,,,04/02/26,,,,,YES,,,,,,,,,,,,,,,,,,,,,,,,,,,,,,,,,,,,,,,
,,,,, ,,,12/08/25,,,,,02/13/26,,02/24/26,,,,,,,,,,,,,,,YES,,,,,,,,,,,,,,,,,,,,,,,,,,,,,,,,,,,,,,,
,,,,New,VOLTAGD SHIP AHEAD,,,see #1,,,,,02/13/26,,see #1,,,,,,,04/07/26,,,04/02/26,,,,,YES,,,,,,,,,,,,,,,,,,,,,,,,,,,,,,,,,,,,,,,
,,,,New,VOLTAGD SHIP AHEAD,,,see #1,,,,,02/13/26,,see #1,,,,,,,04/07/26,,,04/02/26,,,,,YES,,,,,,,,,,,,,,,,,,,,,,,,,,,,,,,,,,,,,,,
,,,,New,VOLTAGD SHIP AHEAD,,,see #1,,,,,02/13/26,,see #1,,,,,,,04/07/26,,,04/02/26,,,,,YES,,,,,,,,,,,,,,,,,,,,,,,,,,,,,,,,,,,,,,,
,,,,New,VOLTAGD SHIP AHEAD,,,see #1,,,,,02/13/26,,see #1,,,,,,,04/07/26,,,04/02/26,,,,,YES,,,,,,,,,,,,,,,,,,,,,,,,,,,,,,,,,,,,,,,
,,,,New,VOLTAGD SHIP AHEAD,,,see #1,,,,,02/16/26,,see #1,,,,,,,04/07/26,,,04/02/26,,,,,YES,,,,,,,,,,,,,,,,,,,,,,,,,,,,,,,,,,,,,,,
,,,,New,VOLTAGD SHIP AHEAD,,,see #1,,,,,02/16/26,,see #1,,,,,,,04/07/26,,,04/02/26,,,,,YES,,,,,,,,,,,,,,,,,,,,,,,,,,,,,,,,,,,,,,,
,,,,New,VOLTAGD SHIP AHEAD,,,see #1,,,,,02/16/26,,see #1,,,,,,,04/07/26,,,04/02/26,,,,,YES,,,,,,,,,,,,,,,,,,,,,,,,,,,,,,,,,,,,,,,
,,,,Offskid,NOC-B,,,12/09/25,,,,,02/16/26,,02/23/26,,,,,,,03/24/26,,,03/19/26,,,,,YES,,,,,,,,,,,,,,,,,,,,,,,,,,,,,,,,,,,,,,,
,,,,Offskid,NOC-C,,,12/09/25,,,,,02/16/26,,03/04/26,,,,,,,03/24/26,,,03/19/26,,,,,YES,,,,,,,,,,,,,,,,,,,,,,,,,,,,,,,,,,,,,,,
,,,,Onskid,MER-PGM,,,see #1,,,,,02/16/26,,see #1,,,,,,,,,,03/16/26,,,,,YES,,,,,,,,,,,,,,,,,,,,,,,,,,,,,,,,,,,,,,,
,,,,NTB,SHWE-P4,,,12/09/25,,,,,02/16/26,,03/09/26,,,,,,,,,,03/20/26,,,,,YES,,,,,,,,,,,,,,,,,,,,,,,,,,,,,,,,,,,,,,,
,,,,Onskid,PSX-GLD,,,see #1,,,,,02/16/26,,see #1,,,,,,,,,,03/17/26,,,,,YES,,,,,,,,,,,,,,,,,,,,,,,,,,,,,,,,,,,,,,,
,,,,Offskid,NOC-A,,,12/10/25,,,,,02/17/26,,03/03/26,,,,,,,03/19/26,,,03/16/26,,,,,YES,,,,,,,,,,,,,,,,,,,,,,,,,,,,,,,,,,,,,,,
,,,,Offskid,FLOAT,,,12/10/25,,,,,02/17/26,,02/26/26,,,,,,,,,,,,,,,NO,,,,,,,,,,,,,,,,,,,,,,,,,,,,,,,,,,,,,,,
,,,,Offskid,NOC-A-1,,,12/10/25,,,,,02/17/26,,03/05/26,,,,,,,03/19/26,,,03/16/26,,,,,YES,,,,,,,,,,,,,,,,,,,,,,,,,,,,,,,,,,,,,,,
,,,,Onskid,,,,12/10/25,,,,,02/17/26,,02/26/26,,,,,,,,,,,,,,,YES,,,,,,,,,,,,,,,,,,,,,,,,,,,,,,,,,,,,,,,
,,,,Onskid,ET-DE,,,see #1,,,,,02/17/26,,see #1,,,,,,,,,,04/20/26,,,,,YES,,,,,,,,,,,,,,,,,,,,,,,,,,,,,,,,,,,,,,,
,,,,,,,,12/11/25,,,,,02/18/26,,02/27/26,,,,,,,,,,,,,,,NO,,,,,,,,,,,,,,,,,,,,,,,,,,,,,,,,,,,,,,,
,,,,Onskid,STAR-CV,,,12/11/25,,,,,02/18/26,,02/20/26,,,,,,,,,,04/03/26,,,,,YES,,,,,,,,,,,,,,,,,,,,,,,,,,,,,,,,,,,,,,,
,,,,,,,,12/11/25,,,,,02/18/26,,02/27/26,,,,,,,,,,,,,,,NO,,,,,,,,,,,,,,,,,,,,,,,,,,,,,,,,,,,,,,,
,,,,NTB,ENI-K,,,12/12/25,,,,,02/19/26,,04/01/26,,,,,,,,,,04/23/26,,,,,YES,,,,,,,,,,,,,,,,,,,,,,,,,,,,,,,,,,,,,,,
,,,,Offskid,TITAN TIRE,,,12/15/25,,,,,02/20/26,,03/02/26,,,,,,,03/12/26,,,03/09/26,,,,,YES,,,,,,,,,,,,,,,,,,,,,,,,,,,,,,,,,,,,,,,
,,,,Onskid,PER-PGM,,,see #1,,,,,02/20/26,,see #1,,,,,,,,,,05/01/26,,,,,YES,,,,,,,,,,,,,,,,,,,,,,,,,,,,,,,,,,,,,,,
,,,,,,,,12/16/25,,,,,02/23/26,,03/04/26,,,,,,,,,,,,,,,NO,,,,,,,,,,,,,,,,,,,,,,,,,,,,,,,,,,,,,,,
,,,,Onskid,WP-NH,,,12/16/25,,,,,02/23/26,,02/25/26,,,,,,,,,,04/28/26,,,,,YES,,,,,,,,,,,,,,,,,,,,,,,,,,,,,,,,,,,,,,,
,,,,NTB,SHL-GMG,,,12/17/25,,,,,02/24/26,,03/09/26,,,,,,,,,,03/23/26,,,,,YES,,,,,,,,,,,,,,,,,,,,,,,,,,,,,,,,,,,,,,,
,,,,Onskid,WP-NH,,,see #1,,,,,02/24/26,,see #1,,,,,,,,,,05/01/26,,,,,YES,,,,,,,,,,,,,,,,,,,,,,,,,,,,,,,,,,,,,,,
,,,,Onskid,PROP-85,,,12/17/25,,,,,02/24/26,,03/03/26,,,,,,,,,,04/10/26,,,,,YES,,,,,,,,,,,,,,,,,,,,,,,,,,,,,,,,,,,,,,,
,,,,,,,,12/17/25,,,,,02/24/26,,03/05/26,,,,,,,,,,,,,,,YES,,,,,,,,,,,,,,,,,,,,,,,,,,,,,,,,,,,,,,,
,,,,,,,,12/18/25,,,,,02/25/26,,03/06/26,,,,,,,,,,,,,,,YES,,,,,,,,,,,,,,,,,,,,,,,,,,,,,,,,,,,,,,,
,,,,Onskid,GPM-CP,,,12/19/25,,,,,02/26/26,,03/02/26,,,,,,,,,,03/23/26,,,,,YES,,,,,,,,,,,,,,,,,,,,,,,,,,,,,,,,,,,,,,,
,,,,,,,,12/19/25,,,,,02/26/26,,03/09/26,,,,,,,,,,,,,,,NO,,,,,,,,,,,,,,,,,,,,,,,,,,,,,,,,,,,,,,,
,,,,,,,,12/22/25,,,,,02/27/26,,03/10/26,,,,,,,,,,,,,,,NO,,,,,,,,,,,,,,,,,,,,,,,,,,,,,,,,,,,,,,,
,,,,,,,,12/22/25,,,,,02/27/26,,03/10/26,,,,,,,,,,,,,,,NO,,,,,,,,,,,,,,,,,,,,,,,,,,,,,,,,,,,,,,,
,,,,Offskid,BOC-WQ1 SC,,,12/22/25,,,,,02/27/26,,03/12/26,,,,,,,03/30/26,,,03/25/26,,,,,YES,,,,,,,,,,,,,,,,,,,,,,,,,,,,,,,,,,,,,,,
,,,,Onskid,PSX-GLD,,,see #1,,,,,02/27/26,,see #1,,,,,,,,,,03/30/26,,,,,YES,,,,,,,,,,,,,,,,,,,,,,,,,,,,,,,,,,,,,,,
,,,,Onskid,PROP-86,,,12/22/25,,,,,02/27/26,,03/06/26,,,,,,,,,,09/09/26,,,,,NO,,,,,,,,,,,,,,,,,,,,,,,,,,,,,,,,,,,,,,,
,,,,Onskid,PSX-GLD,,,see #1,,,,,02/27/26,,see #1,,,,,,,,,,04/03/26,,,,,YES,,,,,,,,,,,,,,,,,,,,,,,,,,,,,,,,,,,,,,,
,,,,Onskid,MER-PGM,,,see #1,,,,,02/27/26,,see #1,,,,,,,,,,05/28/26,,,,,YES,,,,,,,,,,,,,,,,,,,,,,,,,,,,,,,,,,,,,,,
,,,,NTB,SHL-GMG,,,see #1,,,,,03/02/26,,see #1,,,,,,,,,,03/31/26,,,,,YES,,,,,,,,,,,,,,,,,,,,,,,,,,,,,,,,,,,,,,,
,,,,Onskid,WP-HAR,,,12/23/25,,,,,03/02/26,,03/06/26,,,,,,,,,,05/29/26,,,,,YES,,,,,,,,,,,,,,,,,,,,,,,,,,,,,,,,,,,,,,,
,,,,Onskid,GPM-D,,,12/23/25,,,,,03/02/26,,03/06/26,,,,,,,,,,04/01/26,,,,,YES,,,,,,,,,,,,,,,,,,,,,,,,,,,,,,,,,,,,,,,
,,,,Onskid,SR-COLE,,,12/23/25,,,,,03/02/26,,03/16/26,,,,,,,,,,05/07/26,,,,,YES,,,,,,,,,,,,,,,,,,,,,,,,,,,,,,,,,,,,,,,
,,,,Offskid,WP-ADSC STA,,,12/23/25,,,,,03/02/26,,03/06/26,,,,,,,03/23/26,,,03/18/26,,,,,YES,,,,,,,,,,,,,,,,,,,,,,,,,,,,,,,,,,,,,,,
,,,,Offskid,SHWE-P4,,,01/05/26,,,,,03/03/26,,03/25/26,,,,,,,,,,05/05/26,,,,,YES,,,,,,,,,,,,,,,,,,,,,,,,,,,,,,,,,,,,,,,
,,,,Onskid,STOCK2,,,01/05/26,,,,,03/03/26,,03/18/26,,,,,,,,,,04/03/26,,,,,YES,,,,,,,,,,,,,,,,,,,,,,,,,,,,,,,,,,,,,,,
,,,,,,,,01/05/26,,,,,03/03/26,,03/02/26,,,,,,,,,,,,,,,YES,,,,,,,,,,,,,,,,,,,,,,,,,,,,,,,,,,,,,,,
,,,,Onskid,KOC-JPF,,,01/06/26,,,,,03/04/26,,03/10/26,,,,,,,,,,03/26/26,,,,,YES,,,,,,,,,,,,,,,,,,,,,,,,,,,,,,,,,,,,,,,
,,,,Onskid,PROP-87,,,01/06/26,,,,,03/04/26,,03/11/26,,,,,,,,,,04/17/26,,,,,YES,,,,,,,,,,,,,,,,,,,,,,,,,,,,,,,,,,,,,,,
,,,,Onskid,WP-HAR,,,see #1,,,,,03/05/26,,see #1,,,,,,,,,,06/03/26,,,,,YES,,,,,,,,,,,,,,,,,,,,,,,,,,,,,,,,,,,,,,,
,,,,,,,,01/08/26,,,,,03/06/26,,03/17/26,,,,,,,,,,,,,,,NO,,,,,,,,,,,,,,,,,,,,,,,,,,,,,,,,,,,,,,,
,,,,Offskid,WP-NHSC  STATION,,,01/09/26,,,,,03/09/26,,03/16/26,,,,,,,04/01/26,,,03/27/26,,,,,YES,,,,,,,,,,,,,,,,,,,,,,,,,,,,,,,,,,,,,,,
,,,,Onskid,MER-PGM,,,see #1,,,,,03/09/26,,see #1,,,,,,,,,,06/03/26,,,,,YES,,,,,,,,,,,,,,,,,,,,,,,,,,,,,,,,,,,,,,,
,,,,Onskid,NWN-MIL,,,01/09/26,,,,,03/09/26,,03/13/26,,,,,,,,,,04/08/26,,,,,YES,,,,,,,,,,,,,,,,,,,,,,,,,,,,,,,,,,,,,,,
,,,,Offskid,SOUTHERN STAR,,,01/12/26,,,,,03/10/26,,03/16/26,,,,,,,04/01/26,,,03/27/26,,,,,YES,,,,,,,,,,,,,,,,,,,,,,,,,,,,,,,,,,,,,,,
,,,,Onskid,GPM-D,,,see #1,,,,,03/11/26,,see #1,,,,,,,,,,04/20/26,,,,,YES,,,,,,,,,,,,,,,,,,,,,,,,,,,,,,,,,,,,,,,
,,,,Onskid,TRP-FA1,,,01/14/26,,,,,03/12/26,,03/19/26,,,,,,,,,,05/04/26,,,,,YES,,,,,,,,,,,,,,,,,,,,,,,,,,,,,,,,,,,,,,,
,,,,Onskid,ET-TRI,,,01/14/26,,,,,03/12/26,,03/19/26,,,,,,,,,,03/24/26,,,,,YES,,,,,,,,,,,,,,,,,,,,,,,,,,,,,,,,,,,,,,,
,,,,Onskid,SOU-FLN,,,01/14/26,,,,,03/12/26,,03/25/26,,,,,,,,,,04/23/26,,,,,YES,,,,,,,,,,,,,,,,,,,,,,,,,,,,,,,,,,,,,,,
,,,,,,,,01/15/26,,,,,03/13/26,,03/24/26,,,,,,,,,,,,,,,NO,,,,,,,,,,,,,,,,,,,,,,,,,,,,,,,,,,,,,,,
,,,,Onskid,PROP-88,,,01/15/26,,,,,03/13/26,,03/23/26,,,,,,,,,,06/19/26,,,,,YES,,,,,,,,,,,,,,,,,,,,,,,,,,,,,,,,,,,,,,,
,,,,NTB,SHL-GMG,,,see #1,,,,,03/13/26,,see #1,,,,,,,,,,04/13/26,,,,,YES,,,,,,,,,,,,,,,,,,,,,,,,,,,,,,,,,,,,,,,
,,,,Onskid,STOCK,,,01/16/26,,,,,03/16/26,,03/25/26,,,,,,,,,,06/12/26,,,,,YES,,,,,,,,,,,,,,,,,,,,,,,,,,,,,,,,,,,,,,,
,,,,Onskid,STOCK2,,,see #1,,,,,03/16/26,,see #1,,,,,,,,,,04/17/26,,,,,YES,,,,,,,,,,,,,,,,,,,,,,,,,,,,,,,,,,,,,,,
,,,,New,EMMC,,,01/16/26,,,,,03/16/26,,03/25/26,,,,,,,04/13/26,,,04/08/26,,,,,YES,,,,,,,,,,,,,,,,,,,,,,,,,,,,,,,,,,,,,,,
,,,,Onskid,WP-AD,,,01/20/26,,,,,03/17/26,,03/26/26,,,,,,,,,,05/12/26,,,,,YES,,,,,,,,,,,,,,,,,,,,,,,,,,,,,,,,,,,,,,,
,,,,Onskid,SR-SEEP,,,01/20/26,,,,,03/17/26,,03/27/26,,,,,,,,,,05/13/26,,,,,YES,,,,,,,,,,,,,,,,,,,,,,,,,,,,,,,,,,,,,,,
,,,,Onskid,STOCK,,,see #1,,,,,03/17/26,,see #1,,,,,,,,,,06/19/26,,,,,YES,,,,,,,,,,,,,,,,,,,,,,,,,,,,,,,,,,,,,,,
,,,,Offskid,SHL-GMG,,,01/21/26,,,,,03/18/26,,03/30/26,,,,,,,,,,04/17/26,,,,,YES,,,,,,,,,,,,,,,,,,,,,,,,,,,,,,,,,,,,,,,
,,,,Offskid,FLOAT,,,see #1,,,,,03/18/26,,see #1,,,,,,,,,,,,,,,NO,,,,,,,,,,,,,,,,,,,,,,,,,,,,,,,,,,,,,,,
,,,,,,,,01/21/26,,,,,03/18/26,,03/27/26,,,,,,,,,,,,,,,NO,,,,,,,,,,,,,,,,,,,,,,,,,,,,,,,,,,,,,,,
,,,,Onskid,STOCK,,,see #1,,,,,03/19/26,,see #1,,,,,,,,,,06/26/26,,,,,YES,,,,,,,,,,,,,,,,,,,,,,,,,,,,,,,,,,,,,,,
,,,,,,,,01/22/26,,,,,03/19/26,,03/30/26,,,,,,,,,,,,,,,NO,,,,,,,,,,,,,,,,,,,,,,,,,,,,,,,,,,,,,,,
,,,,,,,,01/22/26,,,,,03/19/26,,03/30/26,,,,,,,,,,,,,,,NO,,,,,,,,,,,,,,,,,,,,,,,,,,,,,,,,,,,,,,,
,,,,,,,,01/23/26,,,,,03/20/26,,03/23/26,,,,,,,,,,,,,,,NO,,,,,,,,,,,,,,,,,,,,,,,,,,,,,,,,,,,,,,,
,,,,Offskid,SHL-GMG,,,see #1,,,,,03/20/26,,see #1,,,,,,,,,,04/30/26,,,,,YES,,,,,,,,,,,,,,,,,,,,,,,,,,,,,,,,,,,,,,,
,,,,Offskid,FLOAT,,,see #1,,,,,03/20/26,,see #1,,,,,,,,,,,,,,,NO,,,,,,,,,,,,,,,,,,,,,,,,,,,,,,,,,,,,,,,
,,,,Onskid,STOCK,,,see #1,,,,,03/23/26,,see #1,,,,,,,,,,06/26/26,,,,,YES,,,,,,,,,,,,,,,,,,,,,,,,,,,,,,,,,,,,,,,
,,,,Onskid,PROP-89,,,01/26/26,,,,,03/23/26,,04/01/26,,,,,,,,,,07/06/26,,,,,YES,,,,,,,,,,,,,,,,,,,,,,,,,,,,,,,,,,,,,,,
,,,,Onskid,WP-AD,,,see #1,,,,,03/23/26,,see #1,,,,,,,,,,05/15/26,,,,,YES,,,,,,,,,,,,,,,,,,,,,,,,,,,,,,,,,,,,,,,
,,,,,,,,01/27/26,,,,,03/24/26,,04/02/26,,,,,,,,,,,,,,,NO,,,,,,,,,,,,,,,,,,,,,,,,,,,,,,,,,,,,,,,
,,,,,,,,01/27/26,,,,,03/24/26,,04/02/26,,,,,,,,,,,,,,,NO,,,,,,,,,,,,,,,,,,,,,,,,,,,,,,,,,,,,,,,
,,,,Offskid,PSX-GLDSC STAT,,,01/27/26,,,,,03/24/26,,04/03/26,,,,,,,04/20/26,,,04/15/26,,,,,YES,,,,,,,,,,,,,,,,,,,,,,,,,,,,,,,,,,,,,,,
,,,,,,,,01/28/26,,,,,03/25/26,,04/03/26,,,,,,,,,,,,,,,NO,,,,,,,,,,,,,,,,,,,,,,,,,,,,,,,,,,,,,,,
,,,,Onskid,TRP-FA2,,,01/28/26,,,,,03/25/26,,04/03/26,,,,,,,,,,05/07/26,,,,,YES,,,,,,,,,,,,,,,,,,,,,,,,,,,,,,,,,,,,,,,
,,,,,,,,01/28/26,,,,,03/25/26,,04/03/26,,,,,,,,,,,,,,,NO,,,,,,,,,,,,,,,,,,,,,,,,,,,,,,,,,,,,,,,
,,,,Offskid,NOC 130,,,see #1,,,,,03/26/26,,see #1,,,,,,,04/22/26,,,04/17/26,,,,,NO,,,,,,,,,,,,,,,,,,,,,,,,,,,,,,,,,,,,,,,
,,,,Offskid,FLOAT,,,see #1,,,,,03/26/26,,see #1,,,,,,,,,,,,,,,NO,,,,,,,,,,,,,,,,,,,,,,,,,,,,,,,,,,,,,,,
,,,,Onskid,MER-SOL,,,see #1,,,,,03/26/26,,see #1,,,,,,,,,,04/23/26,,,,,YES,,,,,,,,,,,,,,,,,,,,,,,,,,,,,,,,,,,,,,,
,,,,Onskid,STOCK,,,see #1,,,,,03/27/26,,see #1,,,,,,,,,,06/29/26,,,,,YES,,,,,,,,,,,,,,,,,,,,,,,,,,,,,,,,,,,,,,,
,,,,Offskid,SHL-GMG,,,see #1,,,,,03/27/26,,see #1,,,,,,,,,,06/12/26,,,,,NO,,,,,,,,,,,,,,,,,,,,,,,,,,,,,,,,,,,,,,,
,,,,Offskid,FLOAT,,,see #1,,,,,03/27/26,,see #1,,,,,,,,,,,,,,,NO,,,,,,,,,,,,,,,,,,,,,,,,,,,,,,,,,,,,,,,
,,,,Onskid,ET-TRI,,,see #1,,,,,03/30/26,,see #1,,,,,,,,,,03/27/26,,,,,YES,,,,,,,,,,,,,,,,,,,,,,,,,,,,,,,,,,,,,,,
,,,,Onskid,PROP-90,,,02/02/26,,,,,03/30/26,,04/08/26,,,,,,,,,,07/09/26,,,,,NO,,,,,,,,,,,,,,,,,,,,,,,,,,,,,,,,,,,,,,,
,,,,Onskid,TRP-FA3,,,02/02/26,,,,,03/30/26,,04/08/26,,,,,,,,,,05/12/26,,,,,YES,,,,,,,,,,,,,,,,,,,,,,,,,,,,,,,,,,,,,,,
,,,,Onskid,STOCK,,,see #1,,,,,03/31/26,,see #1,,,,,,,,,,07/02/26,,,,,YES,,,,,,,,,,,,,,,,,,,,,,,,,,,,,,,,,,,,,,,
,,,,NTB,ENI-K,,,see #1,,,,,03/31/26,,see #1,,,,,,,,,,05/15/26,,,,,YES,,,,,,,,,,,,,,,,,,,,,,,,,,,,,,,,,,,,,,,
,,,,,,,,02/03/26,,,,,03/31/26,,04/09/26,,,,,,,,,,,,,,,NO,,,,,,,,,,,,,,,,,,,,,,,,,,,,,,,,,,,,,,,
,,,,Offskid,TALOS EW1003,,,02/04/26,,,,,04/01/26,,04/16/26,,,,,,,04/28/26,,,04/23/26,,,,,NO,,,,,,,,,,,,,,,,,,,,,,,,,,,,,,,,,,,,,,,
,,,,Offskid,TALOS EW1003,,,see #1,,,,,04/01/26,,see #1,,,,,,,04/28/26,,,04/23/26,,,,,NO,,,,,,,,,,,,,,,,,,,,,,,,,,,,,,,,,,,,,,,
,,,,,,,,02/04/26,,,,,04/01/26,,04/10/26,,,,,,,,,,,,,,,NO,,,,,,,,,,,,,,,,,,,,,,,,,,,,,,,,,,,,,,,
,,,,,,,,02/05/26,,,,,04/02/26,,04/13/26,,,,,,,,,,,,,,,NO,,,,,,,,,,,,,,,,,,,,,,,,,,,,,,,,,,,,,,,
,,,,,,,,02/05/26,,,,,04/02/26,,04/13/26,,,,,,,,,,,,,,,NO,,,,,,,,,,,,,,,,,,,,,,,,,,,,,,,,,,,,,,,
,,,,Onskid,STOCK2,,,see #1,,,,,04/02/26,,see #1,,,,,,,,,,04/28/26,,,,,YES,,,,,,,,,,,,,,,,,,,,,,,,,,,,,,,,,,,,,,,
,,,,,,,,02/06/26,,,,,04/03/26,,04/14/26,,,,,,,,,,,,,,,NO,,,,,,,,,,,,,,,,,,,,,,,,,,,,,,,,,,,,,,,
,,,,,,,,02/06/26,,,,,04/03/26,,04/14/26,,,,,,,,,,,,,,,NO,,,,,,,,,,,,,,,,,,,,,,,,,,,,,,,,,,,,,,,
,,,,Onskid,TRP-NAU,,,02/06/26,,,,,04/03/26,,04/14/26,,,,,,,,,,04/28/26,,,,,YES,,,,,,,,,,,,,,,,,,,,,,,,,,,,,,,,,,,,,,,
,,,,Onskid,S60-86,,,02/09/26,,,,,04/06/26,,04/15/26,,,,,,,,,,05/21/26,,,,,YES,,,,,,,,,,,,,,,,,,,,,,,,,,,,,,,,,,,,,,,
,,,,Onskid,S60-87,,,02/09/26,,,,,04/06/26,,04/15/26,,,,,,,,,,05/26/26,,,,,YES,,,,,,,,,,,,,,,,,,,,,,,,,,,,,,,,,,,,,,,
,,,,,,,,02/09/26,,,,,04/06/26,,04/15/26,,,,,,,,,,,,,,,NO,,,,,,,,,,,,,,,,,,,,,,,,,,,,,,,,,,,,,,,
,,,,Offskid,LT2E-SC,,,02/10/26,,,,,04/07/26,,04/20/26,,,,,,,05/04/26,,,04/29/26,,,,,NO,,,,,,,,,,,,,,,,,,,,,,,,,,,,,,,,,,,,,,,
,,,,,,,,02/10/26,,,,,04/07/26,,04/16/26,,,,,,,,,,,,,,,NO,,,,,,,,,,,,,,,,,,,,,,,,,,,,,,,,,,,,,,,
,,,,,,,,02/10/26,,,,,04/07/26,,04/16/26,,,,,,,,,,,,,,,NO,,,,,,,,,,,,,,,,,,,,,,,,,,,,,,,,,,,,,,,
,,,,Onskid,STOCK2,,,see #1,,,,,04/08/26,,see #1,,,,,,,,,,05/15/26,,,,,YES,,,,,,,,,,,,,,,,,,,,,,,,,,,,,,,,,,,,,,,
,,,,Onskid,S60-88,,,02/11/26,,,,,04/08/26,,04/17/26,,,,,,,,,,06/05/26,,,,,NO,,,,,,,,,,,,,,,,,,,,,,,,,,,,,,,,,,,,,,,
,,,,Onskid,S60-89,,,02/11/26,,,,,04/08/26,,04/17/26,,,,,,,,,,06/08/26,,,,,NO,,,,,,,,,,,,,,,,,,,,,,,,,,,,,,,,,,,,,,,
,,,,Onskid,STOCK,,,see #1,,,,,04/09/26,,see #1,,,,,,,,,,07/14/26,,,,,YES,,,,,,,,,,,,,,,,,,,,,,,,,,,,,,,,,,,,,,,
,,,,Onskid,MER-SOL,,,see #1,,,,,04/09/26,,see #1,,,,,,,,,,05/18/26,,,,,NO,,,,,,,,,,,,,,,,,,,,,,,,,,,,,,,,,,,,,,,
,,,,,,,,02/12/26,,,,,04/09/26,,04/20/26,,,,,,,,,,,,,,,NO,,,,,,,,,,,,,,,,,,,,,,,,,,,,,,,,,,,,,,,
,,,,Onskid,DTE-CAL,,,02/13/26,,,,,04/10/26,,04/22/26,,,,,,,,,,06/29/26,,,,,NO,,,,,,,,,,,,,,,,,,,,,,,,,,,,,,,,,,,,,,,
,,,,Onskid,PROP-91,,,02/13/26,,,,,04/10/26,,04/22/26,,,,,,,,,,07/24/26,,,,,NO,,,,,,,,,,,,,,,,,,,,,,,,,,,,,,,,,,,,,,,
,,,,Onskid,TRP-NWY,,,02/13/26,,,,,04/10/26,,04/21/26,,,,,,,,,,05/05/26,,,,,NO,,,,,,,,,,,,,,,,,,,,,,,,,,,,,,,,,,,,,,,
,,,,,,,,02/16/26,,,,,04/13/26,,04/22/26,,,,,,,,,,,,,,,NO,,,,,,,,,,,,,,,,,,,,,,,,,,,,,,,,,,,,,,,
,,,,,,,,02/16/26,,,,,04/13/26,,04/22/26,,,,,,,,,,,,,,,NO,,,,,,,,,,,,,,,,,,,,,,,,,,,,,,,,,,,,,,,
,,,,,,,,02/16/26,,,,,04/13/26,,04/22/26,,,,,,,,,,,,,,,NO,,,,,,,,,,,,,,,,,,,,,,,,,,,,,,,,,,,,,,,
,,,,Onskid,VEST-B,,,02/17/26,,,,,04/14/26,,04/28/26,,,,,,,,,,05/20/26,,,,,NO,,,,,,,,,,,,,,,,,,,,,,,,,,,,,,,,,,,,,,,
,,,,Offskid,WOODSIDE GOODWYNN,,,02/17/26,,,,,04/14/26,,04/23/26,,,,,,,05/11/26,,,05/06/26,,,,,NO,,,,,,,,,,,,,,,,,,,,,,,,,,,,,,,,,,,,,,,
,,,,,,,,02/17/26,,,,,04/14/26,,04/23/26,,,,,,,,,,,,,,,NO,,,,,,,,,,,,,,,,,,,,,,,,,,,,,,,,,,,,,,,
,,,,Onskid,DTE-CAL,,,see #1,,,,,04/15/26,,see #1,,,,,,,,,,07/24/26,,,,,NO,,,,,,,,,,,,,,,,,,,,,,,,,,,,,,,,,,,,,,,
,,,,Onskid,STOCK,,,see #1,,,,,04/15/26,,see #1,,,,,,,,,,07/20/26,,,,,NO,,,,,,,,,,,,,,,,,,,,,,,,,,,,,,,,,,,,,,,
,,,,,,,,02/18/26,,,,,04/15/26,,04/24/26,,,,,,,,,,,,,,,NO,,,,,,,,,,,,,,,,,,,,,,,,,,,,,,,,,,,,,,,
,,,,Onskid,STOCK2,,,see #1,,,,,04/16/26,,see #1,,,,,,,,,,05/29/26,,,,,NO,,,,,,,,,,,,,,,,,,,,,,,,,,,,,,,,,,,,,,,
,,,,,,,,02/19/26,,,,,04/16/26,,04/27/26,,,,,,,,,,,,,,,NO,,,,,,,,,,,,,,,,,,,,,,,,,,,,,,,,,,,,,,,
,,,,Onskid,TCM-70,,,02/19/26,,,,,04/16/26,,04/27/26,,,,,,,,,,05/08/26,,,,,NO,,,,,,,,,,,,,,,,,,,,,,,,,,,,,,,,,,,,,,,
,,,,,,,,02/20/26,,,,,04/17/26,,04/28/26,,,,,,,,,,,,,,,NO,,,,,,,,,,,,,,,,,,,,,,,,,,,,,,,,,,,,,,,
,,,,,,,,02/20/26,,,,,04/17/26,,04/28/26,,,,,,,,,,,,,,,NO,,,,,,,,,,,,,,,,,,,,,,,,,,,,,,,,,,,,,,,
,,,,Offskid,WWM-BWSC,,,02/20/26,,,,,04/17/26,,04/28/26,,,,,,,05/14/26,,,05/11/26,,,,,NO,,,,,,,,,,,,,,,,,,,,,,,,,,,,,,,,,,,,,,,
,,,,,,,,02/23/26,,,,,04/20/26,,04/29/26,,,,,,,,,,,,,,,NO,,,,,,,,,,,,,,,,,,,,,,,,,,,,,,,,,,,,,,,
,,,,NTB,ONE-E1,,,02/23/26,,,,,04/20/26,,05/08/26,,,,,,,,,,05/14/26,,,,,NO,,,,,,,,,,,,,,,,,,,,,,,,,,,,,,,,,,,,,,,
,,,,Onskid,S60-90,,,02/23/26,,,,,04/20/26,,04/29/26,,,,,,,,,,06/15/26,,,,,NO,,,,,,,,,,,,,,,,,,,,,,,,,,,,,,,,,,,,,,,
,,,,Onskid,VOLTAGD,,,02/24/26,,,,,04/21/26,,04/30/26,,,,,,,,,,05/20/26,,,,,NO,,,,,,,,,,,,,,,,,,,,,,,,,,,,,,,,,,,,,,,
,,,,NTB,SHL-GMM,,,02/24/26,,,,,04/21/26,,04/30/26,,,,,,,,,,05/19/26,,,,,NO,,,,,,,,,,,,,,,,,,,,,,,,,,,,,,,,,,,,,,,
,,,,Onskid,PROP-92,,,02/24/26,,,,,04/21/26,,04/30/26,,,,,,,,,,07/27/26,,,,,NO,,,,,,,,,,,,,,,,,,,,,,,,,,,,,,,,,,,,,,,
,,,,NTB,SHL-GMM,,,see #1,,,,,04/22/26,,see #1,,,,,,,,,,05/22/26,,,,,NO,,,,,,,,,,,,,,,,,,,,,,,,,,,,,,,,,,,,,,,
,,,,Offskid,WP-HAR STA,,,02/25/26,,,,,04/22/26,,05/01/26,,,,,,,05/19/26,,,05/14/26,,,,,NO,,,,,,,,,,,,,,,,,,,,,,,,,,,,,,,,,,,,,,,
,,,,,,,,02/25/26,,,,,04/22/26,,05/01/26,,,,,,,,,,,,,,,NO,,,,,,,,,,,,,,,,,,,,,,,,,,,,,,,,,,,,,,,
,,,,,,,,02/26/26,,,,,04/23/26,,05/04/26,,,,,,,,,,,,,,,NO,,,,,,,,,,,,,,,,,,,,,,,,,,,,,,,,,,,,,,,
,,,,Offskid,WWM-WSC,,,02/26/26,,,,,04/23/26,,05/04/26,,,,,,,05/28/26,,,05/25/26,,,,,NO,,,,,,,,,,,,,,,,,,,,,,,,,,,,,,,,,,,,,,,
,,,,Onskid,MER-SOL,,,see #1,,,,,04/23/26,,see #1,,,,,,,,,,06/02/26,,,,,NO,,,,,,,,,,,,,,,,,,,,,,,,,,,,,,,,,,,,,,,
,,,,Onskid,VOLTAGD,,,see #1,,,,,04/24/26,,see #1,,,,,,,,,,05/26/26,,,,,NO,,,,,,,,,,,,,,,,,,,,,,,,,,,,,,,,,,,,,,,
,,,,Onskid,STOCK,,,see #1,,,,,04/24/26,,see #1,,,,,,,,,,07/22/26,,,,,NO,,,,,,,,,,,,,,,,,,,,,,,,,,,,,,,,,,,,,,,
,,,,New,PERT LIMAU,,,02/27/26,,,,,04/24/26,,05/05/26,,,,,,,05/20/26,,,05/15/26,,,,,NO,,,,,,,,,,,,,,,,,,,,,,,,,,,,,,,,,,,,,,,
,,,,,,,,03/02/26,,,,,04/27/26,,05/06/26,,,,,,,,,,,,,,,NO,,,,,,,,,,,,,,,,,,,,,,,,,,,,,,,,,,,,,,,
,,,,Onskid,TCM-70,,,see #1,,,,,04/27/26,,see #1,,,,,,,,,,05/21/26,,,,,NO,,,,,,,,,,,,,,,,,,,,,,,,,,,,,,,,,,,,,,,
,,,,,,,,03/02/26,,,,,04/27/26,,05/06/26,,,,,,,,,,,,,,,NO,,,,,,,,,,,,,,,,,,,,,,,,,,,,,,,,,,,,,,,
,,,,,,,,03/03/26,,,,,04/28/26,,05/07/26,,,,,,,,,,,,,,,NO,,,,,,,,,,,,,,,,,,,,,,,,,,,,,,,,,,,,,,,
,,,,,,,,03/03/26,,,,,04/28/26,,05/07/26,,,,,,,,,,,,,,,NO,,,,,,,,,,,,,,,,,,,,,,,,,,,,,,,,,,,,,,,
,,,,,,,,03/03/26,,,,,04/28/26,,05/07/26,,,,,,,,,,,,,,,NO,,,,,,,,,,,,,,,,,,,,,,,,,,,,,,,,,,,,,,,
,,,,Onskid,VOLTAGD,,,see #1,,,,,04/29/26,,see #1,,,,,,,,,,06/11/26,,,,,NO,,,,,,,,,,,,,,,,,,,,,,,,,,,,,,,,,,,,,,,
,,,,,,,,03/04/26,,,,,04/29/26,,05/08/26,,,,,,,,,,,,,,,NO,,,,,,,,,,,,,,,,,,,,,,,,,,,,,,,,,,,,,,,
,,,,,,,,03/04/26,,,,,04/29/26,,05/08/26,,,,,,,,,,,,,,,NO,,,,,,,,,,,,,,,,,,,,,,,,,,,,,,,,,,,,,,,
,,,,Onskid,TRP-SV,,,03/05/26,,,,,04/30/26,,05/11/26,,,,,,,,,,06/22/26,,,,,NO,,,,,,,,,,,,,,,,,,,,,,,,,,,,,,,,,,,,,,,
,,,,,,,,03/05/26,,,,,04/30/26,,05/11/26,,,,,,,,,,,,,,,NO,,,,,,,,,,,,,,,,,,,,,,,,,,,,,,,,,,,,,,,
,,,,,,,,03/05/26,,,,,04/30/26,,05/11/26,,,,,,,,,,,,,,,NO,,,,,,,,,,,,,,,,,,,,,,,,,,,,,,,,,,,,,,,
,,,,,,,,03/06/26,,,,,05/01/26,,05/12/26,,,,,,,,,,,,,,,NO,,,,,,,,,,,,,,,,,,,,,,,,,,,,,,,,,,,,,,,
,,,,Onskid,STOCK,,,see #1,,,,,05/01/26,,see #1,,,,,,,,,,07/22/26,,,,,NO,,,,,,,,,,,,,,,,,,,,,,,,,,,,,,,,,,,,,,,
,,,,Onskid,PER-BAT,,,03/06/26,,,,,05/01/26,,05/12/26,,,,,,,,,,06/03/26,,,,,NO,,,,,,,,,,,,,,,,,,,,,,,,,,,,,,,,,,,,,,,
,,,,Onskid,VOLTAGD,,,see #1,,,,,05/04/26,,see #1,,,,,,,,,,06/16/26,,,,,NO,,,,,,,,,,,,,,,,,,,,,,,,,,,,,,,,,,,,,,,
,,,,NTB,PVEP-DH,,,03/09/26,,,,,05/04/26,,05/13/26,,,,,,,,,,05/28/26,,,,,NO,,,,,,,,,,,,,,,,,,,,,,,,,,,,,,,,,,,,,,,
,,,,,,,,03/09/26,,,,,05/04/26,,05/13/26,,,,,,,,,,,,,,,NO,,,,,,,,,,,,,,,,,,,,,,,,,,,,,,,,,,,,,,,
,,,,Onskid,TRP-SHE,,,03/10/26,,,,,05/05/26,,05/14/26,,,,,,,,,,06/25/26,,,,,NO,,,,,,,,,,,,,,,,,,,,,,,,,,,,,,,,,,,,,,,
,,,,Onskid,S60-91,,,03/10/26,,,,,05/05/26,,05/14/26,,,,,,,,,,06/23/26,,,,,NO,,,,,,,,,,,,,,,,,,,,,,,,,,,,,,,,,,,,,,,
,,,,,,,,03/10/26,,,,,05/05/26,,05/14/26,,,,,,,,,,,,,,,NO,,,,,,,,,,,,,,,,,,,,,,,,,,,,,,,,,,,,,,,
,,,,,,,,03/11/26,,,,,05/06/26,,05/15/26,,,,,,,,,,,,,,,NO,,,,,,,,,,,,,,,,,,,,,,,,,,,,,,,,,,,,,,,
,,,,,,,,03/11/26,,,,,05/06/26,,05/15/26,,,,,,,,,,,,,,,NO,,,,,,,,,,,,,,,,,,,,,,,,,,,,,,,,,,,,,,,
,,,,Onskid,NNG ALBERTA,,,03/11/26,,,,,05/06/26,,05/15/26,,,,,,,06/04/26,,,06/01/26,,,,,NO,,,,,,,,,,,,,,,,,,,,,,,,,,,,,,,,,,,,,,,
,,,,Onskid,PROP-93,,,03/12/26,,,,,05/07/26,,05/18/26,,,,,,,,,,08/04/26,,,,,NO,,,,,,,,,,,,,,,,,,,,,,,,,,,,,,,,,,,,,,,
,,,,,,,,03/12/26,,,,,05/07/26,,05/18/26,,,,,,,,,,,,,,,NO,,,,,,,,,,,,,,,,,,,,,,,,,,,,,,,,,,,,,,,
,,,,NTB,BOTAS-K,,,03/12/26,,,,,05/07/26,,05/18/26,,,,,,,,,,06/02/26,,,,,NO,,,,,,,,,,,,,,,,,,,,,,,,,,,,,,,,,,,,,,,
,,,,Onskid,PER-M60,,,03/13/26,,,,,05/08/26,,05/19/26,,,,,,,,,,06/04/26,,,,,NO,,,,,,,,,,,,,,,,,,,,,,,,,,,,,,,,,,,,,,,
,,,,Onskid,MER-SOL,,,see #1,,,,,05/08/26,,see #1,,,,,,,,,,06/16/26,,,,,NO,,,,,,,,,,,,,,,,,,,,,,,,,,,,,,,,,,,,,,,
,,,,Offskid,ONE-E2,,,03/13/26,,,,,05/08/26,,05/19/26,,,,,,,,,,06/18/26,,,,,NO,,,,,,,,,,,,,,,,,,,,,,,,,,,,,,,,,,,,,,,
,,,,Offskid,PVEP-DH,,,03/16/26,,,,,05/11/26,,05/20/26,,,,,,,,,,06/11/26,,,,,NO,,,,,,,,,,,,,,,,,,,,,,,,,,,,,,,,,,,,,,,
,,,,Offskid,WP-ADCC STATION,,,03/16/26,,,,,05/11/26,,05/20/26,,,,,,,06/08/26,,,06/03/26,,,,,NO,,,,,,,,,,,,,,,,,,,,,,,,,,,,,,,,,,,,,,,
,,,,NTB,BOTAS-K,,,see #1,,,,,05/11/26,,see #1,,,,,,,,,,06/05/26,,,,,NO,,,,,,,,,,,,,,,,,,,,,,,,,,,,,,,,,,,,,,,
,,,,Offskid,BOTAS-K,,,03/17/26,,,,,05/12/26,,05/21/26,,,,,,,,,,06/15/26,,,,,NO,,,,,,,,,,,,,,,,,,,,,,,,,,,,,,,,,,,,,,,
,,,,Offskid,WWM-FR-SC,,,03/17/26,,,,,05/12/26,,05/21/26,,,,,,,06/09/26,,,06/04/26,,,,,NO,,,,,,,,,,,,,,,,,,,,,,,,,,,,,,,,,,,,,,,
,,,,Offskid,WWM-A-SC,,,03/17/26,,,,,05/12/26,,05/21/26,,,,,,,06/09/26,,,06/04/26,,,,,NO,,,,,,,,,,,,,,,,,,,,,,,,,,,,,,,,,,,,,,,
,,,,New,TCE-AHP SHIP AHEAD,,,03/18/26,,,,,05/13/26,,05/22/26,,,,,,,06/11/26,,,06/08/26,,,,,NO,,,,,,,,,,,,,,,,,,,,,,,,,,,,,,,,,,,,,,,
,,,,NTB,SHL-GMM,,,see #1,,,,,05/13/26,,see #1,,,,,,,,,,06/10/26,,,,,NO,,,,,,,,,,,,,,,,,,,,,,,,,,,,,,,,,,,,,,,
,,,,Onskid,KM-SELM,,,03/18/26,,,,,05/13/26,,05/22/26,,,,,,,,,,06/08/26,,,,,NO,,,,,,,,,,,,,,,,,,,,,,,,,,,,,,,,,,,,,,,
,,,,NTB,CUU-SU,,,03/19/26,,,,,05/14/26,,05/26/26,,,,,,,,,,06/15/26,,,,,NO,,,,,,,,,,,,,,,,,,,,,,,,,,,,,,,,,,,,,,,
,,,,Onskid,STOCK,,,see #1,,,,,05/14/26,,see #1,,,,,,,,,,07/28/26,,,,,NO,,,,,,,,,,,,,,,,,,,,,,,,,,,,,,,,,,,,,,,
,,,,Offskid,PTT OFFSHORE,,,03/19/26,,,,,05/14/26,,05/26/26,,,,,,,06/11/26,,,06/08/26,,,,,NO,,,,,,,,,,,,,,,,,,,,,,,,,,,,,,,,,,,,,,,
,,,,Onskid,S60-92,,,03/20/26,,,,,05/15/26,,05/27/26,,,,,,,,,,07/15/26,,,,,NO,,,,,,,,,,,,,,,,,,,,,,,,,,,,,,,,,,,,,,,
,,,,Onskid,VOLTAGD,,,see #1,,,,,05/15/26,,see #1,,,,,,,,,,06/19/26,,,,,NO,,,,,,,,,,,,,,,,,,,,,,,,,,,,,,,,,,,,,,,
,,,,Onskid,PER-BAT,,,see #1,,,,,05/15/26,,see #1,,,,,,,,,,06/11/26,,,,,NO,,,,,,,,,,,,,,,,,,,,,,,,,,,,,,,,,,,,,,,
,,,,Offskid,BOTAS-K,,,see #1,,,,,05/18/26,,see #1,,,,,,,,,,06/18/26,,,,,NO,,,,,,,,,,,,,,,,,,,,,,,,,,,,,,,,,,,,,,,
,,,,NTB,BBS-BE2,,,03/23/26,,,,,05/18/26,,05/28/26,,,,,,,,,,06/10/26,,,,,NO,,,,,,,,,,,,,,,,,,,,,,,,,,,,,,,,,,,,,,,
,,,,New,P66 OKARCHE-1,,,03/23/26,,,,,05/18/26,,05/28/26,,,,,,,06/15/26,,,06/10/26,,,,,NO,,,,,,,,,,,,,,,,,,,,,,,,,,,,,,,,,,,,,,,
,,,,,,,,03/24/26,,,,,05/19/26,,05/29/26,,,,,,,,,,,,,,,NO,,,,,,,,,,,,,,,,,,,,,,,,,,,,,,,,,,,,,,,
,,,,Onskid,WILKEM1,,,03/24/26,,,,,05/19/26,,05/29/26,,,,,,,,,,06/12/26,,,,,NO,,,,,,,,,,,,,,,,,,,,,,,,,,,,,,,,,,,,,,,
,,,,Offskid,PTT OFFSHORE-1,,,03/24/26,,,,,05/19/26,,05/29/26,,,,,,,06/16/26,,,06/11/26,,,,,NO,,,,,,,,,,,,,,,,,,,,,,,,,,,,,,,,,,,,,,,
,,,,Onskid,VOLTAGD,,,see #1,,,,,05/20/26,,see #1,,,,,,,,,,07/02/26,,,,,NO,,,,,,,,,,,,,,,,,,,,,,,,,,,,,,,,,,,,,,,
,,,,,,,,03/25/26,,,,,05/20/26,,06/01/26,,,,,,,,,,,,,,,NO,,,,,,,,,,,,,,,,,,,,,,,,,,,,,,,,,,,,,,,
,,,,,,,,03/25/26,,,,,05/20/26,,06/01/26,,,,,,,,,,,,,,,NO,,,,,,,,,,,,,,,,,,,,,,,,,,,,,,,,,,,,,,,
,,,,Onskid,S60-93,,,03/26/26,,,,,05/21/26,,06/02/26,,,,,,,,,,07/21/26,,,,,NO,,,,,,,,,,,,,,,,,,,,,,,,,,,,,,,,,,,,,,,
,,,,Onskid,PER-GAN,,,03/26/26,,,,,05/21/26,,06/02/26,,,,,,,,,,06/16/26,,,,,NO,,,,,,,,,,,,,,,,,,,,,,,,,,,,,,,,,,,,,,,
,,,,New,P66 OKARCHE-2,,,03/26/26,,,,,05/21/26,,06/02/26,,,,,,,06/18/26,,,06/15/26,,,,,NO,,,,,,,,,,,,,,,,,,,,,,,,,,,,,,,,,,,,,,,
,,,,Offskid,ONE-E1,,,03/27/26,,,,,05/22/26,,06/03/26,,,,,,,,,,06/16/26,,,,,NO,,,,,,,,,,,,,,,,,,,,,,,,,,,,,,,,,,,,,,,
,,,,Onskid,MER-SOL,,,see #1,,,,,05/22/26,,see #1,,,,,,,,,,06/23/26,,,,,NO,,,,,,,,,,,,,,,,,,,,,,,,,,,,,,,,,,,,,,,
,,,,,,,,03/27/26,,,,,05/22/26,,06/03/26,,,,,,,,,,,,,,,NO,,,,,,,,,,,,,,,,,,,,,,,,,,,,,,,,,,,,,,,
,,,,Onskid,KM-YORK,,,03/30/26,,,,,05/26/26,,06/04/26,,,,,,,,,,06/24/26,,,,,NO,,,,,,,,,,,,,,,,,,,,,,,,,,,,,,,,,,,,,,,
,,,,Offskid,NOC 130,,,see #1,,,,,05/26/26,,see #1,,,,,,,06/22/26,,,06/17/26,,,,,NO,,,,,,,,,,,,,,,,,,,,,,,,,,,,,,,,,,,,,,,
,,,,Offskid,FLOAT,,,see #1,,,,,05/26/26,,see #1,,,,,,,,,,,,,,,NO,,,,,,,,,,,,,,,,,,,,,,,,,,,,,,,,,,,,,,,
,,,,NTB,APA-U2,,,03/31/26,,,,,05/27/26,,06/05/26,,,,,,,,,,06/18/26,,,,,NO,,,,,,,,,,,,,,,,,,,,,,,,,,,,,,,,,,,,,,,
,,,,New,NNG BELLEVILLE,,,03/31/26,,,,,05/27/26,,06/05/26,,,,,,,06/23/26,,,06/18/26,,,,,NO,,,,,,,,,,,,,,,,,,,,,,,,,,,,,,,,,,,,,,,
,,,,Onskid,PER-GAN,,,see #1,,,,,05/27/26,,see #1,,,,,,,,,,06/19/26,,,,,NO,,,,,,,,,,,,,,,,,,,,,,,,,,,,,,,,,,,,,,,
,,,,New,PERTAMINA HULU,,,04/01/26,,,,,05/28/26,,06/08/26,,,,,,,06/24/26,,,06/19/26,,,,,NO,,,,,,,,,,,,,,,,,,,,,,,,,,,,,,,,,,,,,,,
,,,,,,,,04/01/26,,,,,05/28/26,,06/08/26,,,,,,,,,,,,,,,NO,,,,,,,,,,,,,,,,,,,,,,,,,,,,,,,,,,,,,,,
,,,,,,,,04/01/26,,,,,05/28/26,,06/08/26,,,,,,,,,,,,,,,NO,,,,,,,,,,,,,,,,,,,,,,,,,,,,,,,,,,,,,,,
,,,,Offskid,WWM-U-SC STATION,,,04/02/26,,,,,05/29/26,,06/09/26,,,,,,,06/25/26,,,06/22/26,,,,,NO,,,,,,,,,,,,,,,,,,,,,,,,,,,,,,,,,,,,,,,
,,,,NTB,BBS-BO2,,,04/02/26,,,,,05/29/26,,06/09/26,,,,,,,,,,06/23/26,,,,,NO,,,,,,,,,,,,,,,,,,,,,,,,,,,,,,,,,,,,,,,
,,,,Onskid,PER-GAN,,,see #1,,,,,05/29/26,,see #1,,,,,,,,,,06/24/26,,,,,NO,,,,,,,,,,,,,,,,,,,,,,,,,,,,,,,,,,,,,,,
,,,,Offskid,CUU-SU,,,04/03/26,,,,,06/01/26,,06/10/26,,,,,,,,,,06/26/26,,,,,NO,,,,,,,,,,,,,,,,,,,,,,,,,,,,,,,,,,,,,,,
,,,,Offskid,FLOAT,,,04/03/26,,,,,06/01/26,,06/10/26,,,,,,,,,,,,,,,NO,,,,,,,,,,,,,,,,,,,,,,,,,,,,,,,,,,,,,,,
,,,,Offskid,BBS-BE2,,,04/03/26,,,,,06/01/26,,06/10/26,,,,,,,,,,07/22/26,,,,,NO,,,,,,,,,,,,,,,,,,,,,,,,,,,,,,,,,,,,,,,
,,,,Onskid,PROP-94,,,04/06/26,,,,,06/02/26,,06/11/26,,,,,,,,,,08/18/26,,,,,NO,,,,,,,,,,,,,,,,,,,,,,,,,,,,,,,,,,,,,,,
,,,,Offskid,ENI-K,,,04/06/26,,,,,06/02/26,,06/11/26,,,,,,,,,,07/14/26,,,,,NO,,,,,,,,,,,,,,,,,,,,,,,,,,,,,,,,,,,,,,,
,,,,Offskid,FLOAT,,,04/06/26,,,,,06/02/26,,06/11/26,,,,,,,,,,,,,,,NO,,,,,,,,,,,,,,,,,,,,,,,,,,,,,,,,,,,,,,,
,,,,New,TGS SATURN-1,,,04/07/26,,,,,06/03/26,,06/12/26,,,,,,,06/30/26,,,06/25/26,,,,,NO,,,,,,,,,,,,,,,,,,,,,,,,,,,,,,,,,,,,,,,
,,,,Onskid,S60-94,,,04/07/26,,,,,06/03/26,,06/12/26,,,,,,,,,,07/31/26,,,,,NO,,,,,,,,,,,,,,,,,,,,,,,,,,,,,,,,,,,,,,,
,,,,New,ENB-PSNC SH,,,04/07/26,,,,,06/03/26,,06/12/26,,,,,,,06/29/26,,,06/24/26,,,,,NO,,,,,,,,,,,,,,,,,,,,,,,,,,,,,,,,,,,,,,,
,,,,New,ENB-PSNC SH,,,see #1,,,,,06/04/26,,see #1,,,,,,,06/29/26,,,06/24/26,,,,,NO,,,,,,,,,,,,,,,,,,,,,,,,,,,,,,,,,,,,,,,
,,,,New,ENB-PSNC SH,,,see #1,,,,,06/04/26,,see #1,,,,,,,06/29/26,,,06/24/26,,,,,NO,,,,,,,,,,,,,,,,,,,,,,,,,,,,,,,,,,,,,,,
,,,,New,PSNC-P2,,,04/08/26,,,,,06/04/26,,06/15/26,,,,,,,06/29/26,,,06/24/26,,,,,NO,,,,,,,,,,,,,,,,,,,,,,,,,,,,,,,,,,,,,,,
,,,,NTB,ENI-K,,,see #1,,,,,06/05/26,,see #1,,,,,,,,,,07/07/26,,,,,NO,,,,,,,,,,,,,,,,,,,,,,,,,,,,,,,,,,,,,,,
,,,,NTB,BBS-B2,,,04/09/26,,,,,06/05/26,,06/16/26,,,,,,,,,,07/01/26,,,,,NO,,,,,,,,,,,,,,,,,,,,,,,,,,,,,,,,,,,,,,,
,,,,NTB,BBS-KA2,,,04/09/26,,,,,06/05/26,,06/16/26,,,,,,,,,,07/01/26,,,,,NO,,,,,,,,,,,,,,,,,,,,,,,,,,,,,,,,,,,,,,,
,,,,Onskid,MER-SOL,,,see #1,,,,,06/08/26,,see #1,,,,,,,,,,06/30/26,,,,,NO,,,,,,,,,,,,,,,,,,,,,,,,,,,,,,,,,,,,,,,
,,,,Onskid,PROP-95,,,04/10/26,,,,,06/08/26,,06/17/26,,,,,,,,,,08/28/26,,,,,NO,,,,,,,,,,,,,,,,,,,,,,,,,,,,,,,,,,,,,,,
,,,,Offskid,APA-U2,,,04/10/26,,,,,06/08/26,,06/17/26,,,,,,,,,,06/30/26,,,,,NO,,,,,,,,,,,,,,,,,,,,,,,,,,,,,,,,,,,,,,,
,,,,Offskid,SHELL SHEARWATER G,,,04/13/26,,,,,06/09/26,,06/18/26,,,,,,,07/06/26,,,06/30/26,,,,,NO,,,,,,,,,,,,,,,,,,,,,,,,,,,,,,,,,,,,,,,
,,,,Offskid,ENI-K,,,see #1,,,,,06/09/26,,see #1,,,,,,,,,,07/16/26,,,,,NO,,,,,,,,,,,,,,,,,,,,,,,,,,,,,,,,,,,,,,,
,,,,Offskid,FLOAT,,,04/13/26,,,,,06/09/26,,06/18/26,,,,,,,,,,,,,,,NO,,,,,,,,,,,,,,,,,,,,,,,,,,,,,,,,,,,,,,,
,,,,Onskid,WILDGT1,,,04/14/26,,,,,06/10/26,,06/19/26,,,,,,,,,,07/02/26,,,,,NO,,,,,,,,,,,,,,,,,,,,,,,,,,,,,,,,,,,,,,,
,,,,Onskid,PROP-96,,,04/14/26,,,,,06/10/26,,06/19/26,,,,,,,,,,07/24/26,,,,,NO,,,,,,,,,,,,,,,,,,,,,,,,,,,,,,,,,,,,,,,
,,,,New,TGS SATURN-2,,,04/14/26,,,,,06/10/26,,06/19/26,,,,,,,07/07/26,,,07/01/26,,,,,NO,,,,,,,,,,,,,,,,,,,,,,,,,,,,,,,,,,,,,,,
,,,,Offskid,SHL-GMM,,,04/15/26,,,,,06/11/26,,06/22/26,,,,,,,,,,07/21/26,,,,,NO,,,,,,,,,,,,,,,,,,,,,,,,,,,,,,,,,,,,,,,
,,,,Offskid,FLOAT,,,04/15/26,,,,,06/11/26,,06/22/26,,,,,,,,,,,,,,,NO,,,,,,,,,,,,,,,,,,,,,,,,,,,,,,,,,,,,,,,
,,,,Onskid,WIL1553,,,04/15/26,,,,,06/11/26,,06/22/26,,,,,,,,,,07/06/26,,,,,NO,,,,,,,,,,,,,,,,,,,,,,,,,,,,,,,,,,,,,,,
,,,,Onskid,PER-MBY,,,04/16/26,,,,,06/12/26,,06/23/26,,,,,,,,,,07/08/26,,,,,NO,,,,,,,,,,,,,,,,,,,,,,,,,,,,,,,,,,,,,,,
,,,,NTB,CUU-SU,,,see #1,,,,,06/12/26,,see #1,,,,,,,,,,07/07/26,,,,,NO,,,,,,,,,,,,,,,,,,,,,,,,,,,,,,,,,,,,,,,
,,,,Offskid,BBS-BO2,,,04/16/26,,,,,06/12/26,,06/23/26,,,,,,,,,,07/22/26,,,,,NO,,,,,,,,,,,,,,,,,,,,,,,,,,,,,,,,,,,,,,,
,,,,Onskid,S60-95,,,04/17/26,,,,,06/15/26,,06/24/26,,,,,,,,,,08/07/26,,,,,NO,,,,,,,,,,,,,,,,,,,,,,,,,,,,,,,,,,,,,,,
,,,,NTB,BBS-BO2,,,see #1,,,,,06/15/26,,see #1,,,,,,,,,,07/20/26,,,,,NO,,,,,,,,,,,,,,,,,,,,,,,,,,,,,,,,,,,,,,,
,,,,Onskid,NAFTA TK6,,,04/17/26,,,,,06/15/26,,06/24/26,,,,,,,07/10/26,,,07/07/26,,,,,NO,,,,,,,,,,,,,,,,,,,,,,,,,,,,,,,,,,,,,,,
,,,,,,,,04/20/26,,,,,06/16/26,,06/25/26,,,,,,,,,,,,,,,NO,,,,,,,,,,,,,,,,,,,,,,,,,,,,,,,,,,,,,,,
,,,,Onskid,WIL165,,,04/20/26,,,,,06/16/26,,06/25/26,,,,,,,,,,07/09/26,,,,,NO,,,,,,,,,,,,,,,,,,,,,,,,,,,,,,,,,,,,,,,
,,,,,,,,04/20/26,,,,,06/16/26,,06/25/26,,,,,,,,,,,,,,,NO,,,,,,,,,,,,,,,,,,,,,,,,,,,,,,,,,,,,,,,
,,,,Onskid,PER-MBY,,,see #1,,,,,06/17/26,,see #1,,,,,,,,,,07/13/26,,,,,NO,,,,,,,,,,,,,,,,,,,,,,,,,,,,,,,,,,,,,,,
,,,,Offskid,BBS-KA2,,,04/21/26,,,,,06/17/26,,06/26/26,,,,,,,,,,08/18/26,,,,,NO,,,,,,,,,,,,,,,,,,,,,,,,,,,,,,,,,,,,,,,
,,,,Onskid,WP-ADCC,,,04/21/26,,,,,06/17/26,,06/26/26,,,,,,,,,,07/14/26,,,,,NO,,,,,,,,,,,,,,,,,,,,,,,,,,,,,,,,,,,,,,,
,,,,Onskid,WIL165,,,see #1,,,,,06/18/26,,see #1,,,,,,,,,,07/30/26,,,,,NO,,,,,,,,,,,,,,,,,,,,,,,,,,,,,,,,,,,,,,,
,,,,Onskid,PROP100,,,04/22/26,,,,,06/18/26,,06/29/26,,,,,,,,,,08/28/26,,,,,NO,,,,,,,,,,,,,,,,,,,,,,,,,,,,,,,,,,,,,,,
,,,,NTB,ENI-KNH,,,04/22/26,,,,,06/18/26,,06/29/26,,,,,,,,,,07/10/26,,,,,NO,,,,,,,,,,,,,,,,,,,,,,,,,,,,,,,,,,,,,,,
,,,,Onskid,WIL1554,,,04/23/26,,,,,06/19/26,,06/30/26,,,,,,,,,,07/14/26,,,,,NO,,,,,,,,,,,,,,,,,,,,,,,,,,,,,,,,,,,,,,,
,,,,NTB,BBS-BE2,,,see #1,,,,,06/19/26,,see #1,,,,,,,,,,07/15/26,,,,,NO,,,,,,,,,,,,,,,,,,,,,,,,,,,,,,,,,,,,,,,
,,,,NTB,BBS-KA2,,,see #1,,,,,06/19/26,,see #1,,,,,,,,,,07/28/26,,,,,NO,,,,,,,,,,,,,,,,,,,,,,,,,,,,,,,,,,,,,,,
,,,,Offskid,BBS-B2,,,04/24/26,,,,,06/22/26,,07/01/26,,,,,,,,,,07/27/26,,,,,NO,,,,,,,,,,,,,,,,,,,,,,,,,,,,,,,,,,,,,,,
,,,,Onskid,CVX-DC,,,04/24/26,,,,,06/22/26,,07/01/26,,,,,,,,,,07/15/26,,,,,NO,,,,,,,,,,,,,,,,,,,,,,,,,,,,,,,,,,,,,,,
,,,,Offskid,SHL-GMM,,,see #1,,,,,06/22/26,,see #1,,,,,,,,,,07/29/26,,,,,NO,,,,,,,,,,,,,,,,,,,,,,,,,,,,,,,,,,,,,,,
,,,,Offskid,FLOAT,,,04/27/26,,,,,06/23/26,,07/02/26,,,,,,,,,,,,,,,NO,,,,,,,,,,,,,,,,,,,,,,,,,,,,,,,,,,,,,,,
,,,,Onskid,TRP-S70,,,04/27/26,,,,,06/23/26,,07/02/26,,,,,,,,,,07/16/26,,,,,NO,,,,,,,,,,,,,,,,,,,,,,,,,,,,,,,,,,,,,,,
,,,,Offskid,CUU-SU,,,see #1,,,,,06/23/26,,see #1,,,,,,,,,,07/20/26,,,,,NO,,,,,,,,,,,,,,,,,,,,,,,,,,,,,,,,,,,,,,,
,,,,Offskid,FLOAT,,,see #1,,,,,06/24/26,,see #1,,,,,,,,,,,,,,,NO,,,,,,,,,,,,,,,,,,,,,,,,,,,,,,,,,,,,,,,
,,,,Onskid,VOLTAGD,,,see #1,,,,,06/24/26,,see #1,,,,,,,,,,07/16/26,,,,,NO,,,,,,,,,,,,,,,,,,,,,,,,,,,,,,,,,,,,,,,
,,,,Onskid,HIL-Z,,,04/28/26,,,,,06/24/26,,07/06/26,,,,,,,,,,07/17/26,,,,,NO,,,,,,,,,,,,,,,,,,,,,,,,,,,,,,,,,,,,,,,
,,,,Onskid,PROP-97,,,04/29/26,,,,,06/25/26,,07/07/26,,,,,,,,,,08/07/26,,,,,NO,,,,,,,,,,,,,,,,,,,,,,,,,,,,,,,,,,,,,,,
,,,,NTB,BBS-B2,,,see #1,,,,,06/25/26,,see #1,,,,,,,,,,07/23/26,,,,,NO,,,,,,,,,,,,,,,,,,,,,,,,,,,,,,,,,,,,,,,
,,,,Onskid,S60-96,,,04/29/26,,,,,06/25/26,,07/07/26,,,,,,,,,,08/10/26,,,,,NO,,,,,,,,,,,,,,,,,,,,,,,,,,,,,,,,,,,,,,,
,,,,Offskid,ENI-K,,,see #1,,,,,06/26/26,,see #1,,,,,,,,,,07/24/26,,,,,NO,,,,,,,,,,,,,,,,,,,,,,,,,,,,,,,,,,,,,,,
,,,,Offskid,WWM-RSC,,,04/30/26,,,,,06/26/26,,07/08/26,,,,,,,07/24/26,,,07/21/26,,,,,NO,,,,,,,,,,,,,,,,,,,,,,,,,,,,,,,,,,,,,,,
,,,,Onskid,S60-98,,,04/30/26,,,,,06/26/26,,07/08/26,,,,,,,,,,09/04/26,,,,,NO,,,,,,,,,,,,,,,,,,,,,,,,,,,,,,,,,,,,,,,
,,,,New,KINDER MORGAN GOOD,,,05/01/26,,,,,06/29/26,,07/09/26,,,,,,,07/27/26,,,07/22/26,,,,,NO,,,,,,,,,,,,,,,,,,,,,,,,,,,,,,,,,,,,,,,
,,,,Onskid,WIL-APO,,,05/01/26,,,,,06/29/26,,07/09/26,,,,,,,,,,07/30/26,,,,,NO,,,,,,,,,,,,,,,,,,,,,,,,,,,,,,,,,,,,,,,
,,,,NTB,LAKES,,,05/01/26,,,,,06/29/26,,07/09/26,,,,,,,,,,07/23/26,,,,,NO,,,,,,,,,,,,,,,,,,,,,,,,,,,,,,,,,,,,,,,
,,,,Onskid,NTS-ECO,,,05/04/26,,,,,06/30/26,,07/10/26,,,,,,,,,,08/04/26,,,,,NO,,,,,,,,,,,,,,,,,,,,,,,,,,,,,,,,,,,,,,,
,,,,Offskid,ENI-KNH,,,05/04/26,,,,,06/30/26,,07/10/26,,,,,,,,,,08/03/26,,,,,NO,,,,,,,,,,,,,,,,,,,,,,,,,,,,,,,,,,,,,,,
,,,,Offskid,FLOAT,,,05/04/26,,,,,06/30/26,,07/10/26,,,,,,,,,,,,,,,NO,,,,,,,,,,,,,,,,,,,,,,,,,,,,,,,,,,,,,,,
,,,,New,TCE-S,,,05/05/26,,,,,07/01/26,,07/13/26,,,,,,,07/29/26,,,07/24/26,,,,,NO,,,,,,,,,,,,,,,,,,,,,,,,,,,,,,,,,,,,,,,
,,,,Onskid,S60-99,,,05/05/26,,,,,07/01/26,,07/13/26,,,,,,,,,,07/24/26,,,,,NO,,,,,,,,,,,,,,,,,,,,,,,,,,,,,,,,,,,,,,,
,,,,New,CAMROSE,,,05/05/26,,,,,07/01/26,,07/13/26,,,,,,,07/28/26,,,07/23/26,,,,,NO,,,,,,,,,,,,,,,,,,,,,,,,,,,,,,,,,,,,,,,
,,,,Onskid,NTS-ECO,,,see #1,,,,,07/02/26,,see #1,,,,,,,,,,08/07/26,,,,,NO,,,,,,,,,,,,,,,,,,,,,,,,,,,,,,,,,,,,,,,
,,,,Onskid,VOLTAGD,,,see #1,,,,,07/02/26,,see #1,,,,,,,,,,07/29/26,,,,,NO,,,,,,,,,,,,,,,,,,,,,,,,,,,,,,,,,,,,,,,
,,,,Offskid,BBS-BE2,,,see #1,,,,,07/02/26,,see #1,,,,,,,,,,08/17/26,,,,,NO,,,,,,,,,,,,,,,,,,,,,,,,,,,,,,,,,,,,,,,
,,,,,,,,05/07/26,,,,,07/06/26,,07/15/26,,,,,,,,,,,,,,,NO,,,,,,,,,,,,,,,,,,,,,,,,,,,,,,,,,,,,,,,
,,,,Offskid,FLOAT,,,05/07/26,,,,,07/06/26,,07/15/26,,,,,,,,,,,,,,,NO,,,,,,,,,,,,,,,,,,,,,,,,,,,,,,,,,,,,,,,
,,,,Onskid,STOCK5,,,05/07/26,,,,,07/06/26,,07/15/26,,,,,,,,,,08/07/26,,,,,NO,,,,,,,,,,,,,,,,,,,,,,,,,,,,,,,,,,,,,,,
,,,,Onskid,WWM-RA1,,,05/08/26,,,,,07/07/26,,07/16/26,,,,,,,,,,07/29/26,,,,,NO,,,,,,,,,,,,,,,,,,,,,,,,,,,,,,,,,,,,,,,
,,,,Offskid,SHL-GMM,,,see #1,,,,,07/07/26,,see #1,,,,,,,,,,08/05/26,,,,,NO,,,,,,,,,,,,,,,,,,,,,,,,,,,,,,,,,,,,,,,
,,,,Offskid,FLOAT,,,05/08/26,,,,,07/07/26,,07/16/26,,,,,,,,,,,,,,,NO,,,,,,,,,,,,,,,,,,,,,,,,,,,,,,,,,,,,,,,
,,,,Onskid,STOCK5,,,see #1,,,,,07/08/26,,see #1,,,,,,,,,,08/05/26,,,,,NO,,,,,,,,,,,,,,,,,,,,,,,,,,,,,,,,,,,,,,,
,,,,Offskid,BBS-BO2,,,see #1,,,,,07/08/26,,see #1,,,,,,,,,,08/20/26,,,,,NO,,,,,,,,,,,,,,,,,,,,,,,,,,,,,,,,,,,,,,,
,,,,Onskid,STOCK5,,,see #1,,,,,07/08/26,,see #1,,,,,,,,,,08/03/26,,,,,NO,,,,,,,,,,,,,,,,,,,,,,,,,,,,,,,,,,,,,,,
,,,,Onskid,NTS-ECO,,,see #1,,,,,07/09/26,,see #1,,,,,,,,,,08/12/26,,,,,NO,,,,,,,,,,,,,,,,,,,,,,,,,,,,,,,,,,,,,,,
,,,,Onskid,NTS-ECO,,,see #1,,,,,07/09/26,,see #1,,,,,,,,,,08/17/26,,,,,NO,,,,,,,,,,,,,,,,,,,,,,,,,,,,,,,,,,,,,,,
,,,,Onskid,PROP102,,,05/12/26,,,,,07/09/26,,07/20/26,,,,,,,,,,09/21/26,,,,,NO,,,,,,,,,,,,,,,,,,,,,,,,,,,,,,,,,,,,,,,
,,,,Onskid,ENB-PSC,,,05/13/26,,,,,07/10/26,,07/21/26,,,,,,,,,,08/28/26,,,,,NO,,,,,,,,,,,,,,,,,,,,,,,,,,,,,,,,,,,,,,,
,,,,Onskid,CLYMERS,,,05/13/26,,,,,07/10/26,,07/21/26,,,,,,,,,,08/07/26,,,,,NO,,,,,,,,,,,,,,,,,,,,,,,,,,,,,,,,,,,,,,,
,,,,NTB,ENI-KBB,,,05/13/26,,,,,07/10/26,,07/21/26,,,,,,,,,,08/05/26,,,,,NO,,,,,,,,,,,,,,,,,,,,,,,,,,,,,,,,,,,,,,,
,,,,Onskid,WIL145,,,05/14/26,,,,,07/13/26,,07/22/26,,,,,,,,,,08/20/26,,,,,NO,,,,,,,,,,,,,,,,,,,,,,,,,,,,,,,,,,,,,,,
,,,,Onskid,DTE GAS,,,05/14/26,,,,,07/13/26,,07/22/26,,,,,,,08/07/26,,,08/04/26,,,,,NO,,,,,,,,,,,,,,,,,,,,,,,,,,,,,,,,,,,,,,,
,,,,Offskid,BBS-B2,,,see #1,,,,,07/13/26,,see #1,,,,,,,,,,08/24/26,,,,,NO,,,,,,,,,,,,,,,,,,,,,,,,,,,,,,,,,,,,,,,
,,,,New,PENDING-N,,,05/15/26,,,,,07/14/26,,07/23/26,,,,,,,#VALUE!,,,,,,,,NO,,,,,,,,,,,,,,,,,,,,,,,,,,,,,,,,,,,,,,,
,,,,Onskid,MPLX-SE,,,05/15/26,,,,,07/14/26,,07/23/26,,,,,,,,,,08/06/26,,,,,NO,,,,,,,,,,,,,,,,,,,,,,,,,,,,,,,,,,,,,,,
,,,,Offskid,PENDING-A,,,05/15/26,,,,,07/14/26,,07/23/26,,,,,,,#VALUE!,,,,,,,,NO,,,,,,,,,,,,,,,,,,,,,,,,,,,,,,,,,,,,,,,
,,,,Offskid,FLOAT,,,05/18/26,,,,,07/15/26,,07/24/26,,,,,,,,,,,,,,,NO,,,,,,,,,,,,,,,,,,,,,,,,,,,,,,,,,,,,,,,
,,,,Onskid,WWM-BW,,,05/18/26,,,,,07/15/26,,07/24/26,,,,,,,,,,09/02/26,,,,,NO,,,,,,,,,,,,,,,,,,,,,,,,,,,,,,,,,,,,,,,
,,,,Onskid,WIL1552,,,05/18/26,,,,,07/15/26,,07/24/26,,,,,,,,,,08/19/26,,,,,NO,,,,,,,,,,,,,,,,,,,,,,,,,,,,,,,,,,,,,,,
,,,,Onskid,WWM-W,,,05/19/26,,,,,07/16/26,,07/27/26,,,,,,,,,,09/01/26,,,,,NO,,,,,,,,,,,,,,,,,,,,,,,,,,,,,,,,,,,,,,,
,,,,Onskid,PENDING-A,,,05/19/26,,,,,07/16/26,,07/27/26,,,,,,,,,,,,,,,NO,,,,,,,,,,,,,,,,,,,,,,,,,,,,,,,,,,,,,,,
,,,,,,,,05/19/26,,,,,07/16/26,,07/27/26,,,,,,,,,,,,,,,NO,,,,,,,,,,,,,,,,,,,,,,,,,,,,,,,,,,,,,,,
,,,,New,PENDING-A,,,05/20/26,,,,,07/17/26,,07/28/26,,,,,,,#VALUE!,,,,,,,,NO,,,,,,,,,,,,,,,,,,,,,,,,,,,,,,,,,,,,,,,
,,,,Offskid,BBS-KA2,,,see #1,,,,,07/17/26,,see #1,,,,,,,,,,08/26/26,,,,,NO,,,,,,,,,,,,,,,,,,,,,,,,,,,,,,,,,,,,,,,
,,,,Onskid,WIL1503,,,05/20/26,,,,,07/17/26,,07/28/26,,,,,,,,,,08/25/26,,,,,NO,,,,,,,,,,,,,,,,,,,,,,,,,,,,,,,,,,,,,,,
,,,,Onskid,SUNFLWR,,,05/21/26,,,,,07/20/26,,07/29/26,,,,,,,,,,08/12/26,,,,,NO,,,,,,,,,,,,,,,,,,,,,,,,,,,,,,,,,,,,,,,
,,,,Onskid,STOCK5,,,see #1,,,,,07/20/26,,see #1,,,,,,,,,,08/21/26,,,,,NO,,,,,,,,,,,,,,,,,,,,,,,,,,,,,,,,,,,,,,,
,,,,Onskid,WIL-APO,,,see #1,,,,,07/20/26,,see #1,,,,,,,,,,08/11/26,,,,,NO,,,,,,,,,,,,,,,,,,,,,,,,,,,,,,,,,,,,,,,
,,,,,,,,05/22/26,,,,,07/21/26,,07/30/26,,,,,,,,,,,,,,,NO,,,,,,,,,,,,,,,,,,,,,,,,,,,,,,,,,,,,,,,
,,,,Onskid,KM-HALL,,,05/22/26,,,,,07/21/26,,07/30/26,,,,,,,,,,08/17/26,,,,,NO,,,,,,,,,,,,,,,,,,,,,,,,,,,,,,,,,,,,,,,
,,,,Onskid,EOG-130,,,05/22/26,,,,,07/21/26,,07/30/26,,,,,,,,,,08/12/26,,,,,NO,,,,,,,,,,,,,,,,,,,,,,,,,,,,,,,,,,,,,,,
,,,,Onskid,WIL145,,,see #1,,,,,07/22/26,,see #1,,,,,,,,,,08/25/26,,,,,NO,,,,,,,,,,,,,,,,,,,,,,,,,,,,,,,,,,,,,,,
,,,,Offskid,PENDING-A,,,05/26/26,,,,,07/22/26,,07/31/26,,,,,,,,,,,,,,,NO,,,,,,,,,,,,,,,,,,,,,,,,,,,,,,,,,,,,,,,
,,,,Onskid,WIL-APO,,,see #1,,,,,07/22/26,,see #1,,,,,,,,,,08/17/26,,,,,NO,,,,,,,,,,,,,,,,,,,,,,,,,,,,,,,,,,,,,,,
,,,,Offskid,FLOAT,,,see #1,,,,,07/23/26,,see #1,,,,,,,,,,,,,,,NO,,,,,,,,,,,,,,,,,,,,,,,,,,,,,,,,,,,,,,,
,,,,Onskid,STOCK5,,,see #1,,,,,07/23/26,,see #1,,,,,,,,,,09/02/26,,,,,NO,,,,,,,,,,,,,,,,,,,,,,,,,,,,,,,,,,,,,,,
,,,,Onskid,S60-100,,,05/27/26,,,,,07/23/26,,08/03/26,,,,,,,,,,09/15/26,,,,,NO,,,,,,,,,,,,,,,,,,,,,,,,,,,,,,,,,,,,,,,
,,,,Onskid,VOLTAGD,,,see #1,,,,,07/24/26,,see #1,,,,,,,,,,08/14/26,,,,,NO,,,,,,,,,,,,,,,,,,,,,,,,,,,,,,,,,,,,,,,
,,,,Onskid,WIL145,,,see #1,,,,,07/24/26,,see #1,,,,,,,,,,08/28/26,,,,,NO,,,,,,,,,,,,,,,,,,,,,,,,,,,,,,,,,,,,,,,
,,,,Offskid,PENDING-A,,,05/28/26,,,,,07/24/26,,08/04/26,,,,,,,,,,,,,,,NO,,,,,,,,,,,,,,,,,,,,,,,,,,,,,,,,,,,,,,,
,,,,Offskid,PENDING-A,,,see #1,,,,,07/27/26,,see #1,,,,,,,,,,,,,,,NO,,,,,,,,,,,,,,,,,,,,,,,,,,,,,,,,,,,,,,,
,,,,Offskid,ENI-KBB,,,05/29/26,,,,,07/27/26,,08/05/26,,,,,,,,,,08/19/26,,,,,NO,,,,,,,,,,,,,,,,,,,,,,,,,,,,,,,,,,,,,,,
,,,,Offskid,FLOAT,,,05/29/26,,,,,07/27/26,,08/05/26,,,,,,,,,,,,,,,NO,,,,,,,,,,,,,,,,,,,,,,,,,,,,,,,,,,,,,,,
,,,,Onskid,TCE-W1,,,06/01/26,,,,,07/28/26,,08/06/26,,,,,,,,,,08/24/26,,,,,NO,,,,,,,,,,,,,,,,,,,,,,,,,,,,,,,,,,,,,,,
,,,,Onskid,WWM-BW,,,see #1,,,,,07/28/26,,see #1,,,,,,,,,,09/16/26,,,,,NO,,,,,,,,,,,,,,,,,,,,,,,,,,,,,,,,,,,,,,,
,,,,Onskid,STOCK,,,see #1,,,,,07/28/26,,see #1,,,,,,,,,,09/25/26,,,,,NO,,,,,,,,,,,,,,,,,,,,,,,,,,,,,,,,,,,,,,,
,,,,Onskid,VOLTAGD,,,see #1,,,,,07/29/26,,see #1,,,,,,,,,,08/24/26,,,,,NO,,,,,,,,,,,,,,,,,,,,,,,,,,,,,,,,,,,,,,,
,,,,Onskid,MPUA-F,,,06/02/26,,,,,07/29/26,,08/07/26,,,,,,,,,,08/20/26,,,,,NO,,,,,,,,,,,,,,,,,,,,,,,,,,,,,,,,,,,,,,,
,,,,Onskid,WIL-APO,,,see #1,,,,,07/29/26,,see #1,,,,,,,,,,08/19/26,,,,,NO,,,,,,,,,,,,,,,,,,,,,,,,,,,,,,,,,,,,,,,
,,,,Onskid,LINY-HP,,,see #1,,,,,07/30/26,,see #1,,,,,,,,,,08/21/26,,,,,NO,,,,,,,,,,,,,,,,,,,,,,,,,,,,,,,,,,,,,,,
,,,,Onskid,PROP101,,,06/03/26,,,,,07/30/26,,08/10/26,,,,,,,,,,09/04/26,,,,,NO,,,,,,,,,,,,,,,,,,,,,,,,,,,,,,,,,,,,,,,
,,,,New,PENDING-A,,,06/03/26,,,,,07/30/26,,08/10/26,,,,,,,#VALUE!,,,,,,,,NO,,,,,,,,,,,,,,,,,,,,,,,,,,,,,,,,,,,,,,,
,,,,Onskid,TCE-W2,,,06/04/26,,,,,07/31/26,,08/11/26,,,,,,,,,,09/01/26,,,,,NO,,,,,,,,,,,,,,,,,,,,,,,,,,,,,,,,,,,,,,,
,,,,Onskid,ENB-PSC,,,see #1,,,,,07/31/26,,see #1,,,,,,,,,,09/24/26,,,,,NO,,,,,,,,,,,,,,,,,,,,,,,,,,,,,,,,,,,,,,,
,,,,,,,,06/04/26,,,,,07/31/26,,08/11/26,,,,,,,,,,,,,,,NO,,,,,,,,,,,,,,,,,,,,,,,,,,,,,,,,,,,,,,,
,,,,,,,,06/05/26,,,,,08/03/26,,08/12/26,,,,,,,,,,,,,,,NO,,,,,,,,,,,,,,,,,,,,,,,,,,,,,,,,,,,,,,,
,,,,Offskid,WWM-TIVSC,,,06/05/26,,,,,08/03/26,,08/12/26,,,,,,,08/28/26,,,08/25/26,,,,,NO,,,,,,,,,,,,,,,,,,,,,,,,,,,,,,,,,,,,,,,
,,,,Offskid,WWM-ELSC,,,06/05/26,,,,,08/03/26,,08/12/26,,,,,,,08/28/26,,,08/25/26,,,,,NO,,,,,,,,,,,,,,,,,,,,,,,,,,,,,,,,,,,,,,,
,,,,,,,,06/08/26,,,,,08/04/26,,08/13/26,,,,,,,,,,,,,,,NO,,,,,,,,,,,,,,,,,,,,,,,,,,,,,,,,,,,,,,,
,,,,Onskid,MBYA-P,,,06/08/26,,,,,08/04/26,,08/13/26,,,,,,,,,,08/27/26,,,,,NO,,,,,,,,,,,,,,,,,,,,,,,,,,,,,,,,,,,,,,,
,,,,Onskid,CVX-DC,,,see #1,,,,,08/04/26,,see #1,,,,,,,,,,08/26/26,,,,,NO,,,,,,,,,,,,,,,,,,,,,,,,,,,,,,,,,,,,,,,
,,,,Onskid,STOCK5,,,see #1,,,,,08/05/26,,see #1,,,,,,,,,,09/09/26,,,,,NO,,,,,,,,,,,,,,,,,,,,,,,,,,,,,,,,,,,,,,,
,,,,,,,,06/09/26,,,,,08/05/26,,08/14/26,,,,,,,,,,,,,,,NO,,,,,,,,,,,,,,,,,,,,,,,,,,,,,,,,,,,,,,,
,,,,,,,,06/09/26,,,,,08/05/26,,08/14/26,,,,,,,,,,,,,,,NO,,,,,,,,,,,,,,,,,,,,,,,,,,,,,,,,,,,,,,,
,,,,,,,,06/10/26,,,,,08/06/26,,08/17/26,,,,,,,,,,,,,,,NO,,,,,,,,,,,,,,,,,,,,,,,,,,,,,,,,,,,,,,,
,,,,,,,,06/10/26,,,,,08/06/26,,08/17/26,,,,,,,,,,,,,,,NO,,,,,,,,,,,,,,,,,,,,,,,,,,,,,,,,,,,,,,,
,,,,,,,,06/10/26,,,,,08/06/26,,08/17/26,,,,,,,,,,,,,,,NO,,,,,,,,,,,,,,,,,,,,,,,,,,,,,,,,,,,,,,,
,,,,,,,,06/11/26,,,,,08/07/26,,08/18/26,,,,,,,,,,,,,,,NO,,,,,,,,,,,,,,,,,,,,,,,,,,,,,,,,,,,,,,,
,,,,,,,,06/11/26,,,,,08/07/26,,08/18/26,,,,,,,,,,,,,,,NO,,,,,,,,,,,,,,,,,,,,,,,,,,,,,,,,,,,,,,,
,,,,,,,,06/11/26,,,,,08/07/26,,08/18/26,,,,,,,,,,,,,,,NO,,,,,,,,,,,,,,,,,,,,,,,,,,,,,,,,,,,,,,,
,,,,Onskid,STOCK5,,,see #1,,,,,08/10/26,,see #1,,,,,,,,,,09/15/26,,,,,NO,,,,,,,,,,,,,,,,,,,,,,,,,,,,,,,,,,,,,,,
,,,,Onskid,PENDING-A,,,06/12/26,,,,,08/10/26,,08/19/26,,,,,,,#VALUE!,,,,,,,,NO,,,,,,,,,,,,,,,,,,,,,,,,,,,,,,,,,,,,,,,
,,,,,,,,06/12/26,,,,,08/10/26,,08/19/26,,,,,,,,,,,,,,,NO,,,,,,,,,,,,,,,,,,,,,,,,,,,,,,,,,,,,,,,
,,,,Offskid,LAKES,,,06/15/26,,,,,08/11/26,,08/20/26,,,,,,,,,,09/10/26,,,,,NO,,,,,,,,,,,,,,,,,,,,,,,,,,,,,,,,,,,,,,,
,,,,,,,,06/15/26,,,,,08/11/26,,08/20/26,,,,,,,,,,,,,,,NO,,,,,,,,,,,,,,,,,,,,,,,,,,,,,,,,,,,,,,,
,,,,Onskid,STOCK,,,see #1,,,,,08/11/26,,see #1,,,,,,,,,,10/09/26,,,,,NO,,,,,,,,,,,,,,,,,,,,,,,,,,,,,,,,,,,,,,,
,,,,Onskid,STOCK3,,,06/16/26,,,,,08/12/26,,08/21/26,,,,,,,,,,09/04/26,,,,,NO,,,,,,,,,,,,,,,,,,,,,,,,,,,,,,,,,,,,,,,
,,,,NTB,WTE-MHP,,,06/16/26,,,,,08/12/26,,08/21/26,,,,,,,,,,09/09/26,,,,,NO,,,,,,,,,,,,,,,,,,,,,,,,,,,,,,,,,,,,,,,
,,,,Onskid,PROP-98,,,06/16/26,,,,,08/12/26,,08/21/26,,,,,,,,,,06/30/26,,,,,NO,,,,,,,,,,,,,,,,,,,,,,,,,,,,,,,,,,,,,,,
,,,,Onskid,WWM-FR,,,06/17/26,,,,,08/13/26,,08/24/26,,,,,,,,,,10/02/26,,,,,NO,,,,,,,,,,,,,,,,,,,,,,,,,,,,,,,,,,,,,,,
,,,,Onskid,,,,06/17/26,,,,,08/13/26,,08/24/26,,,,,,,,,,,,,,,NO,,,,,,,,,,,,,,,,,,,,,,,,,,,,,,,,,,,,,,,
,,,,Onskid,EPD-OR,,,06/17/26,,,,,08/13/26,,08/24/26,,,,,,,,,,09/08/26,,,,,NO,,,,,,,,,,,,,,,,,,,,,,,,,,,,,,,,,,,,,,,
,,,,,,,,06/18/26,,,,,08/14/26,,08/25/26,,,,,,,,,,,,,,,NO,,,,,,,,,,,,,,,,,,,,,,,,,,,,,,,,,,,,,,,
,,,,Onskid,VOLTAGD,,,see #1,,,,,08/14/26,,see #1,,,,,,,,,,09/04/26,,,,,NO,,,,,,,,,,,,,,,,,,,,,,,,,,,,,,,,,,,,,,,
,,,,Onskid,EPD-OR,,,see #1,,,,,08/14/26,,see #1,,,,,,,,,,09/11/26,,,,,NO,,,,,,,,,,,,,,,,,,,,,,,,,,,,,,,,,,,,,,,
,,,,Onskid,PENDING-A,,,06/19/26,,,,,08/17/26,,08/26/26,,,,,,,#VALUE!,,,,,,,,NO,,,,,,,,,,,,,,,,,,,,,,,,,,,,,,,,,,,,,,,
,,,,Onskid,KM-AUBU,,,06/19/26,,,,,08/17/26,,08/26/26,,,,,,,,,,09/09/26,,,,,NO,,,,,,,,,,,,,,,,,,,,,,,,,,,,,,,,,,,,,,,
,,,,Onskid,MBYA-P,,,see #1,,,,,08/17/26,,see #1,,,,,,,,,,09/10/26,,,,,NO,,,,,,,,,,,,,,,,,,,,,,,,,,,,,,,,,,,,,,,
,,,,Onskid,STOCK5,,,see #1,,,,,08/18/26,,see #1,,,,,,,,,,09/21/26,,,,,NO,,,,,,,,,,,,,,,,,,,,,,,,,,,,,,,,,,,,,,,
,,,,Onskid,SUNFLWR,,,see #1,,,,,08/18/26,,see #1,,,,,,,,,,09/10/26,,,,,NO,,,,,,,,,,,,,,,,,,,,,,,,,,,,,,,,,,,,,,,
,,,,Onskid,WWM-FR,,,see #1,,,,,08/18/26,,see #1,,,,,,,,,,10/07/26,,,,,NO,,,,,,,,,,,,,,,,,,,,,,,,,,,,,,,,,,,,,,,
,,,,Onskid,VOLTAGD,,,see #1,,,,,08/19/26,,see #1,,,,,,,,,,09/15/26,,,,,NO,,,,,,,,,,,,,,,,,,,,,,,,,,,,,,,,,,,,,,,
,,,,Offskid,SUNUAPA STAT,,,06/23/26,,,,,08/19/26,,08/28/26,,,,,,,09/15/26,,,09/10/26,,,,,NO,,,,,,,,,,,,,,,,,,,,,,,,,,,,,,,,,,,,,,,
,,,,,,,,06/23/26,,,,,08/19/26,,08/28/26,,,,,,,,,,,,,,,NO,,,,,,,,,,,,,,,,,,,,,,,,,,,,,,,,,,,,,,,
,,,,New,WTE-MLP,,,06/24/26,,,,,08/20/26,,08/31/26,,,,,,,,,,09/28/26,,,,,NO,,,,,,,,,,,,,,,,,,,,,,,,,,,,,,,,,,,,,,,
,,,,Onskid,STOCK3,,,see #1,,,,,08/20/26,,see #1,,,,,,,,,,09/15/26,,,,,NO,,,,,,,,,,,,,,,,,,,,,,,,,,,,,,,,,,,,,,,
,,,,Onskid,PROP-99,,,06/24/26,,,,,08/20/26,,08/31/26,,,,,,,,,,08/24/26,,,,,NO,,,,,,,,,,,,,,,,,,,,,,,,,,,,,,,,,,,,,,,
,,,,Onskid,,,,06/25/26,,,,,08/21/26,,09/01/26,,,,,,,,,,,,,,,NO,,,,,,,,,,,,,,,,,,,,,,,,,,,,,,,,,,,,,,,
,,,,Onskid,WWM-A,,,06/25/26,,,,,08/21/26,,09/01/26,,,,,,,,,,10/12/26,,,,,NO,,,,,,,,,,,,,,,,,,,,,,,,,,,,,,,,,,,,,,,
,,,,Onskid,TGN-BIB,,,06/25/26,,,,,08/21/26,,09/01/26,,,,,,,,,,09/16/26,,,,,NO,,,,,,,,,,,,,,,,,,,,,,,,,,,,,,,,,,,,,,,
,,,,Onskid,DTM-BC,,,06/26/26,,,,,08/24/26,,09/02/26,,,,,,,,,,10/23/26,,,,,NO,,,,,,,,,,,,,,,,,,,,,,,,,,,,,,,,,,,,,,,
,,,,,,,,06/26/26,,,,,08/24/26,,09/02/26,,,,,,,,,,,,,,,NO,,,,,,,,,,,,,,,,,,,,,,,,,,,,,,,,,,,,,,,
,,,,,,,,06/26/26,,,,,08/24/26,,09/02/26,,,,,,,,,,,,,,,NO,,,,,,,,,,,,,,,,,,,,,,,,,,,,,,,,,,,,,,,
,,,,,,,,06/29/26,,,,,08/25/26,,09/03/26,,,,,,,,,,,,,,,NO,,,,,,,,,,,,,,,,,,,,,,,,,,,,,,,,,,,,,,,
,,,,,,,,06/29/26,,,,,08/25/26,,09/03/26,,,,,,,,,,,,,,,NO,,,,,,,,,,,,,,,,,,,,,,,,,,,,,,,,,,,,,,,
,,,,Offskid,PENDING-A,,,06/29/26,,,,,08/25/26,,09/03/26,,,,,,,#VALUE!,,,,,,,,NO,,,,,,,,,,,,,,,,,,,,,,,,,,,,,,,,,,,,,,,
,,,,Onskid,ENB-PSC,,,see #1,,,,,08/26/26,,see #1,,,,,,,,,,10/15/26,,,,,NO,,,,,,,,,,,,,,,,,,,,,,,,,,,,,,,,,,,,,,,
,,,,Onskid,STOCK3,,,see #1,,,,,08/26/26,,see #1,,,,,,,,,,10/02/26,,,,,NO,,,,,,,,,,,,,,,,,,,,,,,,,,,,,,,,,,,,,,,
,,,,Onskid,,,,06/30/26,,,,,08/26/26,,09/04/26,,,,,,,,,,,,,,,NO,,,,,,,,,,,,,,,,,,,,,,,,,,,,,,,,,,,,,,,
,,,,Onskid,EPD-OR,,,see #1,,,,,08/27/26,,see #1,,,,,,,,,,09/21/26,,,,,NO,,,,,,,,,,,,,,,,,,,,,,,,,,,,,,,,,,,,,,,
,,,,Onskid,TGN-POD,,,07/01/26,,,,,08/27/26,,09/08/26,,,,,,,,,,09/21/26,,,,,NO,,,,,,,,,,,,,,,,,,,,,,,,,,,,,,,,,,,,,,,
,,,,Onskid,BWP-YOU,,,07/01/26,,,,,08/27/26,,09/08/26,,,,,,,,,,09/23/26,,,,,NO,,,,,,,,,,,,,,,,,,,,,,,,,,,,,,,,,,,,,,,
,,,,,,,,07/02/26,,,,,08/28/26,,09/09/26,,,,,,,,,,,,,,,NO,,,,,,,,,,,,,,,,,,,,,,,,,,,,,,,,,,,,,,,
,,,,,,,,07/02/26,,,,,08/28/26,,09/09/26,,,,,,,,,,,,,,,NO,,,,,,,,,,,,,,,,,,,,,,,,,,,,,,,,,,,,,,,
,,,,,,,,07/02/26,,,,,08/28/26,,09/09/26,,,,,,,,,,,,,,,NO,,,,,,,,,,,,,,,,,,,,,,,,,,,,,,,,,,,,,,,
,,,,Offskid,WTE-MHP,,,07/06/26,,,,,08/31/26,,09/10/26,,,,,,,,,,09/23/26,,,,,NO,,,,,,,,,,,,,,,,,,,,,,,,,,,,,,,,,,,,,,,
,,,,Onskid,STOCK5,,,see #1,,,,,08/31/26,,see #1,,,,,,,,,,10/01/26,,,,,NO,,,,,,,,,,,,,,,,,,,,,,,,,,,,,,,,,,,,,,,
,,,,Onskid,WWM-W,,,see #1,,,,,08/31/26,,see #1,,,,,,,,,,09/23/26,,,,,NO,,,,,,,,,,,,,,,,,,,,,,,,,,,,,,,,,,,,,,,
,,,,,,,,07/07/26,,,,,09/01/26,,09/11/26,,,,,,,,,,,,,,,NO,,,,,,,,,,,,,,,,,,,,,,,,,,,,,,,,,,,,,,,
,,,,NTB,PTT-P,,,07/07/26,,,,,09/01/26,,09/11/26,,,,,,,,,,09/25/26,,,,,NO,,,,,,,,,,,,,,,,,,,,,,,,,,,,,,,,,,,,,,,
,,,,Onskid,CVX-DC,,,see #1,,,,,09/01/26,,see #1,,,,,,,,,,09/24/26,,,,,NO,,,,,,,,,,,,,,,,,,,,,,,,,,,,,,,,,,,,,,,
,,,,Onskid,STOCK5,,,see #1,,,,,09/02/26,,see #1,,,,,,,,,,10/07/26,,,,,NO,,,,,,,,,,,,,,,,,,,,,,,,,,,,,,,,,,,,,,,
,,,,,,,,07/08/26,,,,,09/02/26,,09/14/26,,,,,,,,,,,,,,,NO,,,,,,,,,,,,,,,,,,,,,,,,,,,,,,,,,,,,,,,
,,,,Onskid,ATMOS-H,,,07/08/26,,,,,09/02/26,,09/14/26,,,,,,,,,,09/28/26,,,,,NO,,,,,,,,,,,,,,,,,,,,,,,,,,,,,,,,,,,,,,,
,,,,Onskid,SOLAR-1,,,07/09/26,,,,,09/03/26,,09/15/26,,,,,,,,,,09/28/26,,,,,NO,,,,,,,,,,,,,,,,,,,,,,,,,,,,,,,,,,,,,,,
,,,,,,,,07/09/26,,,,,09/03/26,,09/15/26,,,,,,,,,,,,,,,NO,,,,,,,,,,,,,,,,,,,,,,,,,,,,,,,,,,,,,,,
,,,,Offskid,WTE-MLP,,,07/09/26,,,,,09/03/26,,09/15/26,,,,,,,,,,09/28/26,,,,,NO,,,,,,,,,,,,,,,,,,,,,,,,,,,,,,,,,,,,,,,
,,,,Onskid,ARC-A,,,07/10/26,,,,,09/04/26,,09/16/26,,,,,,,,,,10/08/27,,,,,NO,,,,,,,,,,,,,,,,,,,,,,,,,,,,,,,,,,,,,,,
,,,,,,,,07/10/26,,,,,09/04/26,,09/16/26,,,,,,,,,,,,,,,NO,,,,,,,,,,,,,,,,,,,,,,,,,,,,,,,,,,,,,,,
,,,,Onskid,DTM-BC,,,see #1,,,,,09/04/26,,see #1,,,,,,,,,,10/28/26,,,,,NO,,,,,,,,,,,,,,,,,,,,,,,,,,,,,,,,,,,,,,,
,,,,NTB,MITSY-W,,,07/13/26,,,,,09/08/26,,09/17/26,,,,,,,,,,09/30/26,,,,,NO,,,,,,,,,,,,,,,,,,,,,,,,,,,,,,,,,,,,,,,
,,,,Offskid,TRANSWESTERN BLOOM,,,07/13/26,,,,,09/08/26,,09/17/26,,,,,,,10/05/26,,,09/30/26,,,,,NO,,,,,,,,,,,,,,,,,,,,,,,,,,,,,,,,,,,,,,,
,,,,Onskid,WIL-APO,,,see #1,,,,,09/08/26,,see #1,,,,,,,,,,10/01/26,,,,,NO,,,,,,,,,,,,,,,,,,,,,,,,,,,,,,,,,,,,,,,
,,,,Onskid,SOLAR-2,,,07/14/26,,,,,09/09/26,,09/18/26,,,,,,,,,,10/05/26,,,,,NO,,,,,,,,,,,,,,,,,,,,,,,,,,,,,,,,,,,,,,,
,,,,,,,,07/14/26,,,,,09/09/26,,09/18/26,,,,,,,,,,,,,,,NO,,,,,,,,,,,,,,,,,,,,,,,,,,,,,,,,,,,,,,,
,,,,,,,,07/14/26,,,,,09/09/26,,09/18/26,,,,,,,,,,,,,,,NO,,,,,,,,,,,,,,,,,,,,,,,,,,,,,,,,,,,,,,,
,,,,Onskid,SOU-FLN,,,see #1,,,,,09/10/26,,see #1,,,,,,,,,,10/02/26,,,,,NO,,,,,,,,,,,,,,,,,,,,,,,,,,,,,,,,,,,,,,,
,,,,,,,,07/15/26,,,,,09/10/26,,09/21/26,,,,,,,,,,,,,,,NO,,,,,,,,,,,,,,,,,,,,,,,,,,,,,,,,,,,,,,,
,,,,,,,,07/15/26,,,,,09/10/26,,09/21/26,,,,,,,,,,,,,,,NO,,,,,,,,,,,,,,,,,,,,,,,,,,,,,,,,,,,,,,,
,,,,Onskid,ATMOS-H,,,see #1,,,,,09/11/26,,see #1,,,,,,,,,,10/06/26,,,,,NO,,,,,,,,,,,,,,,,,,,,,,,,,,,,,,,,,,,,,,,
,,,,Onskid,ATCO-Y,,,07/16/26,,,,,09/11/26,,09/22/26,,,,,,,,,,10/07/26,,,,,NO,,,,,,,,,,,,,,,,,,,,,,,,,,,,,,,,,,,,,,,
,,,,Onskid,ATCO-Y,,,see #1,,,,,09/11/26,,see #1,,,,,,,,,,10/09/26,,,,,NO,,,,,,,,,,,,,,,,,,,,,,,,,,,,,,,,,,,,,,,
,,,,Onskid,STOCK5,,,see #1,,,,,09/14/26,,see #1,,,,,,,,,,10/23/26,,,,,NO,,,,,,,,,,,,,,,,,,,,,,,,,,,,,,,,,,,,,,,
,,,,Onskid,WWM-A,,,see #1,,,,,09/14/26,,see #1,,,,,,,,,,,,,,,NO,,,,,,,,,,,,,,,,,,,,,,,,,,,,,,,,,,,,,,,
,,,,Onskid,PENDING-A,,,07/17/26,,,,,09/14/26,,09/23/26,,,,,,,,,,,,,,,NO,,,,,,,,,,,,,,,,,,,,,,,,,,,,,,,,,,,,,,,
,,,,Offskid,LAKESSC,,,07/20/26,,,,,09/15/26,,09/24/26,,,,,,,10/13/26,,,10/08/26,,,,,NO,,,,,,,,,,,,,,,,,,,,,,,,,,,,,,,,,,,,,,,
,,,,Onskid,SOU-FLN,,,see #1,,,,,09/15/26,,see #1,,,,,,,,,,10/20/26,,,,,NO,,,,,,,,,,,,,,,,,,,,,,,,,,,,,,,,,,,,,,,
,,,,Onskid,MPW-CHP,,,07/20/26,,,,,09/15/26,,09/24/26,,,,,,,,,,10/08/26,,,,,NO,,,,,,,,,,,,,,,,,,,,,,,,,,,,,,,,,,,,,,,
,,,,,,,,07/21/26,,,,,09/16/26,,09/25/26,,,,,,,,,,,,,,,NO,,,,,,,,,,,,,,,,,,,,,,,,,,,,,,,,,,,,,,,
,,,,Offskid,PTT-P,,,07/21/26,,,,,09/16/26,,09/25/26,,,,,,,,,,10/27/26,,,,,NO,,,,,,,,,,,,,,,,,,,,,,,,,,,,,,,,,,,,,,,
,,,,Offskid,FLOAT,,,07/21/26,,,,,09/16/26,,09/25/26,,,,,,,,,,,,,,,NO,,,,,,,,,,,,,,,,,,,,,,,,,,,,,,,,,,,,,,,
,,,,Onskid,STOCK3,,,see #1,,,,,09/17/26,,see #1,,,,,,,,,,10/30/26,,,,,NO,,,,,,,,,,,,,,,,,,,,,,,,,,,,,,,,,,,,,,,
,,,,,,,,07/22/26,,,,,09/17/26,,09/28/26,,,,,,,,,,,,,,,NO,,,,,,,,,,,,,,,,,,,,,,,,,,,,,,,,,,,,,,,
,,,,,,,,07/22/26,,,,,09/17/26,,09/28/26,,,,,,,,,,,,,,,NO,,,,,,,,,,,,,,,,,,,,,,,,,,,,,,,,,,,,,,,
,,,,Offskid,NORTH OIL-A,,,07/23/26,,,,,09/18/26,,09/29/26,,,,,,,10/15/26,,,10/12/26,,,,,NO,,,,,,,,,,,,,,,,,,,,,,,,,,,,,,,,,,,,,,,
,,,,Offskid,NORTH OIL-A,,,see #1,,,,,09/18/26,,see #1,,,,,,,10/15/26,,,10/12/26,,,,,NO,,,,,,,,,,,,,,,,,,,,,,,,,,,,,,,,,,,,,,,
,,,,Onskid,STOCK3,,,see #1,,,,,09/18/26,,see #1,,,,,,,,,,11/04/26,,,,,NO,,,,,,,,,,,,,,,,,,,,,,,,,,,,,,,,,,,,,,,
,,,,Offskid,MITSY-W,,,07/24/26,,,,,09/21/26,,09/30/26,,,,,,,,,,11/18/26,,,,,NO,,,,,,,,,,,,,,,,,,,,,,,,,,,,,,,,,,,,,,,
,,,,Offskid,FLOAT,,,07/24/26,,,,,09/21/26,,09/30/26,,,,,,,,,,,,,,,NO,,,,,,,,,,,,,,,,,,,,,,,,,,,,,,,,,,,,,,,
,,,,,,,,07/24/26,,,,,09/21/26,,09/30/26,,,,,,,,,,,,,,,NO,,,,,,,,,,,,,,,,,,,,,,,,,,,,,,,,,,,,,,,
,,,,,,,,07/27/26,,,,,09/22/26,,10/01/26,,,,,,,,,,,,,,,NO,,,,,,,,,,,,,,,,,,,,,,,,,,,,,,,,,,,,,,,
,,,,Onskid,WIL-APO,,,see #1,,,,,09/22/26,,see #1,,,,,,,,,,10/14/26,,,,,NO,,,,,,,,,,,,,,,,,,,,,,,,,,,,,,,,,,,,,,,
,,,,,,,,07/27/26,,,,,09/22/26,,10/01/26,,,,,,,,,,,,,,,NO,,,,,,,,,,,,,,,,,,,,,,,,,,,,,,,,,,,,,,,
,,,,,,,,07/28/26,,,,,09/23/26,,10/02/26,,,,,,,,,,,,,,,NO,,,,,,,,,,,,,,,,,,,,,,,,,,,,,,,,,,,,,,,
,,,,NTB,QE-CP8S,,,07/28/26,,,,,09/23/26,,10/02/26,,,,,,,,,,10/15/26,,,,,NO,,,,,,,,,,,,,,,,,,,,,,,,,,,,,,,,,,,,,,,
,,,,,,,,07/28/26,,,,,09/23/26,,10/02/26,,,,,,,,,,,,,,,NO,,,,,,,,,,,,,,,,,,,,,,,,,,,,,,,,,,,,,,,
,,,,Offskid,LOST,,,07/29/26,,,,,09/24/26,,10/05/26,,,,,,,,,,,,,,,NO,,,,,,,,,,,,,,,,,,,,,,,,,,,,,,,,,,,,,,,
,,,,,,,,07/29/26,,,,,09/24/26,,10/05/26,,,,,,,,,,,,,,,NO,,,,,,,,,,,,,,,,,,,,,,,,,,,,,,,,,,,,,,,
,,,,,,,,07/29/26,,,,,09/24/26,,10/05/26,,,,,,,,,,,,,,,NO,,,,,,,,,,,,,,,,,,,,,,,,,,,,,,,,,,,,,,,
,,,,Offskid,WWM-O-SC,,,07/30/26,,,,,09/25/26,,10/06/26,,,,,,,10/21/26,,,10/16/26,,,,,NO,,,,,,,,,,,,,,,,,,,,,,,,,,,,,,,,,,,,,,,
,,,,Onskid,STOCK3,,,see #1,,,,,09/25/26,,see #1,,,,,,,,,,11/13/26,,,,,NO,,,,,,,,,,,,,,,,,,,,,,,,,,,,,,,,,,,,,,,
,,,,NTB,QE-CP8S,,,see #1,,,,,09/25/26,,see #1,,,,,,,,,,10/20/26,,,,,NO,,,,,,,,,,,,,,,,,,,,,,,,,,,,,,,,,,,,,,,
,,,,,,,,07/31/26,,,,,09/28/26,,10/07/26,,,,,,,,,,,,,,,NO,,,,,,,,,,,,,,,,,,,,,,,,,,,,,,,,,,,,,,,
,,,,Onskid,DTM-BC,,,see #1,,,,,09/28/26,,see #1,,,,,,,,,,11/02/26,,,,,NO,,,,,,,,,,,,,,,,,,,,,,,,,,,,,,,,,,,,,,,
,,,,,,,,07/31/26,,,,,09/28/26,,10/07/26,,,,,,,,,,,,,,,NO,,,,,,,,,,,,,,,,,,,,,,,,,,,,,,,,,,,,,,,
,,,,,,,,08/03/26,,,,,09/29/26,,10/08/26,,,,,,,,,,,,,,,NO,,,,,,,,,,,,,,,,,,,,,,,,,,,,,,,,,,,,,,,
,,,,,,,,08/03/26,,,,,09/29/26,,10/08/26,,,,,,,,,,,,,,,NO,,,,,,,,,,,,,,,,,,,,,,,,,,,,,,,,,,,,,,,
,,,,,,,,08/03/26,,,,,09/29/26,,10/08/26,,,,,,,,,,,,,,,NO,,,,,,,,,,,,,,,,,,,,,,,,,,,,,,,,,,,,,,,
,,,,,,,,08/04/26,,,,,09/30/26,,10/09/26,,,,,,,,,,,,,,,NO,,,,,,,,,,,,,,,,,,,,,,,,,,,,,,,,,,,,,,,
,,,,Onskid,SUNFLWR,,,see #1,,,,,09/30/26,,see #1,,,,,,,,,,10/22/26,,,,,NO,,,,,,,,,,,,,,,,,,,,,,,,,,,,,,,,,,,,,,,
,,,,Onskid,SOLAR-3,,,08/04/26,,,,,09/30/26,,10/09/26,,,,,,,,,,10/22/26,,,,,NO,,,,,,,,,,,,,,,,,,,,,,,,,,,,,,,,,,,,,,,
,,,,Onskid,BOC-TUB,,,08/05/26,,,,,10/01/26,,10/12/26,,,,,,,,,,11/09/26,,,,,NO,,,,,,,,,,,,,,,,,,,,,,,,,,,,,,,,,,,,,,,
,,,,Offskid,WWM-EC-SC,,,08/05/26,,,,,10/01/26,,10/12/26,,,,,,,10/28/26,,,10/23/26,,,,,NO,,,,,,,,,,,,,,,,,,,,,,,,,,,,,,,,,,,,,,,
,,,,NTB,QE-CP8S,,,see #1,,,,,10/01/26,,see #1,,,,,,,,,,10/23/26,,,,,NO,,,,,,,,,,,,,,,,,,,,,,,,,,,,,,,,,,,,,,,
,,,,,,,,08/06/26,,,,,10/02/26,,10/13/26,,,,,,,,,,,,,,,NO,,,,,,,,,,,,,,,,,,,,,,,,,,,,,,,,,,,,,,,
,,,,Offskid,PENDING-A,,,08/06/26,,,,,10/02/26,,10/13/26,,,,,,,,,,,,,,,NO,,,,,,,,,,,,,,,,,,,,,,,,,,,,,,,,,,,,,,,
,,,,,,,,08/06/26,,,,,10/02/26,,10/13/26,,,,,,,,,,,,,,,NO,,,,,,,,,,,,,,,,,,,,,,,,,,,,,,,,,,,,,,,
,,,,,,,,08/07/26,,,,,10/05/26,,10/14/26,,,,,,,,,,,,,,,NO,,,,,,,,,,,,,,,,,,,,,,,,,,,,,,,,,,,,,,,
,,,,Onskid,GB-GBE,,,08/07/26,,,,,10/05/26,,10/14/26,,,,,,,,,,10/27/26,,,,,NO,,,,,,,,,,,,,,,,,,,,,,,,,,,,,,,,,,,,,,,
,,,,,,,,08/07/26,,,,,10/05/26,,10/14/26,,,,,,,,,,,,,,,NO,,,,,,,,,,,,,,,,,,,,,,,,,,,,,,,,,,,,,,,
,,,,,,,,08/10/26,,,,,10/06/26,,10/15/26,,,,,,,,,,,,,,,NO,,,,,,,,,,,,,,,,,,,,,,,,,,,,,,,,,,,,,,,
,,,,NTB,QE-CP8S,,,see #1,,,,,10/06/26,,see #1,,,,,,,,,,10/28/26,,,,,NO,,,,,,,,,,,,,,,,,,,,,,,,,,,,,,,,,,,,,,,
,,,,,,,,08/10/26,,,,,10/06/26,,10/15/26,,,,,,,,,,,,,,,NO,,,,,,,,,,,,,,,,,,,,,,,,,,,,,,,,,,,,,,,
,,,,Onskid,SOLAR-4,,,08/11/26,,,,,10/07/26,,10/16/26,,,,,,,,,,10/29/26,,,,,NO,,,,,,,,,,,,,,,,,,,,,,,,,,,,,,,,,,,,,,,
,,,,Offskid,QE-CP8S,,,08/11/26,,,,,10/07/26,,10/16/26,,,,,,,,,,10/29/26,,,,,NO,,,,,,,,,,,,,,,,,,,,,,,,,,,,,,,,,,,,,,,
,,,,,,,,08/11/26,,,,,10/07/26,,10/16/26,,,,,,,,,,,,,,,NO,,,,,,,,,,,,,,,,,,,,,,,,,,,,,,,,,,,,,,,
,,,,Onskid,TCE-GAP,,,08/12/26,,,,,10/08/26,,10/19/26,,,,,,,,,,11/30/26,,,,,NO,,,,,,,,,,,,,,,,,,,,,,,,,,,,,,,,,,,,,,,
,,,,New,PENDING-A,,,08/12/26,,,,,10/08/26,,10/19/26,,,,,,,,,,,,,,,NO,,,,,,,,,,,,,,,,,,,,,,,,,,,,,,,,,,,,,,,
,,,,Onskid,WIL-APO,,,see #1,,,,,10/08/26,,see #1,,,,,,,,,,10/30/26,,,,,NO,,,,,,,,,,,,,,,,,,,,,,,,,,,,,,,,,,,,,,,
,,,,,,,,08/13/26,,,,,10/09/26,,10/20/26,,,,,,,,,,,,,,,NO,,,,,,,,,,,,,,,,,,,,,,,,,,,,,,,,,,,,,,,
,,,,NTB,WISON-S,,,08/13/26,,,,,10/09/26,,10/20/26,,,,,,,,,,11/19/26,,,,,NO,,,,,,,,,,,,,,,,,,,,,,,,,,,,,,,,,,,,,,,
,,,,,,,,08/13/26,,,,,10/09/26,,10/20/26,,,,,,,,,,,,,,,NO,,,,,,,,,,,,,,,,,,,,,,,,,,,,,,,,,,,,,,,
,,,,NTB,QE-CP4N,,,08/14/26,,,,,10/12/26,,10/21/26,,,,,,,,,,11/05/26,,,,,NO,,,,,,,,,,,,,,,,,,,,,,,,,,,,,,,,,,,,,,,
,,,,Offskid,QE-CP8S,,,see #1,,,,,10/12/26,,see #1,,,,,,,,,,11/03/26,,,,,NO,,,,,,,,,,,,,,,,,,,,,,,,,,,,,,,,,,,,,,,
,,,,Onskid,PENDING-A,,,08/14/26,,,,,10/12/26,,10/21/26,,,,,,,,,,,,,,,NO,,,,,,,,,,,,,,,,,,,,,,,,,,,,,,,,,,,,,,,
,,,,Onskid,EGTS-50,,,08/17/26,,,,,10/13/26,,10/22/26,,,,,,,,,,11/12/26,,,,,NO,,,,,,,,,,,,,,,,,,,,,,,,,,,,,,,,,,,,,,,
,,,,Onskid,WWM-O,,,08/17/26,,,,,10/13/26,,10/22/26,,,,,,,,,,12/03/26,,,,,NO,,,,,,,,,,,,,,,,,,,,,,,,,,,,,,,,,,,,,,,
,,,,Onskid,S60-97,,,08/17/26,,,,,10/13/26,,10/22/26,,,,,,,,,,10/22/26,,,,,NO,,,,,,,,,,,,,,,,,,,,,,,,,,,,,,,,,,,,,,,
,,,,Onskid,EOG-250,,,08/18/26,,,,,10/14/26,,10/23/26,,,,,,,,,,12/08/26,,,,,NO,,,,,,,,,,,,,,,,,,,,,,,,,,,,,,,,,,,,,,,
,,,,Onskid,EGTS-C,,,08/18/26,,,,,10/14/26,,10/23/26,,,,,,,,,,11/05/26,,,,,NO,,,,,,,,,,,,,,,,,,,,,,,,,,,,,,,,,,,,,,,
,,,,Onskid,CVX-DC,,,see #1,,,,,10/14/26,,see #1,,,,,,,,,,11/05/26,,,,,NO,,,,,,,,,,,,,,,,,,,,,,,,,,,,,,,,,,,,,,,
,,,,Onskid,TCE-AHP,,,08/19/26,,,,,10/15/26,,10/26/26,,,,,,,,,,11/12/26,,,,,NO,,,,,,,,,,,,,,,,,,,,,,,,,,,,,,,,,,,,,,,
,,,,NTB,CCU-GS,,,08/19/26,,,,,10/15/26,,10/26/26,,,,,,,,,,12/08/26,,,,,NO,,,,,,,,,,,,,,,,,,,,,,,,,,,,,,,,,,,,,,,
,,,,Offskid,QE-CP8S,,,see #1,,,,,10/15/26,,see #1,,,,,,,,,,11/06/26,,,,,NO,,,,,,,,,,,,,,,,,,,,,,,,,,,,,,,,,,,,,,,
,,,,Onskid,TCE-S,,,08/20/26,,,,,10/16/26,,10/27/26,,,,,,,,,,11/25/26,,,,,NO,,,,,,,,,,,,,,,,,,,,,,,,,,,,,,,,,,,,,,,
,,,,Onskid,WIL-APO,,,see #1,,,,,10/16/26,,see #1,,,,,,,,,,11/09/26,,,,,NO,,,,,,,,,,,,,,,,,,,,,,,,,,,,,,,,,,,,,,,
,,,,,,,,08/20/26,,,,,10/16/26,,10/27/26,,,,,,,,,,,,,,,NO,,,,,,,,,,,,,,,,,,,,,,,,,,,,,,,,,,,,,,,
,,,,Onskid,PENDING-A,,,08/21/26,,,,,10/19/26,,10/28/26,,,,,,,,,,,,,,,NO,,,,,,,,,,,,,,,,,,,,,,,,,,,,,,,,,,,,,,,
,,,,Onskid,SOLAR-5,,,08/21/26,,,,,10/19/26,,10/28/26,,,,,,,,,,11/10/26,,,,,NO,,,,,,,,,,,,,,,,,,,,,,,,,,,,,,,,,,,,,,,
,,,,Onskid,EGTS-LE,,,08/21/26,,,,,10/19/26,,10/28/26,,,,,,,,,,11/13/26,,,,,NO,,,,,,,,,,,,,,,,,,,,,,,,,,,,,,,,,,,,,,,
,,,,,,,,08/24/26,,,,,10/20/26,,10/29/26,,,,,,,,,,,,,,,NO,,,,,,,,,,,,,,,,,,,,,,,,,,,,,,,,,,,,,,,
,,,,,,,,08/24/26,,,,,10/20/26,,10/29/26,,,,,,,,,,,,,,,NO,,,,,,,,,,,,,,,,,,,,,,,,,,,,,,,,,,,,,,,
,,,,Offskid,QE-CP8S,,,see #1,,,,,10/20/26,,see #1,,,,,,,,,,11/11/26,,,,,NO,,,,,,,,,,,,,,,,,,,,,,,,,,,,,,,,,,,,,,,
,,,,Onskid,STKAE1,,,08/25/26,,,,,10/21/26,,10/30/26,,,,,,,,,,,,,,,NO,,,,,,,,,,,,,,,,,,,,,,,,,,,,,,,,,,,,,,,
,,,,Onskid,WILGLL1,,,08/25/26,,,,,10/21/26,,10/30/26,,,,,,,,,,11/23/26,,,,,NO,,,,,,,,,,,,,,,,,,,,,,,,,,,,,,,,,,,,,,,
,,,,Onskid,WWM-O,,,see #1,,,,,10/21/26,,see #1,,,,,,,,,,12/11/26,,,,,NO,,,,,,,,,,,,,,,,,,,,,,,,,,,,,,,,,,,,,,,
,,,,Onskid,SOLAR-6,,,08/26/26,,,,,10/22/26,,11/02/26,,,,,,,,,,11/17/26,,,,,NO,,,,,,,,,,,,,,,,,,,,,,,,,,,,,,,,,,,,,,,
,,,,Offskid,PENDING-A,,,08/26/26,,,,,10/22/26,,11/02/26,,,,,,,,,,,,,,,NO,,,,,,,,,,,,,,,,,,,,,,,,,,,,,,,,,,,,,,,
,,,,Onskid,ETP-OA,,,08/26/26,,,,,10/22/26,,11/02/26,,,,,,,,,,11/30/26,,,,,NO,,,,,,,,,,,,,,,,,,,,,,,,,,,,,,,,,,,,,,,
,,,,Onskid,ETP-OA,,,see #1,,,,,10/23/26,,see #1,,,,,,,,,,12/03/26,,,,,NO,,,,,,,,,,,,,,,,,,,,,,,,,,,,,,,,,,,,,,,
,,,,Onskid,STOCK2,,,see #1,,,,,10/23/26,,see #1,,,,,,,,,,11/20/26,,,,,NO,,,,,,,,,,,,,,,,,,,,,,,,,,,,,,,,,,,,,,,
,,,,Offskid,PENDING-A,,,08/27/26,,,,,10/23/26,,11/03/26,,,,,,,,,,,,,,,NO,,,,,,,,,,,,,,,,,,,,,,,,,,,,,,,,,,,,,,,
,,,,Offskid,FLOAT,,,see #1,,,,,10/26/26,,see #1,,,,,,,,,,,,,,,NO,,,,,,,,,,,,,,,,,,,,,,,,,,,,,,,,,,,,,,,
,,,,Offskid,FLOAT,,,see #1,,,,,10/26/26,,see #1,,,,,,,,,,,,,,,NO,,,,,,,,,,,,,,,,,,,,,,,,,,,,,,,,,,,,,,,
,,,,,,,,08/28/26,,,,,10/26/26,,11/04/26,,,,,,,,,,,,,,,NO,,,,,,,,,,,,,,,,,,,,,,,,,,,,,,,,,,,,,,,
,,,,Onskid,WWM-RA3,,,08/31/26,,,,,10/27/26,,11/05/26,,,,,,,,,,11/19/26,,,,,NO,,,,,,,,,,,,,,,,,,,,,,,,,,,,,,,,,,,,,,,
,,,,Onskid,BWP-HAR,,,08/31/26,,,,,10/27/26,,11/05/26,,,,,,,,,,11/20/26,,,,,NO,,,,,,,,,,,,,,,,,,,,,,,,,,,,,,,,,,,,,,,
,,,,Onskid,ENB-T70,,,08/31/26,,,,,10/27/26,,11/05/26,,,,,,,,,,11/18/26,,,,,NO,,,,,,,,,,,,,,,,,,,,,,,,,,,,,,,,,,,,,,,
,,,,Onskid,ENB-T70,,,see #1,,,,,10/28/26,,see #1,,,,,,,,,,11/23/26,,,,,NO,,,,,,,,,,,,,,,,,,,,,,,,,,,,,,,,,,,,,,,
,,,,Onskid,STOCK2,,,see #1,,,,,10/28/26,,see #1,,,,,,,,,,11/30/26,,,,,NO,,,,,,,,,,,,,,,,,,,,,,,,,,,,,,,,,,,,,,,
,,,,Offskid,QE-CP4N,,,09/01/26,,,,,10/28/26,,11/06/26,,,,,,,,,,11/19/26,,,,,NO,,,,,,,,,,,,,,,,,,,,,,,,,,,,,,,,,,,,,,,
,,,,,,,,09/02/26,,,,,10/29/26,,11/09/26,,,,,,,,,,,,,,,NO,,,,,,,,,,,,,,,,,,,,,,,,,,,,,,,,,,,,,,,
,,,,NTB,QE-CP4N,,,see #1,,,,,10/29/26,,see #1,,,,,,,,,,11/18/26,,,,,NO,,,,,,,,,,,,,,,,,,,,,,,,,,,,,,,,,,,,,,,
,,,,Offskid,WWM-F-SC,,,09/02/26,,,,,10/29/26,,11/09/26,,,,,,,11/25/26,,,11/20/26,,,,,NO,,,,,,,,,,,,,,,,,,,,,,,,,,,,,,,,,,,,,,,
,,,,Offskid,PENDING-A,,,09/03/26,,,,,10/30/26,,11/10/26,,,,,,,,,,,,,,,NO,,,,,,,,,,,,,,,,,,,,,,,,,,,,,,,,,,,,,,,
,,,,Offskid,FLOAT,,,see #1,,,,,10/30/26,,see #1,,,,,,,,,,,,,,,NO,,,,,,,,,,,,,,,,,,,,,,,,,,,,,,,,,,,,,,,
,,,,Offskid,FLOAT,,,see #1,,,,,10/30/26,,see #1,,,,,,,,,,,,,,,NO,,,,,,,,,,,,,,,,,,,,,,,,,,,,,,,,,,,,,,,
,,,,NTB,TRID-T,,,09/04/26,,,,,11/02/26,,11/11/26,,,,,,,,,,12/03/26,,,,,NO,,,,,,,,,,,,,,,,,,,,,,,,,,,,,,,,,,,,,,,
,,,,Offskid,PENDING-A,,,09/04/26,,,,,11/02/26,,11/11/26,,,,,,,,,,,,,,,NO,,,,,,,,,,,,,,,,,,,,,,,,,,,,,,,,,,,,,,,
,,,,Onskid,S60-101,,,09/04/26,,,,,11/02/26,,11/11/26,,,,,,,,,,11/17/26,,,,,NO,,,,,,,,,,,,,,,,,,,,,,,,,,,,,,,,,,,,,,,
,,,,Onskid,PER-M60,,,see #1,,,,,11/03/26,,see #1,,,,,,,,,,11/25/26,,,,,NO,,,,,,,,,,,,,,,,,,,,,,,,,,,,,,,,,,,,,,,
,,,,Onskid,PER-M60,,,see #1,,,,,11/03/26,,see #1,,,,,,,,,,11/25/26,,,,,NO,,,,,,,,,,,,,,,,,,,,,,,,,,,,,,,,,,,,,,,
,,,,Onskid,S60-102,,,09/08/26,,,,,11/03/26,,11/12/26,,,,,,,,,,11/24/26,,,,,NO,,,,,,,,,,,,,,,,,,,,,,,,,,,,,,,,,,,,,,,
,,,,Onskid,ENB-D,,,09/09/26,,,,,11/04/26,,11/13/26,,,,,,,,,,12/10/26,,,,,NO,,,,,,,,,,,,,,,,,,,,,,,,,,,,,,,,,,,,,,,
,,,,New,PENDING-A,,,09/09/26,,,,,11/04/26,,11/13/26,,,,,,,,,,,,,,,NO,,,,,,,,,,,,,,,,,,,,,,,,,,,,,,,,,,,,,,,
,,,,Onskid,STOCK,,,see #1,,,,,11/04/26,,see #1,,,,,,,,,,11/25/26,,,,,NO,,,,,,,,,,,,,,,,,,,,,,,,,,,,,,,,,,,,,,,
,,,,NTB,TRID-60,,,09/10/26,,,,,11/05/26,,11/16/26,,,,,,,,,,01/07/27,,,,,NO,,,,,,,,,,,,,,,,,,,,,,,,,,,,,,,,,,,,,,,
,,,,Offskid,QE-CP4N,,,see #1,,,,,11/05/26,,see #1,,,,,,,,,,12/04/26,,,,,NO,,,,,,,,,,,,,,,,,,,,,,,,,,,,,,,,,,,,,,,
,,,,Onskid,STOCK2,,,see #1,,,,,11/05/26,,see #1,,,,,,,,,,12/04/26,,,,,NO,,,,,,,,,,,,,,,,,,,,,,,,,,,,,,,,,,,,,,,
,,,,Onskid,ENB-D,,,see #1,,,,,11/06/26,,see #1,,,,,,,,,,12/15/26,,,,,NO,,,,,,,,,,,,,,,,,,,,,,,,,,,,,,,,,,,,,,,
,,,,Onskid,LOST,,,09/11/26,,,,,11/06/26,,11/17/26,,,,,,,,,,,,,,,NO,,,,,,,,,,,,,,,,,,,,,,,,,,,,,,,,,,,,,,,
,,,,Onskid,CVX-DC,,,see #1,,,,,11/06/26,,see #1,,,,,,,,,,12/07/26,,,,,NO,,,,,,,,,,,,,,,,,,,,,,,,,,,,,,,,,,,,,,,
,,,,Onskid,BWP-SOR,,,09/14/26,,,,,11/09/26,,11/18/26,,,,,,,,,,12/16/26,,,,,NO,,,,,,,,,,,,,,,,,,,,,,,,,,,,,,,,,,,,,,,
,,,,Offskid,NORTH OIL-B,,,09/14/26,,,,,11/09/26,,11/18/26,,,,,,,12/08/26,,,12/03/26,,,,,NO,,,,,,,,,,,,,,,,,,,,,,,,,,,,,,,,,,,,,,,
,,,,Offskid,NORTH OIL-B,,,see #1,,,,,11/09/26,,see #1,,,,,,,12/08/26,,,12/03/26,,,,,NO,,,,,,,,,,,,,,,,,,,,,,,,,,,,,,,,,,,,,,,
,,,,Offskid,NORTH OIL-B,,,see #1,,,,,11/10/26,,see #1,,,,,,,12/09/26,,,12/04/26,,,,,NO,,,,,,,,,,,,,,,,,,,,,,,,,,,,,,,,,,,,,,,
,,,,Offskid,NORTH OIL-B,,,see #1,,,,,11/10/26,,see #1,,,,,,,12/09/26,,,12/04/26,,,,,NO,,,,,,,,,,,,,,,,,,,,,,,,,,,,,,,,,,,,,,,
,,,,Offskid,WISON-S,,,09/15/26,,,,,11/10/26,,11/19/26,,,,,,,,,,12/07/26,,,,,NO,,,,,,,,,,,,,,,,,,,,,,,,,,,,,,,,,,,,,,,
,,,,Offskid,FLOAT,,,see #1,,,,,11/11/26,,see #1,,,,,,,,,,,,,,,NO,,,,,,,,,,,,,,,,,,,,,,,,,,,,,,,,,,,,,,,
,,,,Onskid,REDSUN1,,,09/16/26,,,,,11/11/26,,11/20/26,,,,,,,,,,,,,,,NO,,,,,,,,,,,,,,,,,,,,,,,,,,,,,,,,,,,,,,,
,,,,Onskid,STOCK,,,see #1,,,,,11/11/26,,see #1,,,,,,,,,,12/11/26,,,,,NO,,,,,,,,,,,,,,,,,,,,,,,,,,,,,,,,,,,,,,,
,,,,NTB,QE-CP4N,,,see #1,,,,,11/12/26,,see #1,,,,,,,,,,12/08/26,,,,,NO,,,,,,,,,,,,,,,,,,,,,,,,,,,,,,,,,,,,,,,
,,,,Onskid,S60-103,,,09/17/26,,,,,11/12/26,,11/23/26,,,,,,,,,,12/03/26,,,,,NO,,,,,,,,,,,,,,,,,,,,,,,,,,,,,,,,,,,,,,,
,,,,Onskid,REDSUN1,,,09/17/26,,,,,11/12/26,,11/23/26,,,,,,,,,,,,,,,NO,,,,,,,,,,,,,,,,,,,,,,,,,,,,,,,,,,,,,,,
,,,,NTB,WISON-S,,,see #1,,,,,11/13/26,,see #1,,,,,,,,,,12/17/26,,,,,NO,,,,,,,,,,,,,,,,,,,,,,,,,,,,,,,,,,,,,,,
,,,,Onskid,SOLAR-7,,,09/18/26,,,,,11/13/26,,11/24/26,,,,,,,,,,12/10/26,,,,,NO,,,,,,,,,,,,,,,,,,,,,,,,,,,,,,,,,,,,,,,
,,,,Onskid,STOCK2,,,see #1,,,,,11/13/26,,see #1,,,,,,,,,,12/10/26,,,,,NO,,,,,,,,,,,,,,,,,,,,,,,,,,,,,,,,,,,,,,,
,,,,NTB,PTT-CO2,,,09/21/26,,,,,11/16/26,,11/25/26,,,,,,,,,,12/14/26,,,,,NO,,,,,,,,,,,,,,,,,,,,,,,,,,,,,,,,,,,,,,,
,,,,Onskid,LONGT60,,,09/21/26,,,,,11/16/26,,11/25/26,,,,,,,,,,05/21/27,,,,,NO,,,,,,,,,,,,,,,,,,,,,,,,,,,,,,,,,,,,,,,
,,,,NTB,CCU-GS,,,see #1,,,,,11/16/26,,see #1,,,,,,,,,,12/11/26,,,,,NO,,,,,,,,,,,,,,,,,,,,,,,,,,,,,,,,,,,,,,,
,,,,Onskid,LOST,,,09/22/26,,,,,11/17/26,,11/30/26,,,,,,,,,,,,,,,NO,,,,,,,,,,,,,,,,,,,,,,,,,,,,,,,,,,,,,,,
,,,,Onskid,S60-104,,,09/22/26,,,,,11/17/26,,11/30/26,,,,,,,,,,12/17/26,,,,,NO,,,,,,,,,,,,,,,,,,,,,,,,,,,,,,,,,,,,,,,
,,,,,,,,09/22/26,,,,,11/17/26,,11/30/26,,,,,,,,,,,,,,,NO,,,,,,,,,,,,,,,,,,,,,,,,,,,,,,,,,,,,,,,
,,,,,,,,09/23/26,,,,,11/18/26,,12/01/26,,,,,,,,,,,,,,,NO,,,,,,,,,,,,,,,,,,,,,,,,,,,,,,,,,,,,,,,
,,,,Offskid,TRID-T,,,09/23/26,,,,,11/18/26,,12/01/26,,,,,,,,,,12/14/26,,,,,NO,,,,,,,,,,,,,,,,,,,,,,,,,,,,,,,,,,,,,,,
,,,,Offskid,TRID-60,,,09/23/26,,,,,11/18/26,,12/01/26,,,,,,,,,,01/19/27,,,,,NO,,,,,,,,,,,,,,,,,,,,,,,,,,,,,,,,,,,,,,,
,,,,,,,,09/24/26,,,,,11/19/26,,12/02/26,,,,,,,,,,,,,,,NO,,,,,,,,,,,,,,,,,,,,,,,,,,,,,,,,,,,,,,,
,,,,,,,,09/24/26,,,,,11/19/26,,12/02/26,,,,,,,,,,,,,,,NO,,,,,,,,,,,,,,,,,,,,,,,,,,,,,,,,,,,,,,,
,,,,,,,,09/24/26,,,,,11/19/26,,12/02/26,,,,,,,,,,,,,,,NO,,,,,,,,,,,,,,,,,,,,,,,,,,,,,,,,,,,,,,,
,,,,,,,,09/25/26,,,,,11/20/26,,12/03/26,,,,,,,,,,,,,,,NO,,,,,,,,,,,,,,,,,,,,,,,,,,,,,,,,,,,,,,,
,,,,Onskid,SOLAR -8,,,09/25/26,,,,,11/20/26,,12/03/26,,,,,,,,,,12/16/26,,,,,NO,,,,,,,,,,,,,,,,,,,,,,,,,,,,,,,,,,,,,,,
,,,,Onskid,WIL2001,,,09/25/26,,,,,11/20/26,,12/03/26,,,,,,,,,,12/16/26,,,,,NO,,,,,,,,,,,,,,,,,,,,,,,,,,,,,,,,,,,,,,,
,,,,Onskid,PGMSK33,,,09/28/26,,,,,11/23/26,,12/04/26,,,,,,,,,,,,,,,NO,,,,,,,,,,,,,,,,,,,,,,,,,,,,,,,,,,,,,,,
,,,,New,,,,09/28/26,,,,,11/23/26,,12/04/26,,,,,,,,,,,,,,,NO,,,,,,,,,,,,,,,,,,,,,,,,,,,,,,,,,,,,,,,
,,,,Offskid,CCU-GS,,,09/28/26,,,,,11/23/26,,12/04/26,,,,,,,,,,12/17/26,,,,,NO,,,,,,,,,,,,,,,,,,,,,,,,,,,,,,,,,,,,,,,
,,,,Offskid,CCU-GS,,,see #1,,,,,11/24/26,,see #1,,,,,,,,,,12/22/26,,,,,NO,,,,,,,,,,,,,,,,,,,,,,,,,,,,,,,,,,,,,,,
,,,,New,PENDING-A,,,09/29/26,,,,,11/24/26,,12/07/26,,,,,,,,,,,,,,,NO,,,,,,,,,,,,,,,,,,,,,,,,,,,,,,,,,,,,,,,
,,,,Onskid,DTE-TAG,,,09/29/26,,,,,11/24/26,,12/07/26,,,,,,,,,,12/18/26,,,,,NO,,,,,,,,,,,,,,,,,,,,,,,,,,,,,,,,,,,,,,,
,,,,Onskid,CVX-DC,,,see #1,,,,,11/25/26,,see #1,,,,,,,,,,12/21/26,,,,,NO,,,,,,,,,,,,,,,,,,,,,,,,,,,,,,,,,,,,,,,
,,,,NTB,QE-CP4N,,,see #1,,,,,11/25/26,,see #1,,,,,,,,,,12/21/26,,,,,NO,,,,,,,,,,,,,,,,,,,,,,,,,,,,,,,,,,,,,,,
,,,,Offskid,LOST,,,09/30/26,,,,,11/25/26,,12/08/26,,,,,,,,,,,,,,,NO,,,,,,,,,,,,,,,,,,,,,,,,,,,,,,,,,,,,,,,
,,,,Onskid,CVX-DC,,,see #1,,,,,11/30/26,,see #1,,,,,,,,,,01/13/27,,,,,NO,,,,,,,,,,,,,,,,,,,,,,,,,,,,,,,,,,,,,,,
,,,,Offskid,PTT-CO2,,,10/01/26,,,,,11/30/26,,12/09/26,,,,,,,,,,01/05/27,,,,,NO,,,,,,,,,,,,,,,,,,,,,,,,,,,,,,,,,,,,,,,
,,,,Offskid,FLOAT,,,see #1,,,,,11/30/26,,see #1,,,,,,,,,,,,,,,NO,,,,,,,,,,,,,,,,,,,,,,,,,,,,,,,,,,,,,,,
,,,,,,,,10/02/26,,,,,12/01/26,,12/10/26,,,,,,,,,,,,,,,NO,,,,,,,,,,,,,,,,,,,,,,,,,,,,,,,,,,,,,,,
,,,,Offskid,LOST,,,10/02/26,,,,,12/01/26,,12/10/26,,,,,,,,,,,,,,,NO,,,,,,,,,,,,,,,,,,,,,,,,,,,,,,,,,,,,,,,
,,,,Offskid,QE-CP4N,,,see #1,,,,,12/01/26,,see #1,,,,,,,,,,12/22/26,,,,,NO,,,,,,,,,,,,,,,,,,,,,,,,,,,,,,,,,,,,,,,
,,,,Onskid,STKAE1,,,see #1,,,,,12/02/26,,see #1,,,,,,,,,,,,,,,NO,,,,,,,,,,,,,,,,,,,,,,,,,,,,,,,,,,,,,,,
,,,,,,,,10/05/26,,,,,12/02/26,,12/11/26,,,,,,,,,,,,,,,NO,,,,,,,,,,,,,,,,,,,,,,,,,,,,,,,,,,,,,,,
,,,,,,,,10/05/26,,,,,12/02/26,,12/11/26,,,,,,,,,,,,,,,NO,,,,,,,,,,,,,,,,,,,,,,,,,,,,,,,,,,,,,,,
,,,,,,,,10/06/26,,,,,12/03/26,,12/14/26,,,,,,,,,,,,,,,NO,,,,,,,,,,,,,,,,,,,,,,,,,,,,,,,,,,,,,,,
,,,,,,,,10/06/26,,,,,12/03/26,,12/14/26,,,,,,,,,,,,,,,NO,,,,,,,,,,,,,,,,,,,,,,,,,,,,,,,,,,,,,,,
,,,,,,,,10/06/26,,,,,12/03/26,,12/14/26,,,,,,,,,,,,,,,NO,,,,,,,,,,,,,,,,,,,,,,,,,,,,,,,,,,,,,,,
,,,,,,,,10/07/26,,,,,12/04/26,,12/15/26,,,,,,,,,,,,,,,NO,,,,,,,,,,,,,,,,,,,,,,,,,,,,,,,,,,,,,,,
,,,,Offskid,WISON-S,,,see #1,,,,,12/04/26,,see #1,,,,,,,,,,01/11/27,,,,,NO,,,,,,,,,,,,,,,,,,,,,,,,,,,,,,,,,,,,,,,
,,,,Offskid,FLOAT,,,10/07/26,,,,,12/04/26,,12/15/26,,,,,,,,,,,,,,,NO,,,,,,,,,,,,,,,,,,,,,,,,,,,,,,,,,,,,,,,
,,,,Onskid,BWP-JAS,,,10/08/26,,,,,12/07/26,,12/16/26,,,,,,,,,,01/04/27,,,,,NO,,,,,,,,,,,,,,,,,,,,,,,,,,,,,,,,,,,,,,,
,,,,,,,,10/08/26,,,,,12/07/26,,12/16/26,,,,,,,,,,,,,,,NO,,,,,,,,,,,,,,,,,,,,,,,,,,,,,,,,,,,,,,,
,,,,,,,,10/08/26,,,,,12/07/26,,12/16/26,,,,,,,,,,,,,,,NO,,,,,,,,,,,,,,,,,,,,,,,,,,,,,,,,,,,,,,,
,,,,Offskid,WISON-S,,,see #1,,,,,12/08/26,,see #1,,,,,,,,,,01/28/27,,,,,NO,,,,,,,,,,,,,,,,,,,,,,,,,,,,,,,,,,,,,,,
,,,,Offskid,FLOAT,,,10/09/26,,,,,12/08/26,,12/17/26,,,,,,,,,,,,,,,NO,,,,,,,,,,,,,,,,,,,,,,,,,,,,,,,,,,,,,,,
,,,,,,,,10/09/26,,,,,12/08/26,,12/17/26,,,,,,,,,,,,,,,NO,,,,,,,,,,,,,,,,,,,,,,,,,,,,,,,,,,,,,,,
,,,,,,,,10/12/26,,,,,12/09/26,,12/18/26,,,,,,,,,,,,,,,NO,,,,,,,,,,,,,,,,,,,,,,,,,,,,,,,,,,,,,,,
,,,,Offskid,CCU-GS STATION,,,10/12/26,,,,,12/09/26,,12/18/26,,,,,,,01/13/27,,,01/08/27,,,,,NO,,,,,,,,,,,,,,,,,,,,,,,,,,,,,,,,,,,,,,,
,,,,Onskid,DTE-TAG,,,see #1,,,,,12/09/26,,see #1,,,,,,,,,,01/11/27,,,,,NO,,,,,,,,,,,,,,,,,,,,,,,,,,,,,,,,,,,,,,,
,,,,,,,,10/13/26,,,,,12/10/26,,12/21/26,,,,,,,,,,,,,,,NO,,,,,,,,,,,,,,,,,,,,,,,,,,,,,,,,,,,,,,,
,,,,,,,,10/13/26,,,,,12/10/26,,12/21/26,,,,,,,,,,,,,,,NO,,,,,,,,,,,,,,,,,,,,,,,,,,,,,,,,,,,,,,,
,,,,,,,,10/13/26,,,,,12/10/26,,12/21/26,,,,,,,,,,,,,,,NO,,,,,,,,,,,,,,,,,,,,,,,,,,,,,,,,,,,,,,,
,,,,,,,,10/14/26,,,,,12/11/26,,12/22/26,,,,,,,,,,,,,,,NO,,,,,,,,,,,,,,,,,,,,,,,,,,,,,,,,,,,,,,,
,,,,,,,,10/14/26,,,,,12/11/26,,12/22/26,,,,,,,,,,,,,,,NO,,,,,,,,,,,,,,,,,,,,,,,,,,,,,,,,,,,,,,,
,,,,NTB,WISON-S,,,see #1,,,,,12/11/26,,see #1,,,,,,,,,,01/13/27,,,,,NO,,,,,,,,,,,,,,,,,,,,,,,,,,,,,,,,,,,,,,,
,,,,,,,,10/15/26,,,,,12/14/26,,12/23/26,,,,,,,,,,,,,,,NO,,,,,,,,,,,,,,,,,,,,,,,,,,,,,,,,,,,,,,,
,,,,Onskid,DTE-TAG,,,see #1,,,,,12/14/26,,see #1,,,,,,,,,,01/14/27,,,,,NO,,,,,,,,,,,,,,,,,,,,,,,,,,,,,,,,,,,,,,,
,,,,Offskid,QE-CP4N,,,see #1,,,,,12/14/26,,see #1,,,,,,,,,,01/13/27,,,,,NO,,,,,,,,,,,,,,,,,,,,,,,,,,,,,,,,,,,,,,,
,,,,,,,,10/16/26,,,,,12/15/26,,01/04/27,,,,,,,,,,,,,,,NO,,,,,,,,,,,,,,,,,,,,,,,,,,,,,,,,,,,,,,,
,,,,,,,,10/16/26,,,,,12/15/26,,01/04/27,,,,,,,,,,,,,,,NO,,,,,,,,,,,,,,,,,,,,,,,,,,,,,,,,,,,,,,,
,,,,,,,,10/16/26,,,,,12/15/26,,01/04/27,,,,,,,,,,,,,,,NO,,,,,,,,,,,,,,,,,,,,,,,,,,,,,,,,,,,,,,,
,,,,,,,,10/19/26,,,,,12/16/26,,01/05/27,,,,,,,,,,,,,,,NO,,,,,,,,,,,,,,,,,,,,,,,,,,,,,,,,,,,,,,,
,,,,,,,,10/19/26,,,,,12/16/26,,01/05/27,,,,,,,,,,,,,,,NO,,,,,,,,,,,,,,,,,,,,,,,,,,,,,,,,,,,,,,,
,,,,,,,,10/19/26,,,,,12/16/26,,01/05/27,,,,,,,,,,,,,,,NO,,,,,,,,,,,,,,,,,,,,,,,,,,,,,,,,,,,,,,,
,,,,,,,,10/20/26,,,,,12/17/26,,01/06/27,,,,,,,,,,,,,,,NO,,,,,,,,,,,,,,,,,,,,,,,,,,,,,,,,,,,,,,,
,,,,,,,,10/20/26,,,,,12/17/26,,01/06/27,,,,,,,,,,,,,,,NO,,,,,,,,,,,,,,,,,,,,,,,,,,,,,,,,,,,,,,,
,,,,Onskid,DTE-TAG,,,see #1,,,,,12/17/26,,see #1,,,,,,,,,,01/20/27,,,,,NO,,,,,,,,,,,,,,,,,,,,,,,,,,,,,,,,,,,,,,,
,,,,,,,,10/21/26,,,,,12/18/26,,01/07/27,,,,,,,,,,,,,,,NO,,,,,,,,,,,,,,,,,,,,,,,,,,,,,,,,,,,,,,,
,,,,,,,,10/21/26,,,,,12/18/26,,01/07/27,,,,,,,,,,,,,,,NO,,,,,,,,,,,,,,,,,,,,,,,,,,,,,,,,,,,,,,,
,,,,Onskid,CVX-DC,,,see #1,,,,,12/18/26,,see #1,,,,,,,,,,01/28/27,,,,,NO,,,,,,,,,,,,,,,,,,,,,,,,,,,,,,,,,,,,,,,
,,,,,,,,10/22/26,,,,,12/21/26,,01/08/27,,,,,,,,,,,,,,,NO,,,,,,,,,,,,,,,,,,,,,,,,,,,,,,,,,,,,,,,
,,,,,,,,10/22/26,,,,,12/21/26,,01/08/27,,,,,,,,,,,,,,,NO,,,,,,,,,,,,,,,,,,,,,,,,,,,,,,,,,,,,,,,
,,,,,,,,10/22/26,,,,,12/21/26,,01/08/27,,,,,,,,,,,,,,,NO,,,,,,,,,,,,,,,,,,,,,,,,,,,,,,,,,,,,,,,
,,,,,,,,10/23/26,,,,,12/22/26,,01/11/27,,,,,,,,,,,,,,,NO,,,,,,,,,,,,,,,,,,,,,,,,,,,,,,,,,,,,,,,
,,,,Onskid,EQM-H,,,10/23/26,,,,,12/22/26,,01/11/27,,,,,,,,,,01/26/27,,,,,NO,,,,,,,,,,,,,,,,,,,,,,,,,,,,,,,,,,,,,,,
,,,,Onskid,EQM-H,,,see #1,,,,,12/22/26,,see #1,,,,,,,,,,01/29/27,,,,,NO,,,,,,,,,,,,,,,,,,,,,,,,,,,,,,,,,,,,,,,
,,,,,,,,10/26/26,,,,,12/23/26,,01/12/27,,,,,,,,,,,,,,,NO,,,,,,,,,,,,,,,,,,,,,,,,,,,,,,,,,,,,,,,
,,,,,,,,10/26/26,,,,,12/23/26,,01/12/27,,,,,,,,,,,,,,,NO,,,,,,,,,,,,,,,,,,,,,,,,,,,,,,,,,,,,,,,
,,,,,,,,10/26/26,,,,,12/23/26,,01/12/27,,,,,,,,,,,,,,,NO,,,,,,,,,,,,,,,,,,,,,,,,,,,,,,,,,,,,,,,
,,,,Onskid,STKAE1,,,see #1,,,,,01/04/27,,see #1,,,,,,,,,,,,,,,NO,,,,,,,,,,,,,,,,,,,,,,,,,,,,,,,,,,,,,,,
,,,,,,,,10/27/26,,,,,01/04/27,,01/13/27,,,,,,,,,,,,,,,NO,,,,,,,,,,,,,,,,,,,,,,,,,,,,,,,,,,,,,,,
,,,,,,,,10/27/26,,,,,01/04/27,,01/13/27,,,,,,,,,,,,,,,NO,,,,,,,,,,,,,,,,,,,,,,,,,,,,,,,,,,,,,,,
,,,,,,,,10/28/26,,,,,01/05/27,,01/14/27,,,,,,,,,,,,,,,NO,,,,,,,,,,,,,,,,,,,,,,,,,,,,,,,,,,,,,,,
,,,,Onskid,WILSTY2,,,10/28/26,,,,,01/05/27,,01/14/27,,,,,,,,,,,,,,,NO,,,,,,,,,,,,,,,,,,,,,,,,,,,,,,,,,,,,,,,
,,,,,,,,10/28/26,,,,,01/05/27,,01/14/27,,,,,,,,,,,,,,,NO,,,,,,,,,,,,,,,,,,,,,,,,,,,,,,,,,,,,,,,
,,,,Onskid,ENSTR-M,,,10/29/26,,,,,01/06/27,,01/15/27,,,,,,,,,,01/29/27,,,,,NO,,,,,,,,,,,,,,,,,,,,,,,,,,,,,,,,,,,,,,,
,,,,,,,,10/29/26,,,,,01/06/27,,01/15/27,,,,,,,,,,,,,,,NO,,,,,,,,,,,,,,,,,,,,,,,,,,,,,,,,,,,,,,,
,,,,,,,,10/29/26,,,,,01/06/27,,01/15/27,,,,,,,,,,,,,,,NO,,,,,,,,,,,,,,,,,,,,,,,,,,,,,,,,,,,,,,,
,,,,Onskid,CVX-DC,,,see #1,,,,,01/07/27,,see #1,,,,,,,,,,02/11/27,,,,,NO,,,,,,,,,,,,,,,,,,,,,,,,,,,,,,,,,,,,,,,
,,,,Onskid,STOCK2,,,see #1,,,,,01/07/27,,see #1,,,,,,,,,,02/01/27,,,,,NO,,,,,,,,,,,,,,,,,,,,,,,,,,,,,,,,,,,,,,,
,,,,,,,,10/30/26,,,,,01/07/27,,01/19/27,,,,,,,,,,,,,,,NO,,,,,,,,,,,,,,,,,,,,,,,,,,,,,,,,,,,,,,,
,,,,Onskid,ENB-D,,,see #1,,,,,01/08/27,,see #1,,,,,,,,,,02/02/27,,,,,NO,,,,,,,,,,,,,,,,,,,,,,,,,,,,,,,,,,,,,,,
,,,,,,,,11/02/26,,,,,01/08/27,,01/20/27,,,,,,,,,,,,,,,NO,,,,,,,,,,,,,,,,,,,,,,,,,,,,,,,,,,,,,,,
,,,,,,,,11/02/26,,,,,01/08/27,,01/20/27,,,,,,,,,,,,,,,NO,,,,,,,,,,,,,,,,,,,,,,,,,,,,,,,,,,,,,,,
,,,,Onskid,BWP-FOR,,,11/03/26,,,,,01/11/27,,01/21/27,,,,,,,,,,02/16/27,,,,,NO,,,,,,,,,,,,,,,,,,,,,,,,,,,,,,,,,,,,,,,
,,,,,,,,11/03/26,,,,,01/11/27,,01/21/27,,,,,,,,,,,,,,,NO,,,,,,,,,,,,,,,,,,,,,,,,,,,,,,,,,,,,,,,
,,,,,,,,11/03/26,,,,,01/11/27,,01/21/27,,,,,,,,,,,,,,,NO,,,,,,,,,,,,,,,,,,,,,,,,,,,,,,,,,,,,,,,
,,,,Onskid,STOCK2,,,see #1,,,,,01/12/27,,see #1,,,,,,,,,,02/04/27,,,,,NO,,,,,,,,,,,,,,,,,,,,,,,,,,,,,,,,,,,,,,,
,,,,,,,,11/04/26,,,,,01/12/27,,01/22/27,,,,,,,,,,,,,,,NO,,,,,,,,,,,,,,,,,,,,,,,,,,,,,,,,,,,,,,,
,,,,,,,,11/04/26,,,,,01/12/27,,01/22/27,,,,,,,,,,,,,,,NO,,,,,,,,,,,,,,,,,,,,,,,,,,,,,,,,,,,,,,,
,,,,Onskid,ENB-ATH,,,11/05/26,,,,,01/13/27,,01/25/27,,,,,,,,,,02/05/27,,,,,NO,,,,,,,,,,,,,,,,,,,,,,,,,,,,,,,,,,,,,,,
,,,,,,,,11/05/26,,,,,01/13/27,,01/25/27,,,,,,,,,,,,,,,NO,,,,,,,,,,,,,,,,,,,,,,,,,,,,,,,,,,,,,,,
,,,,,,,,11/05/26,,,,,01/13/27,,01/25/27,,,,,,,,,,,,,,,NO,,,,,,,,,,,,,,,,,,,,,,,,,,,,,,,,,,,,,,,
,,,,,,,,11/06/26,,,,,01/14/27,,01/26/27,,,,,,,,,,,,,,,NO,,,,,,,,,,,,,,,,,,,,,,,,,,,,,,,,,,,,,,,
,,,,Onskid,WILSTY2,,,see #1,,,,,01/14/27,,see #1,,,,,,,,,,,,,,,NO,,,,,,,,,,,,,,,,,,,,,,,,,,,,,,,,,,,,,,,
,,,,Onskid,EQM-H,,,see #1,,,,,01/14/27,,see #1,,,,,,,,,,02/08/27,,,,,NO,,,,,,,,,,,,,,,,,,,,,,,,,,,,,,,,,,,,,,,
,,,,Onskid,STOCK2,,,see #1,,,,,01/15/27,,see #1,,,,,,,,,,02/09/27,,,,,NO,,,,,,,,,,,,,,,,,,,,,,,,,,,,,,,,,,,,,,,
,,,,,,,,11/09/26,,,,,01/15/27,,01/27/27,,,,,,,,,,,,,,,NO,,,,,,,,,,,,,,,,,,,,,,,,,,,,,,,,,,,,,,,
,,,,,,,,11/09/26,,,,,01/15/27,,01/27/27,,,,,,,,,,,,,,,NO,,,,,,,,,,,,,,,,,,,,,,,,,,,,,,,,,,,,,,,
,,,,Onskid,ENB-ATH,,,see #1,,,,,01/19/27,,see #1,,,,,,,,,,02/10/27,,,,,NO,,,,,,,,,,,,,,,,,,,,,,,,,,,,,,,,,,,,,,,
,,,,Onskid,CVX-DC,,,see #1,,,,,01/19/27,,see #1,,,,,,,,,,02/25/27,,,,,NO,,,,,,,,,,,,,,,,,,,,,,,,,,,,,,,,,,,,,,,
,,,,,,,,11/10/26,,,,,01/19/27,,01/28/27,,,,,,,,,,,,,,,NO,,,,,,,,,,,,,,,,,,,,,,,,,,,,,,,,,,,,,,,
,,,,Onskid,EQM-H,,,see #1,,,,,01/20/27,,see #1,,,,,,,,,,02/11/27,,,,,NO,,,,,,,,,,,,,,,,,,,,,,,,,,,,,,,,,,,,,,,
,,,,,,,,11/11/26,,,,,01/20/27,,01/29/27,,,,,,,,,,,,,,,NO,,,,,,,,,,,,,,,,,,,,,,,,,,,,,,,,,,,,,,,
,,,,,,,,11/11/26,,,,,01/20/27,,01/29/27,,,,,,,,,,,,,,,NO,,,,,,,,,,,,,,,,,,,,,,,,,,,,,,,,,,,,,,,
,,,,Onskid,STOCK2,,,see #1,,,,,01/21/27,,see #1,,,,,,,,,,02/12/27,,,,,NO,,,,,,,,,,,,,,,,,,,,,,,,,,,,,,,,,,,,,,,
,,,,,,,,11/12/26,,,,,01/21/27,,02/01/27,,,,,,,,,,,,,,,NO,,,,,,,,,,,,,,,,,,,,,,,,,,,,,,,,,,,,,,,
,,,,,,,,11/12/26,,,,,01/21/27,,02/01/27,,,,,,,,,,,,,,,NO,,,,,,,,,,,,,,,,,,,,,,,,,,,,,,,,,,,,,,,
,,,,,,,,11/13/26,,,,,01/22/27,,02/02/27,,,,,,,,,,,,,,,NO,,,,,,,,,,,,,,,,,,,,,,,,,,,,,,,,,,,,,,,
,,,,,,,,11/13/26,,,,,01/22/27,,02/02/27,,,,,,,,,,,,,,,NO,,,,,,,,,,,,,,,,,,,,,,,,,,,,,,,,,,,,,,,
,,,,,,,,11/13/26,,,,,01/22/27,,02/02/27,,,,,,,,,,,,,,,NO,,,,,,,,,,,,,,,,,,,,,,,,,,,,,,,,,,,,,,,
,,,,Onskid,WILSTY2,,,see #1,,,,,01/25/27,,see #1,,,,,,,,,,,,,,,NO,,,,,,,,,,,,,,,,,,,,,,,,,,,,,,,,,,,,,,,
,,,,,,,,11/16/26,,,,,01/25/27,,02/03/27,,,,,,,,,,,,,,,NO,,,,,,,,,,,,,,,,,,,,,,,,,,,,,,,,,,,,,,,
,,,,,,,,11/16/26,,,,,01/25/27,,02/03/27,,,,,,,,,,,,,,,NO,,,,,,,,,,,,,,,,,,,,,,,,,,,,,,,,,,,,,,,
,,,,,,,,11/17/26,,,,,01/26/27,,02/04/27,,,,,,,,,,,,,,,NO,,,,,,,,,,,,,,,,,,,,,,,,,,,,,,,,,,,,,,,
,,,,,,,,11/17/26,,,,,01/26/27,,02/04/27,,,,,,,,,,,,,,,NO,,,,,,,,,,,,,,,,,,,,,,,,,,,,,,,,,,,,,,,
,,,,,,,,11/17/26,,,,,01/26/27,,02/04/27,,,,,,,,,,,,,,,NO,,,,,,,,,,,,,,,,,,,,,,,,,,,,,,,,,,,,,,,
,,,,Onskid,STKAE1,,,see #1,,,,,01/27/27,,see #1,,,,,,,,,,,,,,,NO,,,,,,,,,,,,,,,,,,,,,,,,,,,,,,,,,,,,,,,
,,,,,,,,11/18/26,,,,,01/27/27,,02/05/27,,,,,,,,,,,,,,,NO,,,,,,,,,,,,,,,,,,,,,,,,,,,,,,,,,,,,,,,
,,,,,,,,11/18/26,,,,,01/27/27,,02/05/27,,,,,,,,,,,,,,,NO,,,,,,,,,,,,,,,,,,,,,,,,,,,,,,,,,,,,,,,
,,,,,,,,11/19/26,,,,,01/28/27,,02/08/27,,,,,,,,,,,,,,,NO,,,,,,,,,,,,,,,,,,,,,,,,,,,,,,,,,,,,,,,
,,,,,,,,11/19/26,,,,,01/28/27,,02/08/27,,,,,,,,,,,,,,,NO,,,,,,,,,,,,,,,,,,,,,,,,,,,,,,,,,,,,,,,
,,,,Onskid,CVX-DC,,,see #1,,,,,01/28/27,,see #1,,,,,,,,,,03/11/27,,,,,NO,,,,,,,,,,,,,,,,,,,,,,,,,,,,,,,,,,,,,,,
,,,,,,,,11/20/26,,,,,01/29/27,,02/09/27,,,,,,,,,,,,,,,NO,,,,,,,,,,,,,,,,,,,,,,,,,,,,,,,,,,,,,,,
,,,,NTB,BBS-BE2,,,see #1,,,,,01/29/27,,see #1,,,,,,,,,,03/10/27,,,,,NO,,,,,,,,,,,,,,,,,,,,,,,,,,,,,,,,,,,,,,,
,,,,,,,,11/20/26,,,,,01/29/27,,02/09/27,,,,,,,,,,,,,,,NO,,,,,,,,,,,,,,,,,,,,,,,,,,,,,,,,,,,,,,,
,,,,NTB,GUPCO-C,,,11/23/26,,,,,02/01/27,,02/10/27,,,,,,,,,,02/22/27,,,,,NO,,,,,,,,,,,,,,,,,,,,,,,,,,,,,,,,,,,,,,,
,,,,Onskid,WILSTY2,,,see #1,,,,,02/01/27,,see #1,,,,,,,,,,,,,,,NO,,,,,,,,,,,,,,,,,,,,,,,,,,,,,,,,,,,,,,,
,,,,,,,,11/23/26,,,,,02/01/27,,02/10/27,,,,,,,,,,,,,,,NO,,,,,,,,,,,,,,,,,,,,,,,,,,,,,,,,,,,,,,,
,,,,,,,,11/24/26,,,,,02/02/27,,02/11/27,,,,,,,,,,,,,,,NO,,,,,,,,,,,,,,,,,,,,,,,,,,,,,,,,,,,,,,,
,,,,,,,,11/24/26,,,,,02/02/27,,02/11/27,,,,,,,,,,,,,,,NO,,,,,,,,,,,,,,,,,,,,,,,,,,,,,,,,,,,,,,,
,,,,,,,,11/24/26,,,,,02/02/27,,02/11/27,,,,,,,,,,,,,,,NO,,,,,,,,,,,,,,,,,,,,,,,,,,,,,,,,,,,,,,,
,,,,,,,,11/25/26,,,,,02/03/27,,02/12/27,,,,,,,,,,,,,,,NO,,,,,,,,,,,,,,,,,,,,,,,,,,,,,,,,,,,,,,,
,,,,,,,,11/25/26,,,,,02/03/27,,02/12/27,,,,,,,,,,,,,,,NO,,,,,,,,,,,,,,,,,,,,,,,,,,,,,,,,,,,,,,,
,,,,,,,,11/25/26,,,,,02/03/27,,02/12/27,,,,,,,,,,,,,,,NO,,,,,,,,,,,,,,,,,,,,,,,,,,,,,,,,,,,,,,,
,,,,,,,,11/30/26,,,,,02/04/27,,02/15/27,,,,,,,,,,,,,,,NO,,,,,,,,,,,,,,,,,,,,,,,,,,,,,,,,,,,,,,,
,,,,,,,,11/30/26,,,,,02/04/27,,02/15/27,,,,,,,,,,,,,,,NO,,,,,,,,,,,,,,,,,,,,,,,,,,,,,,,,,,,,,,,
,,,,Onskid,WILSTY2,,,see #1,,,,,02/04/27,,see #1,,,,,,,,,,,,,,,NO,,,,,,,,,,,,,,,,,,,,,,,,,,,,,,,,,,,,,,,
,,,,,,,,12/01/26,,,,,02/05/27,,02/16/27,,,,,,,,,,,,,,,NO,,,,,,,,,,,,,,,,,,,,,,,,,,,,,,,,,,,,,,,
,,,,Onskid,STKAE1,,,see #1,,,,,02/05/27,,see #1,,,,,,,,,,,,,,,NO,,,,,,,,,,,,,,,,,,,,,,,,,,,,,,,,,,,,,,,
,,,,,,,,12/01/26,,,,,02/05/27,,02/16/27,,,,,,,,,,,,,,,NO,,,,,,,,,,,,,,,,,,,,,,,,,,,,,,,,,,,,,,,
,,,,Onskid,CSW-350,,,12/02/26,,,,,02/08/27,,02/17/27,,,,,,,,,,04/08/27,,,,,NO,,,,,,,,,,,,,,,,,,,,,,,,,,,,,,,,,,,,,,,
,,,,,,,,12/02/26,,,,,02/08/27,,02/17/27,,,,,,,,,,,,,,,NO,,,,,,,,,,,,,,,,,,,,,,,,,,,,,,,,,,,,,,,
,,,,,,,,12/02/26,,,,,02/08/27,,02/17/27,,,,,,,,,,,,,,,NO,,,,,,,,,,,,,,,,,,,,,,,,,,,,,,,,,,,,,,,
,,,,Onskid,WILSTY2,,,see #1,,,,,02/09/27,,see #1,,,,,,,,,,,,,,,NO,,,,,,,,,,,,,,,,,,,,,,,,,,,,,,,,,,,,,,,
,,,,,,,,12/03/26,,,,,02/09/27,,02/18/27,,,,,,,,,,,,,,,NO,,,,,,,,,,,,,,,,,,,,,,,,,,,,,,,,,,,,,,,
,,,,,,,,12/03/26,,,,,02/09/27,,02/18/27,,,,,,,,,,,,,,,NO,,,,,,,,,,,,,,,,,,,,,,,,,,,,,,,,,,,,,,,
,,,,,,,,12/04/26,,,,,02/10/27,,02/19/27,,,,,,,,,,,,,,,NO,,,,,,,,,,,,,,,,,,,,,,,,,,,,,,,,,,,,,,,
,,,,,,,,12/04/26,,,,,02/10/27,,02/19/27,,,,,,,,,,,,,,,NO,,,,,,,,,,,,,,,,,,,,,,,,,,,,,,,,,,,,,,,
,,,,,,,,12/04/26,,,,,02/10/27,,02/19/27,,,,,,,,,,,,,,,NO,,,,,,,,,,,,,,,,,,,,,,,,,,,,,,,,,,,,,,,
,,,,Offskid,GUPCO-C,,,12/07/26,,,,,02/11/27,,02/22/27,,,,,,,,,,03/09/27,,,,,NO,,,,,,,,,,,,,,,,,,,,,,,,,,,,,,,,,,,,,,,
,,,,,,,,12/07/26,,,,,02/11/27,,02/22/27,,,,,,,,,,,,,,,NO,,,,,,,,,,,,,,,,,,,,,,,,,,,,,,,,,,,,,,,
,,,,Onskid,WILSTY2,,,see #1,,,,,02/11/27,,see #1,,,,,,,,,,,,,,,NO,,,,,,,,,,,,,,,,,,,,,,,,,,,,,,,,,,,,,,,
,,,,Onskid,TAG-I,,,12/08/26,,,,,02/12/27,,02/23/27,,,,,,,,,,,,,,,NO,,,,,,,,,,,,,,,,,,,,,,,,,,,,,,,,,,,,,,,
,,,,Onskid,GCDN-C,,,12/08/26,,,,,02/12/27,,02/23/27,,,,,,,,,,,,,,,NO,,,,,,,,,,,,,,,,,,,,,,,,,,,,,,,,,,,,,,,
,,,,Offskid,BBS-BE2,,,see #1,,,,,02/12/27,,see #1,,,,,,,,,,03/23/27,,,,,NO,,,,,,,,,,,,,,,,,,,,,,,,,,,,,,,,,,,,,,,
,,,,,,,,12/09/26,,,,,02/15/27,,02/24/27,,,,,,,,,,,,,,,NO,,,,,,,,,,,,,,,,,,,,,,,,,,,,,,,,,,,,,,,
,,,,,,,,12/09/26,,,,,02/15/27,,02/24/27,,,,,,,,,,,,,,,NO,,,,,,,,,,,,,,,,,,,,,,,,,,,,,,,,,,,,,,,
,,,,,,,,12/09/26,,,,,02/15/27,,02/24/27,,,,,,,,,,,,,,,NO,,,,,,,,,,,,,,,,,,,,,,,,,,,,,,,,,,,,,,,
,,,,,,,,12/10/26,,,,,02/16/27,,02/25/27,,,,,,,,,,,,,,,NO,,,,,,,,,,,,,,,,,,,,,,,,,,,,,,,,,,,,,,,
,,,,,,,,12/10/26,,,,,02/16/27,,02/25/27,,,,,,,,,,,,,,,NO,,,,,,,,,,,,,,,,,,,,,,,,,,,,,,,,,,,,,,,
,,,,,,,,12/10/26,,,,,02/16/27,,02/25/27,,,,,,,,,,,,,,,NO,,,,,,,,,,,,,,,,,,,,,,,,,,,,,,,,,,,,,,,
,,,,Onskid,WILSTY2,,,see #1,,,,,02/17/27,,see #1,,,,,,,,,,,,,,,NO,,,,,,,,,,,,,,,,,,,,,,,,,,,,,,,,,,,,,,,
,,,,Onskid,CVX-DC,,,see #1,,,,,02/17/27,,see #1,,,,,,,,,,03/25/27,,,,,NO,,,,,,,,,,,,,,,,,,,,,,,,,,,,,,,,,,,,,,,
,,,,,,,,12/11/26,,,,,02/17/27,,02/26/27,,,,,,,,,,,,,,,NO,,,,,,,,,,,,,,,,,,,,,,,,,,,,,,,,,,,,,,,
,,,,Onskid,TAG-I,,,see #1,,,,,02/18/27,,see #1,,,,,,,,,,,,,,,NO,,,,,,,,,,,,,,,,,,,,,,,,,,,,,,,,,,,,,,,
,,,,,,,,12/14/26,,,,,02/18/27,,03/01/27,,,,,,,,,,,,,,,NO,,,,,,,,,,,,,,,,,,,,,,,,,,,,,,,,,,,,,,,
,,,,,,,,12/14/26,,,,,02/18/27,,03/01/27,,,,,,,,,,,,,,,NO,,,,,,,,,,,,,,,,,,,,,,,,,,,,,,,,,,,,,,,
,,,,,,,,12/15/26,,,,,02/19/27,,03/02/27,,,,,,,,,,,,,,,NO,,,,,,,,,,,,,,,,,,,,,,,,,,,,,,,,,,,,,,,
,,,,,,,,12/15/26,,,,,02/19/27,,03/02/27,,,,,,,,,,,,,,,NO,,,,,,,,,,,,,,,,,,,,,,,,,,,,,,,,,,,,,,,
,,,,,,,,12/15/26,,,,,02/19/27,,03/02/27,,,,,,,,,,,,,,,NO,,,,,,,,,,,,,,,,,,,,,,,,,,,,,,,,,,,,,,,
,,,,Onskid,WILSTY2,,,see #1,,,,,02/22/27,,see #1,,,,,,,,,,,,,,,NO,,,,,,,,,,,,,,,,,,,,,,,,,,,,,,,,,,,,,,,
,,,,,,,,12/16/26,,,,,02/22/27,,03/03/27,,,,,,,,,,,,,,,NO,,,,,,,,,,,,,,,,,,,,,,,,,,,,,,,,,,,,,,,
,,,,,,,,12/16/26,,,,,02/22/27,,03/03/27,,,,,,,,,,,,,,,NO,,,,,,,,,,,,,,,,,,,,,,,,,,,,,,,,,,,,,,,
,,,,,,,,12/17/26,,,,,02/23/27,,03/04/27,,,,,,,,,,,,,,,NO,,,,,,,,,,,,,,,,,,,,,,,,,,,,,,,,,,,,,,,
,,,,,,,,12/17/26,,,,,02/23/27,,03/04/27,,,,,,,,,,,,,,,NO,,,,,,,,,,,,,,,,,,,,,,,,,,,,,,,,,,,,,,,
,,,,,,,,12/17/26,,,,,02/23/27,,03/04/27,,,,,,,,,,,,,,,NO,,,,,,,,,,,,,,,,,,,,,,,,,,,,,,,,,,,,,,,
,,,,,,,,12/18/26,,,,,02/24/27,,03/05/27,,,,,,,,,,,,,,,NO,,,,,,,,,,,,,,,,,,,,,,,,,,,,,,,,,,,,,,,
,,,,,,,,12/18/26,,,,,02/24/27,,03/05/27,,,,,,,,,,,,,,,NO,,,,,,,,,,,,,,,,,,,,,,,,,,,,,,,,,,,,,,,
,,,,,,,,12/18/26,,,,,02/24/27,,03/05/27,,,,,,,,,,,,,,,NO,,,,,,,,,,,,,,,,,,,,,,,,,,,,,,,,,,,,,,,
,,,,Onskid,WILSTY2,,,see #1,,,,,02/25/27,,see #1,,,,,,,,,,,,,,,NO,,,,,,,,,,,,,,,,,,,,,,,,,,,,,,,,,,,,,,,
,,,,,,,,12/21/26,,,,,02/25/27,,03/08/27,,,,,,,,,,,,,,,NO,,,,,,,,,,,,,,,,,,,,,,,,,,,,,,,,,,,,,,,
,,,,,,,,12/21/26,,,,,02/25/27,,03/08/27,,,,,,,,,,,,,,,NO,,,,,,,,,,,,,,,,,,,,,,,,,,,,,,,,,,,,,,,
,,,,Onskid,CSW-350,,,see #1,,,,,02/26/27,,see #1,,,,,,,,,,04/22/27,,,,,NO,,,,,,,,,,,,,,,,,,,,,,,,,,,,,,,,,,,,,,,
,,,,Onskid,TAG-I,,,see #1,,,,,02/26/27,,see #1,,,,,,,,,,,,,,,NO,,,,,,,,,,,,,,,,,,,,,,,,,,,,,,,,,,,,,,,
,,,,NTB,BBS-KA2,,,see #1,,,,,02/26/27,,see #1,,,,,,,,,,04/08/27,,,,,NO,,,,,,,,,,,,,,,,,,,,,,,,,,,,,,,,,,,,,,,
,,,,Offskid,PENDING-N,,,12/23/26,,,,,03/01/27,,03/10/27,,,,,,,#VALUE!,,,,,,,,NO,,,,,,,,,,,,,,,,,,,,,,,,,,,,,,,,,,,,,,,
,,,,Offskid,SOTHERN MINNESOTA,,,12/23/26,,,,,03/01/27,,03/10/27,,,,,,,03/24/27,,,03/19/27,,,,,NO,,,,,,,,,,,,,,,,,,,,,,,,,,,,,,,,,,,,,,,
,,,,,,,,12/23/26,,,,,03/01/27,,03/10/27,,,,,,,,,,,,,,,NO,,,,,,,,,,,,,,,,,,,,,,,,,,,,,,,,,,,,,,,
,,,,Offskid,PENDING-N,,,01/04/27,,,,,03/02/27,,03/11/27,,,,,,,#VALUE!,,,,,,,,NO,,,,,,,,,,,,,,,,,,,,,,,,,,,,,,,,,,,,,,,
,,,,,,,,01/04/27,,,,,03/02/27,,03/11/27,,,,,,,,,,,,,,,NO,,,,,,,,,,,,,,,,,,,,,,,,,,,,,,,,,,,,,,,
,,,,,,,,01/04/27,,,,,03/02/27,,03/11/27,,,,,,,,,,,,,,,NO,,,,,,,,,,,,,,,,,,,,,,,,,,,,,,,,,,,,,,,
,,,,,,,,01/05/27,,,,,03/03/27,,03/12/27,,,,,,,,,,,,,,,NO,,,,,,,,,,,,,,,,,,,,,,,,,,,,,,,,,,,,,,,
,,,,,,,,01/05/27,,,,,03/03/27,,03/12/27,,,,,,,,,,,,,,,NO,,,,,,,,,,,,,,,,,,,,,,,,,,,,,,,,,,,,,,,
,,,,,,,,01/05/27,,,,,03/03/27,,03/12/27,,,,,,,,,,,,,,,NO,,,,,,,,,,,,,,,,,,,,,,,,,,,,,,,,,,,,,,,
,,,,,,,,01/06/27,,,,,03/04/27,,03/15/27,,,,,,,,,,,,,,,NO,,,,,,,,,,,,,,,,,,,,,,,,,,,,,,,,,,,,,,,
,,,,,,,,01/06/27,,,,,03/04/27,,03/15/27,,,,,,,,,,,,,,,NO,,,,,,,,,,,,,,,,,,,,,,,,,,,,,,,,,,,,,,,
,,,,,,,,01/06/27,,,,,03/04/27,,03/15/27,,,,,,,,,,,,,,,NO,,,,,,,,,,,,,,,,,,,,,,,,,,,,,,,,,,,,,,,
,,,,,,,,01/07/27,,,,,03/05/27,,03/16/27,,,,,,,,,,,,,,,NO,,,,,,,,,,,,,,,,,,,,,,,,,,,,,,,,,,,,,,,
,,,,,,,,01/07/27,,,,,03/05/27,,03/16/27,,,,,,,,,,,,,,,NO,,,,,,,,,,,,,,,,,,,,,,,,,,,,,,,,,,,,,,,
,,,,Onskid,WILSTY2,,,see #1,,,,,03/05/27,,see #1,,,,,,,,,,,,,,,NO,,,,,,,,,,,,,,,,,,,,,,,,,,,,,,,,,,,,,,,
,,,,,,,,01/08/27,,,,,03/08/27,,03/17/27,,,,,,,,,,,,,,,NO,,,,,,,,,,,,,,,,,,,,,,,,,,,,,,,,,,,,,,,
,,,,,,,,01/08/27,,,,,03/08/27,,03/17/27,,,,,,,,,,,,,,,NO,,,,,,,,,,,,,,,,,,,,,,,,,,,,,,,,,,,,,,,
,,,,,,,,01/08/27,,,,,03/08/27,,03/17/27,,,,,,,,,,,,,,,NO,,,,,,,,,,,,,,,,,,,,,,,,,,,,,,,,,,,,,,,
,,,,,,,,01/11/27,,,,,03/09/27,,03/18/27,,,,,,,,,,,,,,,NO,,,,,,,,,,,,,,,,,,,,,,,,,,,,,,,,,,,,,,,
,,,,,,,,01/11/27,,,,,03/09/27,,03/18/27,,,,,,,,,,,,,,,NO,,,,,,,,,,,,,,,,,,,,,,,,,,,,,,,,,,,,,,,
,,,,Offskid,QE-CP4NSC STATION,,,01/11/27,,,,,03/09/27,,03/18/27,,,,,,,04/06/27,,,04/01/27,,,,,NO,,,,,,,,,,,,,,,,,,,,,,,,,,,,,,,,,,,,,,,
,,,,Offskid,QE-CP4NSC STATION,,,see #1,,,,,03/10/27,,see #1,,,,,,,04/06/27,,,04/01/27,,,,,NO,,,,,,,,,,,,,,,,,,,,,,,,,,,,,,,,,,,,,,,
,,,,,,,,01/12/27,,,,,03/10/27,,03/19/27,,,,,,,,,,,,,,,NO,,,,,,,,,,,,,,,,,,,,,,,,,,,,,,,,,,,,,,,
,,,,Onskid,WILSTY2,,,see #1,,,,,03/10/27,,see #1,,,,,,,,,,,,,,,NO,,,,,,,,,,,,,,,,,,,,,,,,,,,,,,,,,,,,,,,
,,,,,,,,01/13/27,,,,,03/11/27,,03/22/27,,,,,,,,,,,,,,,NO,,,,,,,,,,,,,,,,,,,,,,,,,,,,,,,,,,,,,,,
,,,,Onskid,GCDN-C,,,see #1,,,,,03/11/27,,see #1,,,,,,,,,,,,,,,NO,,,,,,,,,,,,,,,,,,,,,,,,,,,,,,,,,,,,,,,
,,,,Onskid,WWM-U,,,01/13/27,,,,,03/11/27,,03/22/27,,,,,,,,,,05/06/27,,,,,NO,,,,,,,,,,,,,,,,,,,,,,,,,,,,,,,,,,,,,,,
,,,,Onskid,WWM-U,,,see #1,,,,,03/12/27,,see #1,,,,,,,,,,05/11/27,,,,,NO,,,,,,,,,,,,,,,,,,,,,,,,,,,,,,,,,,,,,,,
,,,,Offskid,BBS-KA2,,,see #1,,,,,03/12/27,,see #1,,,,,,,,,,04/21/27,,,,,NO,,,,,,,,,,,,,,,,,,,,,,,,,,,,,,,,,,,,,,,
,,,,,,,,01/14/27,,,,,03/12/27,,03/23/27,,,,,,,,,,,,,,,NO,,,,,,,,,,,,,,,,,,,,,,,,,,,,,,,,,,,,,,,
,,,,Onskid,WILSTY2,,,see #1,,,,,03/15/27,,see #1,,,,,,,,,,,,,,,NO,,,,,,,,,,,,,,,,,,,,,,,,,,,,,,,,,,,,,,,
,,,,,,,,01/15/27,,,,,03/15/27,,03/24/27,,,,,,,,,,,,,,,NO,,,,,,,,,,,,,,,,,,,,,,,,,,,,,,,,,,,,,,,
,,,,,,,,01/15/27,,,,,03/15/27,,03/24/27,,,,,,,,,,,,,,,NO,,,,,,,,,,,,,,,,,,,,,,,,,,,,,,,,,,,,,,,
,,,,,,,,01/19/27,,,,,03/16/27,,03/25/27,,,,,,,,,,,,,,,NO,,,,,,,,,,,,,,,,,,,,,,,,,,,,,,,,,,,,,,,
,,,,,,,,01/19/27,,,,,03/16/27,,03/25/27,,,,,,,,,,,,,,,NO,,,,,,,,,,,,,,,,,,,,,,,,,,,,,,,,,,,,,,,
,,,,,,,,01/19/27,,,,,03/16/27,,03/25/27,,,,,,,,,,,,,,,NO,,,,,,,,,,,,,,,,,,,,,,,,,,,,,,,,,,,,,,,
,,,,NTB,BBS-BO2,,,see #1,,,,,03/17/27,,see #1,,,,,,,,,,04/13/27,,,,,NO,,,,,,,,,,,,,,,,,,,,,,,,,,,,,,,,,,,,,,,
,,,,,,,,01/20/27,,,,,03/17/27,,03/26/27,,,,,,,,,,,,,,,NO,,,,,,,,,,,,,,,,,,,,,,,,,,,,,,,,,,,,,,,
,,,,,,,,01/20/27,,,,,03/17/27,,03/26/27,,,,,,,,,,,,,,,NO,,,,,,,,,,,,,,,,,,,,,,,,,,,,,,,,,,,,,,,
,,,,Onskid,WILSTY2,,,see #1,,,,,03/18/27,,see #1,,,,,,,,,,,,,,,NO,,,,,,,,,,,,,,,,,,,,,,,,,,,,,,,,,,,,,,,
,,,,,,,,01/21/27,,,,,03/18/27,,03/29/27,,,,,,,,,,,,,,,NO,,,,,,,,,,,,,,,,,,,,,,,,,,,,,,,,,,,,,,,
,,,,,,,,01/21/27,,,,,03/18/27,,03/29/27,,,,,,,,,,,,,,,NO,,,,,,,,,,,,,,,,,,,,,,,,,,,,,,,,,,,,,,,
,,,,,,,,01/22/27,,,,,03/19/27,,03/30/27,,,,,,,,,,,,,,,NO,,,,,,,,,,,,,,,,,,,,,,,,,,,,,,,,,,,,,,,
,,,,,,,,01/22/27,,,,,03/19/27,,03/30/27,,,,,,,,,,,,,,,NO,,,,,,,,,,,,,,,,,,,,,,,,,,,,,,,,,,,,,,,
,,,,,,,,01/22/27,,,,,03/19/27,,03/30/27,,,,,,,,,,,,,,,NO,,,,,,,,,,,,,,,,,,,,,,,,,,,,,,,,,,,,,,,
,,,,,,,,01/25/27,,,,,03/22/27,,03/31/27,,,,,,,,,,,,,,,NO,,,,,,,,,,,,,,,,,,,,,,,,,,,,,,,,,,,,,,,
,,,,,,,,01/25/27,,,,,03/22/27,,03/31/27,,,,,,,,,,,,,,,NO,,,,,,,,,,,,,,,,,,,,,,,,,,,,,,,,,,,,,,,
,,,,,,,,01/25/27,,,,,03/22/27,,03/31/27,,,,,,,,,,,,,,,NO,,,,,,,,,,,,,,,,,,,,,,,,,,,,,,,,,,,,,,,
,,,,Onskid,WILSTY2,,,see #1,,,,,03/23/27,,see #1,,,,,,,,,,,,,,,NO,,,,,,,,,,,,,,,,,,,,,,,,,,,,,,,,,,,,,,,
,,,,,,,,01/26/27,,,,,03/23/27,,04/01/27,,,,,,,,,,,,,,,NO,,,,,,,,,,,,,,,,,,,,,,,,,,,,,,,,,,,,,,,
,,,,,,,,01/26/27,,,,,03/23/27,,04/01/27,,,,,,,,,,,,,,,NO,,,,,,,,,,,,,,,,,,,,,,,,,,,,,,,,,,,,,,,
,,,,Onskid,APA-PG,,,01/27/27,,,,,03/24/27,,04/02/27,,,,,,,,,,05/07/27,,,,,NO,,,,,,,,,,,,,,,,,,,,,,,,,,,,,,,,,,,,,,,
,,,,,,,,01/27/27,,,,,03/24/27,,04/02/27,,,,,,,,,,,,,,,NO,,,,,,,,,,,,,,,,,,,,,,,,,,,,,,,,,,,,,,,
,,,,,,,,01/27/27,,,,,03/24/27,,04/02/27,,,,,,,,,,,,,,,NO,,,,,,,,,,,,,,,,,,,,,,,,,,,,,,,,,,,,,,,
,,,,,,,,01/28/27,,,,,03/25/27,,04/05/27,,,,,,,,,,,,,,,NO,,,,,,,,,,,,,,,,,,,,,,,,,,,,,,,,,,,,,,,
,,,,,,,,01/28/27,,,,,03/25/27,,04/05/27,,,,,,,,,,,,,,,NO,,,,,,,,,,,,,,,,,,,,,,,,,,,,,,,,,,,,,,,
,,,,,,,,01/28/27,,,,,03/25/27,,04/05/27,,,,,,,,,,,,,,,NO,,,,,,,,,,,,,,,,,,,,,,,,,,,,,,,,,,,,,,,
,,,,,,,,01/29/27,,,,,03/26/27,,04/06/27,,,,,,,,,,,,,,,NO,,,,,,,,,,,,,,,,,,,,,,,,,,,,,,,,,,,,,,,
,,,,NTB,BBS-B2,,,see #1,,,,,03/26/27,,see #1,,,,,,,,,,05/04/27,,,,,NO,,,,,,,,,,,,,,,,,,,,,,,,,,,,,,,,,,,,,,,
,,,,Onskid,STKAE1,,,see #1,,,,,03/26/27,,see #1,,,,,,,,,,,,,,,NO,,,,,,,,,,,,,,,,,,,,,,,,,,,,,,,,,,,,,,,
,,,,Onskid,CSW-350,,,see #1,,,,,03/29/27,,see #1,,,,,,,,,,05/06/27,,,,,NO,,,,,,,,,,,,,,,,,,,,,,,,,,,,,,,,,,,,,,,
,,,,,,,,02/01/27,,,,,03/29/27,,04/07/27,,,,,,,,,,,,,,,NO,,,,,,,,,,,,,,,,,,,,,,,,,,,,,,,,,,,,,,,
,,,,,,,,02/01/27,,,,,03/29/27,,04/07/27,,,,,,,,,,,,,,,NO,,,,,,,,,,,,,,,,,,,,,,,,,,,,,,,,,,,,,,,
,,,,,,,,02/02/27,,,,,03/30/27,,04/08/27,,,,,,,,,,,,,,,NO,,,,,,,,,,,,,,,,,,,,,,,,,,,,,,,,,,,,,,,
,,,,,,,,02/02/27,,,,,03/30/27,,04/08/27,,,,,,,,,,,,,,,NO,,,,,,,,,,,,,,,,,,,,,,,,,,,,,,,,,,,,,,,
,,,,Offskid,BBS-BO2,,,see #1,,,,,03/30/27,,see #1,,,,,,,,,,04/26/27,,,,,NO,,,,,,,,,,,,,,,,,,,,,,,,,,,,,,,,,,,,,,,
,,,,Onskid,WILSTY2,,,see #1,,,,,03/31/27,,see #1,,,,,,,,,,,,,,,NO,,,,,,,,,,,,,,,,,,,,,,,,,,,,,,,,,,,,,,,
,,,,,,,,02/03/27,,,,,03/31/27,,04/09/27,,,,,,,,,,,,,,,NO,,,,,,,,,,,,,,,,,,,,,,,,,,,,,,,,,,,,,,,
,,,,,,,,02/03/27,,,,,03/31/27,,04/09/27,,,,,,,,,,,,,,,NO,,,,,,,,,,,,,,,,,,,,,,,,,,,,,,,,,,,,,,,
,,,,,,,,02/04/27,,,,,04/01/27,,04/12/27,,,,,,,,,,,,,,,NO,,,,,,,,,,,,,,,,,,,,,,,,,,,,,,,,,,,,,,,
,,,,Onskid,STKAE1,,,see #1,,,,,04/01/27,,see #1,,,,,,,,,,,,,,,NO,,,,,,,,,,,,,,,,,,,,,,,,,,,,,,,,,,,,,,,
,,,,Offskid,PENDING-N,,,02/04/27,,,,,04/01/27,,04/12/27,,,,,,,#VALUE!,,,,,,,,NO,,,,,,,,,,,,,,,,,,,,,,,,,,,,,,,,,,,,,,,
,,,,,,,,02/05/27,,,,,04/02/27,,04/13/27,,,,,,,,,,,,,,,NO,,,,,,,,,,,,,,,,,,,,,,,,,,,,,,,,,,,,,,,
,,,,,,,,02/05/27,,,,,04/02/27,,04/13/27,,,,,,,,,,,,,,,NO,,,,,,,,,,,,,,,,,,,,,,,,,,,,,,,,,,,,,,,
,,,,,,,,02/05/27,,,,,04/02/27,,04/13/27,,,,,,,,,,,,,,,NO,,,,,,,,,,,,,,,,,,,,,,,,,,,,,,,,,,,,,,,
,,,,Onskid,CVX-J,,,02/08/27,,,,,04/05/27,,04/14/27,,,,,,,,,,04/28/27,,,,,NO,,,,,,,,,,,,,,,,,,,,,,,,,,,,,,,,,,,,,,,
,,,,,,,,02/08/27,,,,,04/05/27,,04/14/27,,,,,,,,,,,,,,,NO,,,,,,,,,,,,,,,,,,,,,,,,,,,,,,,,,,,,,,,
,,,,,,,,02/08/27,,,,,04/05/27,,04/14/27,,,,,,,,,,,,,,,NO,,,,,,,,,,,,,,,,,,,,,,,,,,,,,,,,,,,,,,,
,,,,,,,,02/09/27,,,,,04/06/27,,04/15/27,,,,,,,,,,,,,,,NO,,,,,,,,,,,,,,,,,,,,,,,,,,,,,,,,,,,,,,,
,,,,,,,,02/09/27,,,,,04/06/27,,04/15/27,,,,,,,,,,,,,,,NO,,,,,,,,,,,,,,,,,,,,,,,,,,,,,,,,,,,,,,,
,,,,,,,,02/09/27,,,,,04/06/27,,04/15/27,,,,,,,,,,,,,,,NO,,,,,,,,,,,,,,,,,,,,,,,,,,,,,,,,,,,,,,,
,,,,,,,,02/10/27,,,,,04/07/27,,04/16/27,,,,,,,,,,,,,,,NO,,,,,,,,,,,,,,,,,,,,,,,,,,,,,,,,,,,,,,,
,,,,,,,,02/10/27,,,,,04/07/27,,04/16/27,,,,,,,,,,,,,,,NO,,,,,,,,,,,,,,,,,,,,,,,,,,,,,,,,,,,,,,,
,,,,,,,,02/10/27,,,,,04/07/27,,04/16/27,,,,,,,,,,,,,,,NO,,,,,,,,,,,,,,,,,,,,,,,,,,,,,,,,,,,,,,,
,,,,,,,,02/11/27,,,,,04/08/27,,04/19/27,,,,,,,,,,,,,,,NO,,,,,,,,,,,,,,,,,,,,,,,,,,,,,,,,,,,,,,,
,,,,,,,,02/11/27,,,,,04/08/27,,04/19/27,,,,,,,,,,,,,,,NO,,,,,,,,,,,,,,,,,,,,,,,,,,,,,,,,,,,,,,,
,,,,,,,,02/11/27,,,,,04/08/27,,04/19/27,,,,,,,,,,,,,,,NO,,,,,,,,,,,,,,,,,,,,,,,,,,,,,,,,,,,,,,,
,,,,Onskid,WILRSP4,,,02/12/27,,,,,04/09/27,,04/20/27,,,,,,,,,,,,,,,NO,,,,,,,,,,,,,,,,,,,,,,,,,,,,,,,,,,,,,,,
,,,,,,,,02/12/27,,,,,04/09/27,,04/20/27,,,,,,,,,,,,,,,NO,,,,,,,,,,,,,,,,,,,,,,,,,,,,,,,,,,,,,,,
,,,,Offskid,BBS-B2,,,see #1,,,,,04/09/27,,see #1,,,,,,,,,,05/17/27,,,,,NO,,,,,,,,,,,,,,,,,,,,,,,,,,,,,,,,,,,,,,,
,,,,Onskid,WILRSP4,,,02/15/27,,,,,04/12/27,,04/21/27,,,,,,,,,,,,,,,NO,,,,,,,,,,,,,,,,,,,,,,,,,,,,,,,,,,,,,,,
,,,,,,,,02/15/27,,,,,04/12/27,,04/21/27,,,,,,,,,,,,,,,NO,,,,,,,,,,,,,,,,,,,,,,,,,,,,,,,,,,,,,,,
,,,,,,,,02/15/27,,,,,04/12/27,,04/21/27,,,,,,,,,,,,,,,NO,,,,,,,,,,,,,,,,,,,,,,,,,,,,,,,,,,,,,,,
,,,,,,,,02/16/27,,,,,04/13/27,,04/22/27,,,,,,,,,,,,,,,NO,,,,,,,,,,,,,,,,,,,,,,,,,,,,,,,,,,,,,,,
,,,,,,,,02/16/27,,,,,04/13/27,,04/22/27,,,,,,,,,,,,,,,NO,,,,,,,,,,,,,,,,,,,,,,,,,,,,,,,,,,,,,,,
,,,,,,,,02/16/27,,,,,04/13/27,,04/22/27,,,,,,,,,,,,,,,NO,,,,,,,,,,,,,,,,,,,,,,,,,,,,,,,,,,,,,,,
,,,,,,,,02/17/27,,,,,04/14/27,,04/23/27,,,,,,,,,,,,,,,NO,,,,,,,,,,,,,,,,,,,,,,,,,,,,,,,,,,,,,,,
,,,,,,,,02/17/27,,,,,04/14/27,,04/23/27,,,,,,,,,,,,,,,NO,,,,,,,,,,,,,,,,,,,,,,,,,,,,,,,,,,,,,,,
,,,,,,,,02/17/27,,,,,04/14/27,,04/23/27,,,,,,,,,,,,,,,NO,,,,,,,,,,,,,,,,,,,,,,,,,,,,,,,,,,,,,,,
,,,,,,,,02/18/27,,,,,04/15/27,,04/26/27,,,,,,,,,,,,,,,NO,,,,,,,,,,,,,,,,,,,,,,,,,,,,,,,,,,,,,,,
,,,,,,,,02/18/27,,,,,04/15/27,,04/26/27,,,,,,,,,,,,,,,NO,,,,,,,,,,,,,,,,,,,,,,,,,,,,,,,,,,,,,,,
,,,,,,,,02/18/27,,,,,04/15/27,,04/26/27,,,,,,,,,,,,,,,NO,,,,,,,,,,,,,,,,,,,,,,,,,,,,,,,,,,,,,,,
,,,,,,,,02/19/27,,,,,04/16/27,,04/27/27,,,,,,,,,,,,,,,NO,,,,,,,,,,,,,,,,,,,,,,,,,,,,,,,,,,,,,,,
,,,,,,,,02/19/27,,,,,04/16/27,,04/27/27,,,,,,,,,,,,,,,NO,,,,,,,,,,,,,,,,,,,,,,,,,,,,,,,,,,,,,,,
,,,,,,,,02/19/27,,,,,04/16/27,,04/27/27,,,,,,,,,,,,,,,NO,,,,,,,,,,,,,,,,,,,,,,,,,,,,,,,,,,,,,,,
,,,,,,,,02/22/27,,,,,04/19/27,,04/28/27,,,,,,,,,,,,,,,NO,,,,,,,,,,,,,,,,,,,,,,,,,,,,,,,,,,,,,,,
,,,,,,,,02/22/27,,,,,04/19/27,,04/28/27,,,,,,,,,,,,,,,NO,,,,,,,,,,,,,,,,,,,,,,,,,,,,,,,,,,,,,,,
,,,,,,,,02/22/27,,,,,04/19/27,,04/28/27,,,,,,,,,,,,,,,NO,,,,,,,,,,,,,,,,,,,,,,,,,,,,,,,,,,,,,,,
,,,,,,,,02/23/27,,,,,04/20/27,,04/29/27,,,,,,,,,,,,,,,NO,,,,,,,,,,,,,,,,,,,,,,,,,,,,,,,,,,,,,,,
,,,,,,,,02/23/27,,,,,04/20/27,,04/29/27,,,,,,,,,,,,,,,NO,,,,,,,,,,,,,,,,,,,,,,,,,,,,,,,,,,,,,,,
,,,,,,,,02/23/27,,,,,04/20/27,,04/29/27,,,,,,,,,,,,,,,NO,,,,,,,,,,,,,,,,,,,,,,,,,,,,,,,,,,,,,,,
,,,,Onskid,STKAE1,,,see #1,,,,,04/21/27,,see #1,,,,,,,,,,,,,,,NO,,,,,,,,,,,,,,,,,,,,,,,,,,,,,,,,,,,,,,,
,,,,,,,,02/24/27,,,,,04/21/27,,04/30/27,,,,,,,,,,,,,,,NO,,,,,,,,,,,,,,,,,,,,,,,,,,,,,,,,,,,,,,,
,,,,,,,,02/24/27,,,,,04/21/27,,04/30/27,,,,,,,,,,,,,,,NO,,,,,,,,,,,,,,,,,,,,,,,,,,,,,,,,,,,,,,,
,,,,,,,,02/25/27,,,,,04/22/27,,05/03/27,,,,,,,,,,,,,,,NO,,,,,,,,,,,,,,,,,,,,,,,,,,,,,,,,,,,,,,,
,,,,,,,,02/25/27,,,,,04/22/27,,05/03/27,,,,,,,,,,,,,,,NO,,,,,,,,,,,,,,,,,,,,,,,,,,,,,,,,,,,,,,,
,,,,,,,,02/25/27,,,,,04/22/27,,05/03/27,,,,,,,,,,,,,,,NO,,,,,,,,,,,,,,,,,,,,,,,,,,,,,,,,,,,,,,,
,,,,,,,,02/26/27,,,,,04/23/27,,05/04/27,,,,,,,,,,,,,,,NO,,,,,,,,,,,,,,,,,,,,,,,,,,,,,,,,,,,,,,,
,,,,,,,,02/26/27,,,,,04/23/27,,05/04/27,,,,,,,,,,,,,,,NO,,,,,,,,,,,,,,,,,,,,,,,,,,,,,,,,,,,,,,,
,,,,,,,,02/26/27,,,,,04/23/27,,05/04/27,,,,,,,,,,,,,,,NO,,,,,,,,,,,,,,,,,,,,,,,,,,,,,,,,,,,,,,,
,,,,,,,,03/01/27,,,,,04/26/27,,05/05/27,,,,,,,,,,,,,,,NO,,,,,,,,,,,,,,,,,,,,,,,,,,,,,,,,,,,,,,,
,,,,,,,,03/01/27,,,,,04/26/27,,05/05/27,,,,,,,,,,,,,,,NO,,,,,,,,,,,,,,,,,,,,,,,,,,,,,,,,,,,,,,,
,,,,,,,,03/01/27,,,,,04/26/27,,05/05/27,,,,,,,,,,,,,,,NO,,,,,,,,,,,,,,,,,,,,,,,,,,,,,,,,,,,,,,,
,,,,,,,,03/02/27,,,,,04/27/27,,05/06/27,,,,,,,,,,,,,,,NO,,,,,,,,,,,,,,,,,,,,,,,,,,,,,,,,,,,,,,,
,,,,,,,,03/02/27,,,,,04/27/27,,05/06/27,,,,,,,,,,,,,,,NO,,,,,,,,,,,,,,,,,,,,,,,,,,,,,,,,,,,,,,,
,,,,,,,,03/02/27,,,,,04/27/27,,05/06/27,,,,,,,,,,,,,,,NO,,,,,,,,,,,,,,,,,,,,,,,,,,,,,,,,,,,,,,,
,,,,,,,,03/03/27,,,,,04/28/27,,05/07/27,,,,,,,,,,,,,,,NO,,,,,,,,,,,,,,,,,,,,,,,,,,,,,,,,,,,,,,,
,,,,,,,,03/03/27,,,,,04/28/27,,05/07/27,,,,,,,,,,,,,,,NO,,,,,,,,,,,,,,,,,,,,,,,,,,,,,,,,,,,,,,,
,,,,,,,,03/03/27,,,,,04/28/27,,05/07/27,,,,,,,,,,,,,,,NO,,,,,,,,,,,,,,,,,,,,,,,,,,,,,,,,,,,,,,,
,,,,Offskid,QE-CP4S,,,03/04/27,,,,,04/29/27,,05/10/27,,,,,,,,,,05/21/27,,,,,NO,,,,,,,,,,,,,,,,,,,,,,,,,,,,,,,,,,,,,,,
,,,,Offskid,QE-CP4S,,,see #1,,,,,04/29/27,,see #1,,,,,,,,,,05/26/27,,,,,NO,,,,,,,,,,,,,,,,,,,,,,,,,,,,,,,,,,,,,,,
,,,,,,,,03/04/27,,,,,04/29/27,,05/10/27,,,,,,,,,,,,,,,NO,,,,,,,,,,,,,,,,,,,,,,,,,,,,,,,,,,,,,,,
,,,,,,,,03/05/27,,,,,04/30/27,,05/11/27,,,,,,,,,,,,,,,NO,,,,,,,,,,,,,,,,,,,,,,,,,,,,,,,,,,,,,,,
,,,,,,,,03/05/27,,,,,04/30/27,,05/11/27,,,,,,,,,,,,,,,NO,,,,,,,,,,,,,,,,,,,,,,,,,,,,,,,,,,,,,,,
,,,,,,,,03/05/27,,,,,04/30/27,,05/11/27,,,,,,,,,,,,,,,NO,,,,,,,,,,,,,,,,,,,,,,,,,,,,,,,,,,,,,,,
,,,,,,,,03/08/27,,,,,05/03/27,,05/12/27,,,,,,,,,,,,,,,NO,,,,,,,,,,,,,,,,,,,,,,,,,,,,,,,,,,,,,,,
,,,,,,,,03/08/27,,,,,05/03/27,,05/12/27,,,,,,,,,,,,,,,NO,,,,,,,,,,,,,,,,,,,,,,,,,,,,,,,,,,,,,,,
,,,,,,,,03/08/27,,,,,05/03/27,,05/12/27,,,,,,,,,,,,,,,NO,,,,,,,,,,,,,,,,,,,,,,,,,,,,,,,,,,,,,,,
,,,,,,,,03/09/27,,,,,05/04/27,,05/13/27,,,,,,,,,,,,,,,NO,,,,,,,,,,,,,,,,,,,,,,,,,,,,,,,,,,,,,,,
,,,,,,,,03/09/27,,,,,05/04/27,,05/13/27,,,,,,,,,,,,,,,NO,,,,,,,,,,,,,,,,,,,,,,,,,,,,,,,,,,,,,,,
,,,,,,,,03/09/27,,,,,05/04/27,,05/13/27,,,,,,,,,,,,,,,NO,,,,,,,,,,,,,,,,,,,,,,,,,,,,,,,,,,,,,,,
,,,,,,,,03/10/27,,,,,05/05/27,,05/14/27,,,,,,,,,,,,,,,NO,,,,,,,,,,,,,,,,,,,,,,,,,,,,,,,,,,,,,,,
,,,,,,,,03/10/27,,,,,05/05/27,,05/14/27,,,,,,,,,,,,,,,NO,,,,,,,,,,,,,,,,,,,,,,,,,,,,,,,,,,,,,,,
,,,,,,,,03/10/27,,,,,05/05/27,,05/14/27,,,,,,,,,,,,,,,NO,,,,,,,,,,,,,,,,,,,,,,,,,,,,,,,,,,,,,,,
,,,,Onskid,CSW-350,,,see #1,,,,,05/06/27,,see #1,,,,,,,,,,06/04/27,,,,,NO,,,,,,,,,,,,,,,,,,,,,,,,,,,,,,,,,,,,,,,
,,,,,,,,03/11/27,,,,,05/06/27,,05/17/27,,,,,,,,,,,,,,,NO,,,,,,,,,,,,,,,,,,,,,,,,,,,,,,,,,,,,,,,
,,,,,,,,03/11/27,,,,,05/06/27,,05/17/27,,,,,,,,,,,,,,,NO,,,,,,,,,,,,,,,,,,,,,,,,,,,,,,,,,,,,,,,
,,,,,,,,03/12/27,,,,,05/07/27,,05/18/27,,,,,,,,,,,,,,,NO,,,,,,,,,,,,,,,,,,,,,,,,,,,,,,,,,,,,,,,
,,,,,,,,03/12/27,,,,,05/07/27,,05/18/27,,,,,,,,,,,,,,,NO,,,,,,,,,,,,,,,,,,,,,,,,,,,,,,,,,,,,,,,
,,,,Offskid,QE-CP4S,,,see #1,,,,,05/07/27,,see #1,,,,,,,,,,06/01/27,,,,,NO,,,,,,,,,,,,,,,,,,,,,,,,,,,,,,,,,,,,,,,
,,,,Offskid,QE-CP4S,,,see #1,,,,,05/10/27,,see #1,,,,,,,,,,06/04/27,,,,,NO,,,,,,,,,,,,,,,,,,,,,,,,,,,,,,,,,,,,,,,
,,,,,,,,03/15/27,,,,,05/10/27,,05/19/27,,,,,,,,,,,,,,,NO,,,,,,,,,,,,,,,,,,,,,,,,,,,,,,,,,,,,,,,
,,,,,,,,03/15/27,,,,,05/10/27,,05/19/27,,,,,,,,,,,,,,,NO,,,,,,,,,,,,,,,,,,,,,,,,,,,,,,,,,,,,,,,
,,,,,,,,03/16/27,,,,,05/11/27,,05/20/27,,,,,,,,,,,,,,,NO,,,,,,,,,,,,,,,,,,,,,,,,,,,,,,,,,,,,,,,
,,,,,,,,03/16/27,,,,,05/11/27,,05/20/27,,,,,,,,,,,,,,,NO,,,,,,,,,,,,,,,,,,,,,,,,,,,,,,,,,,,,,,,
,,,,,,,,03/16/27,,,,,05/11/27,,05/20/27,,,,,,,,,,,,,,,NO,,,,,,,,,,,,,,,,,,,,,,,,,,,,,,,,,,,,,,,
,,,,,,,,03/17/27,,,,,05/12/27,,05/21/27,,,,,,,,,,,,,,,NO,,,,,,,,,,,,,,,,,,,,,,,,,,,,,,,,,,,,,,,
,,,,,,,,03/17/27,,,,,05/12/27,,05/21/27,,,,,,,,,,,,,,,NO,,,,,,,,,,,,,,,,,,,,,,,,,,,,,,,,,,,,,,,
,,,,,,,,03/17/27,,,,,05/12/27,,05/21/27,,,,,,,,,,,,,,,NO,,,,,,,,,,,,,,,,,,,,,,,,,,,,,,,,,,,,,,,
,,,,,,,,03/18/27,,,,,05/13/27,,05/24/27,,,,,,,,,,,,,,,NO,,,,,,,,,,,,,,,,,,,,,,,,,,,,,,,,,,,,,,,
,,,,,,,,03/18/27,,,,,05/13/27,,05/24/27,,,,,,,,,,,,,,,NO,,,,,,,,,,,,,,,,,,,,,,,,,,,,,,,,,,,,,,,
,,,,,,,,03/18/27,,,,,05/13/27,,05/24/27,,,,,,,,,,,,,,,NO,,,,,,,,,,,,,,,,,,,,,,,,,,,,,,,,,,,,,,,
,,,,,,,,03/19/27,,,,,05/14/27,,05/25/27,,,,,,,,,,,,,,,NO,,,,,,,,,,,,,,,,,,,,,,,,,,,,,,,,,,,,,,,
,,,,Onskid,APA-PG,,,see #1,,,,,05/14/27,,see #1,,,,,,,,,,06/21/27,,,,,NO,,,,,,,,,,,,,,,,,,,,,,,,,,,,,,,,,,,,,,,
,,,,,,,,03/19/27,,,,,05/14/27,,05/25/27,,,,,,,,,,,,,,,NO,,,,,,,,,,,,,,,,,,,,,,,,,,,,,,,,,,,,,,,
,,,,,,,,03/22/27,,,,,05/17/27,,05/26/27,,,,,,,,,,,,,,,NO,,,,,,,,,,,,,,,,,,,,,,,,,,,,,,,,,,,,,,,
,,,,,,,,03/22/27,,,,,05/17/27,,05/26/27,,,,,,,,,,,,,,,NO,,,,,,,,,,,,,,,,,,,,,,,,,,,,,,,,,,,,,,,
,,,,,,,,03/22/27,,,,,05/17/27,,05/26/27,,,,,,,,,,,,,,,NO,,,,,,,,,,,,,,,,,,,,,,,,,,,,,,,,,,,,,,,
,,,,,,,,03/23/27,,,,,05/18/27,,05/27/27,,,,,,,,,,,,,,,NO,,,,,,,,,,,,,,,,,,,,,,,,,,,,,,,,,,,,,,,
,,,,,,,,03/23/27,,,,,05/18/27,,05/27/27,,,,,,,,,,,,,,,NO,,,,,,,,,,,,,,,,,,,,,,,,,,,,,,,,,,,,,,,
,,,,,,,,03/23/27,,,,,05/18/27,,05/27/27,,,,,,,,,,,,,,,NO,,,,,,,,,,,,,,,,,,,,,,,,,,,,,,,,,,,,,,,
,,,,Onskid,STOCK,,,see #1,,,,,05/19/27,,see #1,,,,,,,,,,06/11/27,,,,,NO,,,,,,,,,,,,,,,,,,,,,,,,,,,,,,,,,,,,,,,
,,,,,,,,03/24/27,,,,,05/19/27,,05/28/27,,,,,,,,,,,,,,,NO,,,,,,,,,,,,,,,,,,,,,,,,,,,,,,,,,,,,,,,
,,,,,,,,03/24/27,,,,,05/19/27,,05/28/27,,,,,,,,,,,,,,,NO,,,,,,,,,,,,,,,,,,,,,,,,,,,,,,,,,,,,,,,
,,,,,,,,03/25/27,,,,,05/20/27,,06/01/27,,,,,,,,,,,,,,,NO,,,,,,,,,,,,,,,,,,,,,,,,,,,,,,,,,,,,,,,
,,,,,,,,03/25/27,,,,,05/20/27,,06/01/27,,,,,,,,,,,,,,,NO,,,,,,,,,,,,,,,,,,,,,,,,,,,,,,,,,,,,,,,
,,,,,,,,03/25/27,,,,,05/20/27,,06/01/27,,,,,,,,,,,,,,,NO,,,,,,,,,,,,,,,,,,,,,,,,,,,,,,,,,,,,,,,
,,,,,,,,03/26/27,,,,,05/21/27,,06/02/27,,,,,,,,,,,,,,,NO,,,,,,,,,,,,,,,,,,,,,,,,,,,,,,,,,,,,,,,
,,,,,,,,03/26/27,,,,,05/21/27,,06/02/27,,,,,,,,,,,,,,,NO,,,,,,,,,,,,,,,,,,,,,,,,,,,,,,,,,,,,,,,
,,,,,,,,03/26/27,,,,,05/21/27,,06/02/27,,,,,,,,,,,,,,,NO,,,,,,,,,,,,,,,,,,,,,,,,,,,,,,,,,,,,,,,
,,,,Onskid,STOCK,,,see #1,,,,,05/24/27,,see #1,,,,,,,,,,06/16/27,,,,,NO,,,,,,,,,,,,,,,,,,,,,,,,,,,,,,,,,,,,,,,
,,,,,,,,03/29/27,,,,,05/24/27,,06/03/27,,,,,,,,,,,,,,,NO,,,,,,,,,,,,,,,,,,,,,,,,,,,,,,,,,,,,,,,
,,,,,,,,03/29/27,,,,,05/24/27,,06/03/27,,,,,,,,,,,,,,,NO,,,,,,,,,,,,,,,,,,,,,,,,,,,,,,,,,,,,,,,
,,,,,,,,03/30/27,,,,,05/25/27,,06/04/27,,,,,,,,,,,,,,,NO,,,,,,,,,,,,,,,,,,,,,,,,,,,,,,,,,,,,,,,
,,,,,,,,03/30/27,,,,,05/25/27,,06/04/27,,,,,,,,,,,,,,,NO,,,,,,,,,,,,,,,,,,,,,,,,,,,,,,,,,,,,,,,
,,,,,,,,03/30/27,,,,,05/25/27,,06/04/27,,,,,,,,,,,,,,,NO,,,,,,,,,,,,,,,,,,,,,,,,,,,,,,,,,,,,,,,
,,,,,,,,03/31/27,,,,,05/26/27,,06/07/27,,,,,,,,,,,,,,,NO,,,,,,,,,,,,,,,,,,,,,,,,,,,,,,,,,,,,,,,
,,,,,,,,03/31/27,,,,,05/26/27,,06/07/27,,,,,,,,,,,,,,,NO,,,,,,,,,,,,,,,,,,,,,,,,,,,,,,,,,,,,,,,
,,,,,,,,03/31/27,,,,,05/26/27,,06/07/27,,,,,,,,,,,,,,,NO,,,,,,,,,,,,,,,,,,,,,,,,,,,,,,,,,,,,,,,
,,,,,,,,04/01/27,,,,,05/27/27,,06/08/27,,,,,,,,,,,,,,,NO,,,,,,,,,,,,,,,,,,,,,,,,,,,,,,,,,,,,,,,
,,,,,,,,04/01/27,,,,,05/27/27,,06/08/27,,,,,,,,,,,,,,,NO,,,,,,,,,,,,,,,,,,,,,,,,,,,,,,,,,,,,,,,
,,,,,,,,04/01/27,,,,,05/27/27,,06/08/27,,,,,,,,,,,,,,,NO,,,,,,,,,,,,,,,,,,,,,,,,,,,,,,,,,,,,,,,
,,,,,,,,04/02/27,,,,,05/28/27,,06/09/27,,,,,,,,,,,,,,,NO,,,,,,,,,,,,,,,,,,,,,,,,,,,,,,,,,,,,,,,
,,,,,,,,04/02/27,,,,,05/28/27,,06/09/27,,,,,,,,,,,,,,,NO,,,,,,,,,,,,,,,,,,,,,,,,,,,,,,,,,,,,,,,
,,,,,,,,04/02/27,,,,,05/28/27,,06/09/27,,,,,,,,,,,,,,,NO,,,,,,,,,,,,,,,,,,,,,,,,,,,,,,,,,,,,,,,
,,,,Onskid,APA-PG,,,see #1,,,,,06/01/27,,see #1,,,,,,,,,,06/24/27,,,,,NO,,,,,,,,,,,,,,,,,,,,,,,,,,,,,,,,,,,,,,,
,,,,Offskid,PENDING-N,,,04/05/27,,,,,06/01/27,,06/10/27,,,,,,,#VALUE!,,,,,,,,NO,,,,,,,,,,,,,,,,,,,,,,,,,,,,,,,,,,,,,,,
,,,,Offskid,PENDING-N,,,04/05/27,,,,,06/01/27,,06/10/27,,,,,,,#VALUE!,,,,,,,,NO,,,,,,,,,,,,,,,,,,,,,,,,,,,,,,,,,,,,,,,
,,,,Onskid,APA-PG,,,see #1,,,,,06/02/27,,see #1,,,,,,,,,,08/03/27,,,,,NO,,,,,,,,,,,,,,,,,,,,,,,,,,,,,,,,,,,,,,,
,,,,,,,,04/06/27,,,,,06/02/27,,06/11/27,,,,,,,,,,,,,,,NO,,,,,,,,,,,,,,,,,,,,,,,,,,,,,,,,,,,,,,,
,,,,,,,,04/06/27,,,,,06/02/27,,06/11/27,,,,,,,,,,,,,,,NO,,,,,,,,,,,,,,,,,,,,,,,,,,,,,,,,,,,,,,,
,,,,,,,,04/07/27,,,,,06/03/27,,06/14/27,,,,,,,,,,,,,,,NO,,,,,,,,,,,,,,,,,,,,,,,,,,,,,,,,,,,,,,,
,,,,,,,,04/07/27,,,,,06/03/27,,06/14/27,,,,,,,,,,,,,,,NO,,,,,,,,,,,,,,,,,,,,,,,,,,,,,,,,,,,,,,,
,,,,,,,,04/07/27,,,,,06/03/27,,06/14/27,,,,,,,,,,,,,,,NO,,,,,,,,,,,,,,,,,,,,,,,,,,,,,,,,,,,,,,,
,,,,,,,,04/08/27,,,,,06/04/27,,06/15/27,,,,,,,,,,,,,,,NO,,,,,,,,,,,,,,,,,,,,,,,,,,,,,,,,,,,,,,,
,,,,,,,,04/08/27,,,,,06/04/27,,06/15/27,,,,,,,,,,,,,,,NO,,,,,,,,,,,,,,,,,,,,,,,,,,,,,,,,,,,,,,,
,,,,,,,,04/08/27,,,,,06/04/27,,06/15/27,,,,,,,,,,,,,,,NO,,,,,,,,,,,,,,,,,,,,,,,,,,,,,,,,,,,,,,,
,,,,,,,,04/09/27,,,,,06/07/27,,06/16/27,,,,,,,,,,,,,,,NO,,,,,,,,,,,,,,,,,,,,,,,,,,,,,,,,,,,,,,,
,,,,,,,,04/09/27,,,,,06/07/27,,06/16/27,,,,,,,,,,,,,,,NO,,,,,,,,,,,,,,,,,,,,,,,,,,,,,,,,,,,,,,,
,,,,,,,,04/09/27,,,,,06/07/27,,06/16/27,,,,,,,,,,,,,,,NO,,,,,,,,,,,,,,,,,,,,,,,,,,,,,,,,,,,,,,,
,,,,,,,,04/12/27,,,,,06/08/27,,06/17/27,,,,,,,,,,,,,,,NO,,,,,,,,,,,,,,,,,,,,,,,,,,,,,,,,,,,,,,,
,,,,,,,,04/12/27,,,,,06/08/27,,06/17/27,,,,,,,,,,,,,,,NO,,,,,,,,,,,,,,,,,,,,,,,,,,,,,,,,,,,,,,,
,,,,,,,,04/12/27,,,,,06/08/27,,06/17/27,,,,,,,,,,,,,,,NO,,,,,,,,,,,,,,,,,,,,,,,,,,,,,,,,,,,,,,,
,,,,,,,,04/13/27,,,,,06/09/27,,06/18/27,,,,,,,,,,,,,,,NO,,,,,,,,,,,,,,,,,,,,,,,,,,,,,,,,,,,,,,,
,,,,,,,,04/13/27,,,,,06/09/27,,06/18/27,,,,,,,,,,,,,,,NO,,,,,,,,,,,,,,,,,,,,,,,,,,,,,,,,,,,,,,,
,,,,,,,,04/13/27,,,,,06/09/27,,06/18/27,,,,,,,,,,,,,,,NO,,,,,,,,,,,,,,,,,,,,,,,,,,,,,,,,,,,,,,,
,,,,,,,,04/14/27,,,,,06/10/27,,06/21/27,,,,,,,,,,,,,,,NO,,,,,,,,,,,,,,,,,,,,,,,,,,,,,,,,,,,,,,,
,,,,,,,,04/14/27,,,,,06/10/27,,06/21/27,,,,,,,,,,,,,,,NO,,,,,,,,,,,,,,,,,,,,,,,,,,,,,,,,,,,,,,,
,,,,,,,,04/14/27,,,,,06/10/27,,06/21/27,,,,,,,,,,,,,,,NO,,,,,,,,,,,,,,,,,,,,,,,,,,,,,,,,,,,,,,,
,,,,,,,,04/15/27,,,,,06/11/27,,06/22/27,,,,,,,,,,,,,,,NO,,,,,,,,,,,,,,,,,,,,,,,,,,,,,,,,,,,,,,,
,,,,,,,,04/15/27,,,,,06/11/27,,06/22/27,,,,,,,,,,,,,,,NO,,,,,,,,,,,,,,,,,,,,,,,,,,,,,,,,,,,,,,,
,,,,,,,,04/15/27,,,,,06/11/27,,06/22/27,,,,,,,,,,,,,,,NO,,,,,,,,,,,,,,,,,,,,,,,,,,,,,,,,,,,,,,,
,,,,,,,,04/16/27,,,,,06/14/27,,06/23/27,,,,,,,,,,,,,,,NO,,,,,,,,,,,,,,,,,,,,,,,,,,,,,,,,,,,,,,,
,,,,,,,,04/16/27,,,,,06/14/27,,06/23/27,,,,,,,,,,,,,,,NO,,,,,,,,,,,,,,,,,,,,,,,,,,,,,,,,,,,,,,,
,,,,,,,,04/16/27,,,,,06/14/27,,06/23/27,,,,,,,,,,,,,,,NO,,,,,,,,,,,,,,,,,,,,,,,,,,,,,,,,,,,,,,,
,,,,,,,,04/19/27,,,,,06/15/27,,06/24/27,,,,,,,,,,,,,,,NO,,,,,,,,,,,,,,,,,,,,,,,,,,,,,,,,,,,,,,,
,,,,,,,,04/19/27,,,,,06/15/27,,06/24/27,,,,,,,,,,,,,,,NO,,,,,,,,,,,,,,,,,,,,,,,,,,,,,,,,,,,,,,,
,,,,,,,,04/19/27,,,,,06/15/27,,06/24/27,,,,,,,,,,,,,,,NO,,,,,,,,,,,,,,,,,,,,,,,,,,,,,,,,,,,,,,,
,,,,,,,,04/20/27,,,,,06/16/27,,06/25/27,,,,,,,,,,,,,,,NO,,,,,,,,,,,,,,,,,,,,,,,,,,,,,,,,,,,,,,,
,,,,,,,,04/20/27,,,,,06/16/27,,06/25/27,,,,,,,,,,,,,,,NO,,,,,,,,,,,,,,,,,,,,,,,,,,,,,,,,,,,,,,,
,,,,,,,,04/20/27,,,,,06/16/27,,06/25/27,,,,,,,,,,,,,,,NO,,,,,,,,,,,,,,,,,,,,,,,,,,,,,,,,,,,,,,,
,,,,Onskid,CVX-J,,,04/21/27,,,,,06/17/27,,06/28/27,,,,,,,,,,04/28/27,,,,,NO,,,,,,,,,,,,,,,,,,,,,,,,,,,,,,,,,,,,,,,
,,,,,,,,04/21/27,,,,,06/17/27,,06/28/27,,,,,,,,,,,,,,,NO,,,,,,,,,,,,,,,,,,,,,,,,,,,,,,,,,,,,,,,
,,,,,,,,04/21/27,,,,,06/17/27,,06/28/27,,,,,,,,,,,,,,,NO,,,,,,,,,,,,,,,,,,,,,,,,,,,,,,,,,,,,,,,
,,,,,,,,04/22/27,,,,,06/18/27,,06/29/27,,,,,,,,,,,,,,,NO,,,,,,,,,,,,,,,,,,,,,,,,,,,,,,,,,,,,,,,
,,,,,,,,04/22/27,,,,,06/18/27,,06/29/27,,,,,,,,,,,,,,,NO,,,,,,,,,,,,,,,,,,,,,,,,,,,,,,,,,,,,,,,
,,,,,,,,04/22/27,,,,,06/18/27,,06/29/27,,,,,,,,,,,,,,,NO,,,,,,,,,,,,,,,,,,,,,,,,,,,,,,,,,,,,,,,
,,,,,,,,04/23/27,,,,,06/21/27,,06/30/27,,,,,,,,,,,,,,,NO,,,,,,,,,,,,,,,,,,,,,,,,,,,,,,,,,,,,,,,
,,,,,,,,04/23/27,,,,,06/21/27,,06/30/27,,,,,,,,,,,,,,,NO,,,,,,,,,,,,,,,,,,,,,,,,,,,,,,,,,,,,,,,
,,,,,,,,04/23/27,,,,,06/21/27,,06/30/27,,,,,,,,,,,,,,,NO,,,,,,,,,,,,,,,,,,,,,,,,,,,,,,,,,,,,,,,
,,,,,,,,04/26/27,,,,,06/22/27,,07/01/27,,,,,,,,,,,,,,,NO,,,,,,,,,,,,,,,,,,,,,,,,,,,,,,,,,,,,,,,
,,,,,,,,04/26/27,,,,,06/22/27,,07/01/27,,,,,,,,,,,,,,,NO,,,,,,,,,,,,,,,,,,,,,,,,,,,,,,,,,,,,,,,
,,,,,,,,04/26/27,,,,,06/22/27,,07/01/27,,,,,,,,,,,,,,,NO,,,,,,,,,,,,,,,,,,,,,,,,,,,,,,,,,,,,,,,
,,,,,,,,04/27/27,,,,,06/23/27,,07/02/27,,,,,,,,,,,,,,,NO,,,,,,,,,,,,,,,,,,,,,,,,,,,,,,,,,,,,,,,
,,,,,,,,04/27/27,,,,,06/23/27,,07/02/27,,,,,,,,,,,,,,,NO,,,,,,,,,,,,,,,,,,,,,,,,,,,,,,,,,,,,,,,
,,,,,,,,04/27/27,,,,,06/23/27,,07/02/27,,,,,,,,,,,,,,,NO,,,,,,,,,,,,,,,,,,,,,,,,,,,,,,,,,,,,,,,
,,,,,,,,04/28/27,,,,,06/24/27,,07/06/27,,,,,,,,,,,,,,,NO,,,,,,,,,,,,,,,,,,,,,,,,,,,,,,,,,,,,,,,
,,,,,,,,04/28/27,,,,,06/24/27,,07/06/27,,,,,,,,,,,,,,,NO,,,,,,,,,,,,,,,,,,,,,,,,,,,,,,,,,,,,,,,
,,,,,,,,04/28/27,,,,,06/24/27,,07/06/27,,,,,,,,,,,,,,,NO,,,,,,,,,,,,,,,,,,,,,,,,,,,,,,,,,,,,,,,
,,,,,,,,04/29/27,,,,,06/25/27,,07/07/27,,,,,,,,,,,,,,,NO,,,,,,,,,,,,,,,,,,,,,,,,,,,,,,,,,,,,,,,
,,,,,,,,04/29/27,,,,,06/25/27,,07/07/27,,,,,,,,,,,,,,,NO,,,,,,,,,,,,,,,,,,,,,,,,,,,,,,,,,,,,,,,
,,,,,,,,04/29/27,,,,,06/25/27,,07/07/27,,,,,,,,,,,,,,,NO,,,,,,,,,,,,,,,,,,,,,,,,,,,,,,,,,,,,,,,
,,,,,,,,04/30/27,,,,,06/28/27,,07/08/27,,,,,,,,,,,,,,,NO,,,,,,,,,,,,,,,,,,,,,,,,,,,,,,,,,,,,,,,
,,,,,,,,04/30/27,,,,,06/28/27,,07/08/27,,,,,,,,,,,,,,,NO,,,,,,,,,,,,,,,,,,,,,,,,,,,,,,,,,,,,,,,
,,,,,,,,04/30/27,,,,,06/28/27,,07/08/27,,,,,,,,,,,,,,,NO,,,,,,,,,,,,,,,,,,,,,,,,,,,,,,,,,,,,,,,
,,,,,,,,05/03/27,,,,,06/29/27,,07/09/27,,,,,,,,,,,,,,,NO,,,,,,,,,,,,,,,,,,,,,,,,,,,,,,,,,,,,,,,
,,,,,,,,05/03/27,,,,,06/29/27,,07/09/27,,,,,,,,,,,,,,,NO,,,,,,,,,,,,,,,,,,,,,,,,,,,,,,,,,,,,,,,
,,,,,,,,05/03/27,,,,,06/29/27,,07/09/27,,,,,,,,,,,,,,,NO,,,,,,,,,,,,,,,,,,,,,,,,,,,,,,,,,,,,,,,
,,,,,,,,05/04/27,,,,,06/30/27,,07/12/27,,,,,,,,,,,,,,,NO,,,,,,,,,,,,,,,,,,,,,,,,,,,,,,,,,,,,,,,
,,,,,,,,05/04/27,,,,,06/30/27,,07/12/27,,,,,,,,,,,,,,,NO,,,,,,,,,,,,,,,,,,,,,,,,,,,,,,,,,,,,,,,
,,,,Offskid,PENDING-N,,,05/04/27,,,,,06/30/27,,07/12/27,,,,,,,#VALUE!,,,,,,,,NO,,,,,,,,,,,,,,,,,,,,,,,,,,,,,,,,,,,,,,,
,,,,,,,,05/05/27,,,,,07/01/27,,07/13/27,,,,,,,,,,,,,,,NO,,,,,,,,,,,,,,,,,,,,,,,,,,,,,,,,,,,,,,,
,,,,,,,,05/05/27,,,,,07/01/27,,07/13/27,,,,,,,,,,,,,,,NO,,,,,,,,,,,,,,,,,,,,,,,,,,,,,,,,,,,,,,,
,,,,,,,,05/05/27,,,,,07/01/27,,07/13/27,,,,,,,,,,,,,,,NO,,,,,,,,,,,,,,,,,,,,,,,,,,,,,,,,,,,,,,,
,,,,,,,,05/06/27,,,,,07/02/27,,07/14/27,,,,,,,,,,,,,,,NO,,,,,,,,,,,,,,,,,,,,,,,,,,,,,,,,,,,,,,,
,,,,,,,,05/06/27,,,,,07/02/27,,07/14/27,,,,,,,,,,,,,,,NO,,,,,,,,,,,,,,,,,,,,,,,,,,,,,,,,,,,,,,,
,,,,,,,,05/06/27,,,,,07/02/27,,07/14/27,,,,,,,,,,,,,,,NO,,,,,,,,,,,,,,,,,,,,,,,,,,,,,,,,,,,,,,,
,,,,,,,,05/07/27,,,,,07/06/27,,07/15/27,,,,,,,,,,,,,,,NO,,,,,,,,,,,,,,,,,,,,,,,,,,,,,,,,,,,,,,,
,,,,,,,,05/07/27,,,,,07/06/27,,07/15/27,,,,,,,,,,,,,,,NO,,,,,,,,,,,,,,,,,,,,,,,,,,,,,,,,,,,,,,,
,,,,,,,,05/07/27,,,,,07/06/27,,07/15/27,,,,,,,,,,,,,,,NO,,,,,,,,,,,,,,,,,,,,,,,,,,,,,,,,,,,,,,,
,,,,,,,,05/10/27,,,,,07/07/27,,07/16/27,,,,,,,,,,,,,,,NO,,,,,,,,,,,,,,,,,,,,,,,,,,,,,,,,,,,,,,,
,,,,,,,,05/10/27,,,,,07/07/27,,07/16/27,,,,,,,,,,,,,,,NO,,,,,,,,,,,,,,,,,,,,,,,,,,,,,,,,,,,,,,,
,,,,,,,,05/10/27,,,,,07/07/27,,07/16/27,,,,,,,,,,,,,,,NO,,,,,,,,,,,,,,,,,,,,,,,,,,,,,,,,,,,,,,,
,,,,,,,,05/11/27,,,,,07/08/27,,07/19/27,,,,,,,,,,,,,,,NO,,,,,,,,,,,,,,,,,,,,,,,,,,,,,,,,,,,,,,,
,,,,,,,,05/11/27,,,,,07/08/27,,07/19/27,,,,,,,,,,,,,,,NO,,,,,,,,,,,,,,,,,,,,,,,,,,,,,,,,,,,,,,,
,,,,,,,,05/11/27,,,,,07/08/27,,07/19/27,,,,,,,,,,,,,,,NO,,,,,,,,,,,,,,,,,,,,,,,,,,,,,,,,,,,,,,,
,,,,,,,,05/12/27,,,,,07/09/27,,07/20/27,,,,,,,,,,,,,,,NO,,,,,,,,,,,,,,,,,,,,,,,,,,,,,,,,,,,,,,,
,,,,,,,,05/12/27,,,,,07/09/27,,07/20/27,,,,,,,,,,,,,,,NO,,,,,,,,,,,,,,,,,,,,,,,,,,,,,,,,,,,,,,,
,,,,,,,,05/12/27,,,,,07/09/27,,07/20/27,,,,,,,,,,,,,,,NO,,,,,,,,,,,,,,,,,,,,,,,,,,,,,,,,,,,,,,,
,,,,,,,,05/13/27,,,,,07/12/27,,07/21/27,,,,,,,,,,,,,,,NO,,,,,,,,,,,,,,,,,,,,,,,,,,,,,,,,,,,,,,,
,,,,,,,,05/13/27,,,,,07/12/27,,07/21/27,,,,,,,,,,,,,,,NO,,,,,,,,,,,,,,,,,,,,,,,,,,,,,,,,,,,,,,,
,,,,,,,,05/13/27,,,,,07/12/27,,07/21/27,,,,,,,,,,,,,,,NO,,,,,,,,,,,,,,,,,,,,,,,,,,,,,,,,,,,,,,,
,,,,,,,,05/14/27,,,,,07/13/27,,07/22/27,,,,,,,,,,,,,,,NO,,,,,,,,,,,,,,,,,,,,,,,,,,,,,,,,,,,,,,,
,,,,,,,,05/14/27,,,,,07/13/27,,07/22/27,,,,,,,,,,,,,,,NO,,,,,,,,,,,,,,,,,,,,,,,,,,,,,,,,,,,,,,,
,,,,,,,,05/14/27,,,,,07/13/27,,07/22/27,,,,,,,,,,,,,,,NO,,,,,,,,,,,,,,,,,,,,,,,,,,,,,,,,,,,,,,,
,,,,,,,,05/17/27,,,,,07/14/27,,07/23/27,,,,,,,,,,,,,,,NO,,,,,,,,,,,,,,,,,,,,,,,,,,,,,,,,,,,,,,,
,,,,,,,,05/17/27,,,,,07/14/27,,07/23/27,,,,,,,,,,,,,,,NO,,,,,,,,,,,,,,,,,,,,,,,,,,,,,,,,,,,,,,,
,,,,,,,,05/17/27,,,,,07/14/27,,07/23/27,,,,,,,,,,,,,,,NO,,,,,,,,,,,,,,,,,,,,,,,,,,,,,,,,,,,,,,,
,,,,Onskid,APA-PG,,,see #1,,,,,07/15/27,,see #1,,,,,,,,,,08/06/27,,,,,NO,,,,,,,,,,,,,,,,,,,,,,,,,,,,,,,,,,,,,,,
,,,,,,,,05/18/27,,,,,07/15/27,,07/26/27,,,,,,,,,,,,,,,NO,,,,,,,,,,,,,,,,,,,,,,,,,,,,,,,,,,,,,,,
,,,,,,,,05/18/27,,,,,07/15/27,,07/26/27,,,,,,,,,,,,,,,NO,,,,,,,,,,,,,,,,,,,,,,,,,,,,,,,,,,,,,,,
,,,,,,,,05/19/27,,,,,07/16/27,,07/27/27,,,,,,,,,,,,,,,NO,,,,,,,,,,,,,,,,,,,,,,,,,,,,,,,,,,,,,,,
,,,,,,,,05/19/27,,,,,07/16/27,,07/27/27,,,,,,,,,,,,,,,NO,,,,,,,,,,,,,,,,,,,,,,,,,,,,,,,,,,,,,,,
,,,,,,,,05/19/27,,,,,07/16/27,,07/27/27,,,,,,,,,,,,,,,NO,,,,,,,,,,,,,,,,,,,,,,,,,,,,,,,,,,,,,,,
,,,,,,,,05/20/27,,,,,07/19/27,,07/28/27,,,,,,,,,,,,,,,NO,,,,,,,,,,,,,,,,,,,,,,,,,,,,,,,,,,,,,,,
,,,,,,,,05/20/27,,,,,07/19/27,,07/28/27,,,,,,,,,,,,,,,NO,,,,,,,,,,,,,,,,,,,,,,,,,,,,,,,,,,,,,,,
,,,,,,,,05/20/27,,,,,07/19/27,,07/28/27,,,,,,,,,,,,,,,NO,,,,,,,,,,,,,,,,,,,,,,,,,,,,,,,,,,,,,,,
,,,,,,,,05/21/27,,,,,07/20/27,,07/29/27,,,,,,,,,,,,,,,NO,,,,,,,,,,,,,,,,,,,,,,,,,,,,,,,,,,,,,,,
,,,,,,,,05/21/27,,,,,07/20/27,,07/29/27,,,,,,,,,,,,,,,NO,,,,,,,,,,,,,,,,,,,,,,,,,,,,,,,,,,,,,,,
,,,,,,,,05/21/27,,,,,07/20/27,,07/29/27,,,,,,,,,,,,,,,NO,,,,,,,,,,,,,,,,,,,,,,,,,,,,,,,,,,,,,,,
,,,,,,,,05/24/27,,,,,07/21/27,,07/30/27,,,,,,,,,,,,,,,NO,,,,,,,,,,,,,,,,,,,,,,,,,,,,,,,,,,,,,,,
,,,,,,,,05/24/27,,,,,07/21/27,,07/30/27,,,,,,,,,,,,,,,NO,,,,,,,,,,,,,,,,,,,,,,,,,,,,,,,,,,,,,,,
,,,,,,,,05/24/27,,,,,07/21/27,,07/30/27,,,,,,,,,,,,,,,NO,,,,,,,,,,,,,,,,,,,,,,,,,,,,,,,,,,,,,,,
,,,,,,,,05/25/27,,,,,07/22/27,,08/02/27,,,,,,,,,,,,,,,NO,,,,,,,,,,,,,,,,,,,,,,,,,,,,,,,,,,,,,,,
,,,,,,,,05/25/27,,,,,07/22/27,,08/02/27,,,,,,,,,,,,,,,NO,,,,,,,,,,,,,,,,,,,,,,,,,,,,,,,,,,,,,,,
,,,,,,,,05/25/27,,,,,07/22/27,,08/02/27,,,,,,,,,,,,,,,NO,,,,,,,,,,,,,,,,,,,,,,,,,,,,,,,,,,,,,,,
,,,,,,,,05/26/27,,,,,07/23/27,,08/03/27,,,,,,,,,,,,,,,NO,,,,,,,,,,,,,,,,,,,,,,,,,,,,,,,,,,,,,,,
,,,,,,,,05/26/27,,,,,07/23/27,,08/03/27,,,,,,,,,,,,,,,NO,,,,,,,,,,,,,,,,,,,,,,,,,,,,,,,,,,,,,,,
,,,,,,,,05/26/27,,,,,07/23/27,,08/03/27,,,,,,,,,,,,,,,NO,,,,,,,,,,,,,,,,,,,,,,,,,,,,,,,,,,,,,,,
,,,,,,,,05/27/27,,,,,07/26/27,,08/04/27,,,,,,,,,,,,,,,NO,,,,,,,,,,,,,,,,,,,,,,,,,,,,,,,,,,,,,,,
,,,,,,,,05/27/27,,,,,07/26/27,,08/04/27,,,,,,,,,,,,,,,NO,,,,,,,,,,,,,,,,,,,,,,,,,,,,,,,,,,,,,,,
,,,,,,,,05/27/27,,,,,07/26/27,,08/04/27,,,,,,,,,,,,,,,NO,,,,,,,,,,,,,,,,,,,,,,,,,,,,,,,,,,,,,,,
,,,,,,,,05/28/27,,,,,07/27/27,,08/05/27,,,,,,,,,,,,,,,NO,,,,,,,,,,,,,,,,,,,,,,,,,,,,,,,,,,,,,,,
,,,,,,,,05/28/27,,,,,07/27/27,,08/05/27,,,,,,,,,,,,,,,NO,,,,,,,,,,,,,,,,,,,,,,,,,,,,,,,,,,,,,,,
,,,,,,,,05/28/27,,,,,07/27/27,,08/05/27,,,,,,,,,,,,,,,NO,,,,,,,,,,,,,,,,,,,,,,,,,,,,,,,,,,,,,,,
,,,,,,,,06/01/27,,,,,07/28/27,,08/06/27,,,,,,,,,,,,,,,NO,,,,,,,,,,,,,,,,,,,,,,,,,,,,,,,,,,,,,,,
,,,,,,,,06/01/27,,,,,07/28/27,,08/06/27,,,,,,,,,,,,,,,NO,,,,,,,,,,,,,,,,,,,,,,,,,,,,,,,,,,,,,,,
,,,,,,,,06/01/27,,,,,07/28/27,,08/06/27,,,,,,,,,,,,,,,NO,,,,,,,,,,,,,,,,,,,,,,,,,,,,,,,,,,,,,,,
,,,,,,,,06/02/27,,,,,07/29/27,,08/09/27,,,,,,,,,,,,,,,NO,,,,,,,,,,,,,,,,,,,,,,,,,,,,,,,,,,,,,,,
,,,,,,,,06/02/27,,,,,07/29/27,,08/09/27,,,,,,,,,,,,,,,NO,,,,,,,,,,,,,,,,,,,,,,,,,,,,,,,,,,,,,,,
,,,,,,,,06/02/27,,,,,07/29/27,,08/09/27,,,,,,,,,,,,,,,NO,,,,,,,,,,,,,,,,,,,,,,,,,,,,,,,,,,,,,,,
,,,,,,,,06/03/27,,,,,07/30/27,,08/10/27,,,,,,,,,,,,,,,NO,,,,,,,,,,,,,,,,,,,,,,,,,,,,,,,,,,,,,,,
,,,,,,,,06/03/27,,,,,07/30/27,,08/10/27,,,,,,,,,,,,,,,NO,,,,,,,,,,,,,,,,,,,,,,,,,,,,,,,,,,,,,,,
,,,,,,,,06/03/27,,,,,07/30/27,,08/10/27,,,,,,,,,,,,,,,NO,,,,,,,,,,,,,,,,,,,,,,,,,,,,,,,,,,,,,,,
,,,,Offskid,PENDING-N,,,06/04/27,,,,,08/02/27,,08/11/27,,,,,,,#VALUE!,,,,,,,,NO,,,,,,,,,,,,,,,,,,,,,,,,,,,,,,,,,,,,,,,
,,,,,,,,06/04/27,,,,,08/02/27,,08/11/27,,,,,,,,,,,,,,,NO,,,,,,,,,,,,,,,,,,,,,,,,,,,,,,,,,,,,,,,
,,,,,,,,06/04/27,,,,,08/02/27,,08/11/27,,,,,,,,,,,,,,,NO,,,,,,,,,,,,,,,,,,,,,,,,,,,,,,,,,,,,,,,
,,,,,,,,06/07/27,,,,,08/03/27,,08/12/27,,,,,,,,,,,,,,,NO,,,,,,,,,,,,,,,,,,,,,,,,,,,,,,,,,,,,,,,
,,,,,,,,06/07/27,,,,,08/03/27,,08/12/27,,,,,,,,,,,,,,,NO,,,,,,,,,,,,,,,,,,,,,,,,,,,,,,,,,,,,,,,
,,,,,,,,06/07/27,,,,,08/03/27,,08/12/27,,,,,,,,,,,,,,,NO,,,,,,,,,,,,,,,,,,,,,,,,,,,,,,,,,,,,,,,
,,,,,,,,06/08/27,,,,,08/04/27,,08/13/27,,,,,,,,,,,,,,,NO,,,,,,,,,,,,,,,,,,,,,,,,,,,,,,,,,,,,,,,
,,,,Onskid,APA-PG,,,see #1,,,,,08/04/27,,see #1,,,,,,,,,,08/27/27,,,,,NO,,,,,,,,,,,,,,,,,,,,,,,,,,,,,,,,,,,,,,,
,,,,,,,,06/08/27,,,,,08/04/27,,08/13/27,,,,,,,,,,,,,,,NO,,,,,,,,,,,,,,,,,,,,,,,,,,,,,,,,,,,,,,,
,,,,Onskid,LSH70-2,,,06/09/27,,,,,08/05/27,,08/16/27,,,,,,,,,,08/30/27,,,,,NO,,,,,,,,,,,,,,,,,,,,,,,,,,,,,,,,,,,,,,,
,,,,,,,,06/09/27,,,,,08/05/27,,08/16/27,,,,,,,,,,,,,,,NO,,,,,,,,,,,,,,,,,,,,,,,,,,,,,,,,,,,,,,,
,,,,,,,,06/09/27,,,,,08/05/27,,08/16/27,,,,,,,,,,,,,,,NO,,,,,,,,,,,,,,,,,,,,,,,,,,,,,,,,,,,,,,,
,,,,,,,,06/10/27,,,,,08/06/27,,08/17/27,,,,,,,,,,,,,,,NO,,,,,,,,,,,,,,,,,,,,,,,,,,,,,,,,,,,,,,,
,,,,,,,,06/10/27,,,,,08/06/27,,08/17/27,,,,,,,,,,,,,,,NO,,,,,,,,,,,,,,,,,,,,,,,,,,,,,,,,,,,,,,,
,,,,,,,,06/10/27,,,,,08/06/27,,08/17/27,,,,,,,,,,,,,,,NO,,,,,,,,,,,,,,,,,,,,,,,,,,,,,,,,,,,,,,,
,,,,,,,,06/11/27,,,,,08/09/27,,08/18/27,,,,,,,,,,,,,,,NO,,,,,,,,,,,,,,,,,,,,,,,,,,,,,,,,,,,,,,,
,,,,,,,,06/11/27,,,,,08/09/27,,08/18/27,,,,,,,,,,,,,,,NO,,,,,,,,,,,,,,,,,,,,,,,,,,,,,,,,,,,,,,,
,,,,,,,,06/11/27,,,,,08/09/27,,08/18/27,,,,,,,,,,,,,,,NO,,,,,,,,,,,,,,,,,,,,,,,,,,,,,,,,,,,,,,,
,,,,,,,,06/14/27,,,,,08/10/27,,08/19/27,,,,,,,,,,,,,,,NO,,,,,,,,,,,,,,,,,,,,,,,,,,,,,,,,,,,,,,,
,,,,,,,,06/14/27,,,,,08/10/27,,08/19/27,,,,,,,,,,,,,,,NO,,,,,,,,,,,,,,,,,,,,,,,,,,,,,,,,,,,,,,,
,,,,,,,,06/14/27,,,,,08/10/27,,08/19/27,,,,,,,,,,,,,,,NO,,,,,,,,,,,,,,,,,,,,,,,,,,,,,,,,,,,,,,,
,,,,,,,,06/15/27,,,,,08/11/27,,08/20/27,,,,,,,,,,,,,,,NO,,,,,,,,,,,,,,,,,,,,,,,,,,,,,,,,,,,,,,,
,,,,,,,,06/15/27,,,,,08/11/27,,08/20/27,,,,,,,,,,,,,,,NO,,,,,,,,,,,,,,,,,,,,,,,,,,,,,,,,,,,,,,,
,,,,,,,,06/15/27,,,,,08/11/27,,08/20/27,,,,,,,,,,,,,,,NO,,,,,,,,,,,,,,,,,,,,,,,,,,,,,,,,,,,,,,,
,,,,,,,,06/16/27,,,,,08/12/27,,08/23/27,,,,,,,,,,,,,,,NO,,,,,,,,,,,,,,,,,,,,,,,,,,,,,,,,,,,,,,,
,,,,,,,,06/16/27,,,,,08/12/27,,08/23/27,,,,,,,,,,,,,,,NO,,,,,,,,,,,,,,,,,,,,,,,,,,,,,,,,,,,,,,,
,,,,,,,,06/16/27,,,,,08/12/27,,08/23/27,,,,,,,,,,,,,,,NO,,,,,,,,,,,,,,,,,,,,,,,,,,,,,,,,,,,,,,,
,,,,,,,,06/17/27,,,,,08/13/27,,08/24/27,,,,,,,,,,,,,,,NO,,,,,,,,,,,,,,,,,,,,,,,,,,,,,,,,,,,,,,,
,,,,,,,,06/17/27,,,,,08/13/27,,08/24/27,,,,,,,,,,,,,,,NO,,,,,,,,,,,,,,,,,,,,,,,,,,,,,,,,,,,,,,,
,,,,,,,,06/17/27,,,,,08/13/27,,08/24/27,,,,,,,,,,,,,,,NO,,,,,,,,,,,,,,,,,,,,,,,,,,,,,,,,,,,,,,,
,,,,Onskid,LONG130,,,06/18/27,,,,,08/16/27,,08/25/27,,,,,,,,,,06/07/29,,,,,NO,,,,,,,,,,,,,,,,,,,,,,,,,,,,,,,,,,,,,,,
,,,,,,,,06/18/27,,,,,08/16/27,,08/25/27,,,,,,,,,,,,,,,NO,,,,,,,,,,,,,,,,,,,,,,,,,,,,,,,,,,,,,,,
,,,,,,,,06/18/27,,,,,08/16/27,,08/25/27,,,,,,,,,,,,,,,NO,,,,,,,,,,,,,,,,,,,,,,,,,,,,,,,,,,,,,,,
,,,,,,,,06/21/27,,,,,08/17/27,,08/26/27,,,,,,,,,,,,,,,NO,,,,,,,,,,,,,,,,,,,,,,,,,,,,,,,,,,,,,,,
,,,,,,,,06/21/27,,,,,08/17/27,,08/26/27,,,,,,,,,,,,,,,NO,,,,,,,,,,,,,,,,,,,,,,,,,,,,,,,,,,,,,,,
,,,,,,,,06/21/27,,,,,08/17/27,,08/26/27,,,,,,,,,,,,,,,NO,,,,,,,,,,,,,,,,,,,,,,,,,,,,,,,,,,,,,,,
,,,,,,,,06/22/27,,,,,08/18/27,,08/27/27,,,,,,,,,,,,,,,NO,,,,,,,,,,,,,,,,,,,,,,,,,,,,,,,,,,,,,,,
,,,,,,,,06/22/27,,,,,08/18/27,,08/27/27,,,,,,,,,,,,,,,NO,,,,,,,,,,,,,,,,,,,,,,,,,,,,,,,,,,,,,,,
,,,,,,,,06/22/27,,,,,08/18/27,,08/27/27,,,,,,,,,,,,,,,NO,,,,,,,,,,,,,,,,,,,,,,,,,,,,,,,,,,,,,,,
,,,,,,,,06/23/27,,,,,08/19/27,,08/30/27,,,,,,,,,,,,,,,NO,,,,,,,,,,,,,,,,,,,,,,,,,,,,,,,,,,,,,,,
,,,,,,,,06/23/27,,,,,08/19/27,,08/30/27,,,,,,,,,,,,,,,NO,,,,,,,,,,,,,,,,,,,,,,,,,,,,,,,,,,,,,,,
,,,,,,,,06/23/27,,,,,08/19/27,,08/30/27,,,,,,,,,,,,,,,NO,,,,,,,,,,,,,,,,,,,,,,,,,,,,,,,,,,,,,,,
,,,,,,,,06/24/27,,,,,08/20/27,,08/31/27,,,,,,,,,,,,,,,NO,,,,,,,,,,,,,,,,,,,,,,,,,,,,,,,,,,,,,,,
,,,,,,,,06/24/27,,,,,08/20/27,,08/31/27,,,,,,,,,,,,,,,NO,,,,,,,,,,,,,,,,,,,,,,,,,,,,,,,,,,,,,,,
,,,,,,,,06/24/27,,,,,08/20/27,,08/31/27,,,,,,,,,,,,,,,NO,,,,,,,,,,,,,,,,,,,,,,,,,,,,,,,,,,,,,,,
,,,,,,,,06/25/27,,,,,08/23/27,,09/01/27,,,,,,,,,,,,,,,NO,,,,,,,,,,,,,,,,,,,,,,,,,,,,,,,,,,,,,,,
,,,,,,,,06/25/27,,,,,08/23/27,,09/01/27,,,,,,,,,,,,,,,NO,,,,,,,,,,,,,,,,,,,,,,,,,,,,,,,,,,,,,,,
,,,,,,,,06/25/27,,,,,08/23/27,,09/01/27,,,,,,,,,,,,,,,NO,,,,,,,,,,,,,,,,,,,,,,,,,,,,,,,,,,,,,,,
,,,,,,,,06/28/27,,,,,08/24/27,,09/02/27,,,,,,,,,,,,,,,NO,,,,,,,,,,,,,,,,,,,,,,,,,,,,,,,,,,,,,,,
,,,,,,,,06/28/27,,,,,08/24/27,,09/02/27,,,,,,,,,,,,,,,NO,,,,,,,,,,,,,,,,,,,,,,,,,,,,,,,,,,,,,,,
,,,,,,,,06/28/27,,,,,08/24/27,,09/02/27,,,,,,,,,,,,,,,NO,,,,,,,,,,,,,,,,,,,,,,,,,,,,,,,,,,,,,,,
,,,,,,,,06/29/27,,,,,08/25/27,,09/03/27,,,,,,,,,,,,,,,NO,,,,,,,,,,,,,,,,,,,,,,,,,,,,,,,,,,,,,,,
,,,,,,,,06/29/27,,,,,08/25/27,,09/03/27,,,,,,,,,,,,,,,NO,,,,,,,,,,,,,,,,,,,,,,,,,,,,,,,,,,,,,,,
,,,,,,,,06/29/27,,,,,08/25/27,,09/03/27,,,,,,,,,,,,,,,NO,,,,,,,,,,,,,,,,,,,,,,,,,,,,,,,,,,,,,,,
,,,,,,,,06/30/27,,,,,08/26/27,,09/07/27,,,,,,,,,,,,,,,NO,,,,,,,,,,,,,,,,,,,,,,,,,,,,,,,,,,,,,,,
,,,,,,,,06/30/27,,,,,08/26/27,,09/07/27,,,,,,,,,,,,,,,NO,,,,,,,,,,,,,,,,,,,,,,,,,,,,,,,,,,,,,,,
,,,,,,,,06/30/27,,,,,08/26/27,,09/07/27,,,,,,,,,,,,,,,NO,,,,,,,,,,,,,,,,,,,,,,,,,,,,,,,,,,,,,,,
,,,,,,,,07/01/27,,,,,08/27/27,,09/08/27,,,,,,,,,,,,,,,NO,,,,,,,,,,,,,,,,,,,,,,,,,,,,,,,,,,,,,,,
,,,,,,,,07/01/27,,,,,08/27/27,,09/08/27,,,,,,,,,,,,,,,NO,,,,,,,,,,,,,,,,,,,,,,,,,,,,,,,,,,,,,,,
,,,,,,,,07/01/27,,,,,08/27/27,,09/08/27,,,,,,,,,,,,,,,NO,,,,,,,,,,,,,,,,,,,,,,,,,,,,,,,,,,,,,,,
,,,,,,,,07/02/27,,,,,08/30/27,,09/09/27,,,,,,,,,,,,,,,NO,,,,,,,,,,,,,,,,,,,,,,,,,,,,,,,,,,,,,,,
,,,,,,,,07/02/27,,,,,08/30/27,,09/09/27,,,,,,,,,,,,,,,NO,,,,,,,,,,,,,,,,,,,,,,,,,,,,,,,,,,,,,,,
,,,,,,,,07/02/27,,,,,08/30/27,,09/09/27,,,,,,,,,,,,,,,NO,,,,,,,,,,,,,,,,,,,,,,,,,,,,,,,,,,,,,,,
,,,,,,,,07/06/27,,,,,08/31/27,,09/10/27,,,,,,,,,,,,,,,NO,,,,,,,,,,,,,,,,,,,,,,,,,,,,,,,,,,,,,,,
,,,,,,,,07/06/27,,,,,08/31/27,,09/10/27,,,,,,,,,,,,,,,NO,,,,,,,,,,,,,,,,,,,,,,,,,,,,,,,,,,,,,,,
,,,,,,,,07/06/27,,,,,08/31/27,,09/10/27,,,,,,,,,,,,,,,NO,,,,,,,,,,,,,,,,,,,,,,,,,,,,,,,,,,,,,,,
,,,,,,,,07/07/27,,,,,09/01/27,,09/13/27,,,,,,,,,,,,,,,NO,,,,,,,,,,,,,,,,,,,,,,,,,,,,,,,,,,,,,,,
,,,,,,,,07/07/27,,,,,09/01/27,,09/13/27,,,,,,,,,,,,,,,NO,,,,,,,,,,,,,,,,,,,,,,,,,,,,,,,,,,,,,,,
,,,,,,,,07/07/27,,,,,09/01/27,,09/13/27,,,,,,,,,,,,,,,NO,,,,,,,,,,,,,,,,,,,,,,,,,,,,,,,,,,,,,,,
,,,,,,,,07/08/27,,,,,09/02/27,,09/14/27,,,,,,,,,,,,,,,NO,,,,,,,,,,,,,,,,,,,,,,,,,,,,,,,,,,,,,,,
,,,,,,,,07/08/27,,,,,09/02/27,,09/14/27,,,,,,,,,,,,,,,NO,,,,,,,,,,,,,,,,,,,,,,,,,,,,,,,,,,,,,,,
,,,,,,,,07/08/27,,,,,09/02/27,,09/14/27,,,,,,,,,,,,,,,NO,,,,,,,,,,,,,,,,,,,,,,,,,,,,,,,,,,,,,,,
,,,,,,,,07/09/27,,,,,09/03/27,,09/15/27,,,,,,,,,,,,,,,NO,,,,,,,,,,,,,,,,,,,,,,,,,,,,,,,,,,,,,,,
,,,,,,,,07/09/27,,,,,09/03/27,,09/15/27,,,,,,,,,,,,,,,NO,,,,,,,,,,,,,,,,,,,,,,,,,,,,,,,,,,,,,,,
,,,,,,,,07/09/27,,,,,09/03/27,,09/15/27,,,,,,,,,,,,,,,NO,,,,,,,,,,,,,,,,,,,,,,,,,,,,,,,,,,,,,,,
,,,,,,,,07/12/27,,,,,09/07/27,,09/16/27,,,,,,,,,,,,,,,NO,,,,,,,,,,,,,,,,,,,,,,,,,,,,,,,,,,,,,,,
,,,,,,,,07/12/27,,,,,09/07/27,,09/16/27,,,,,,,,,,,,,,,NO,,,,,,,,,,,,,,,,,,,,,,,,,,,,,,,,,,,,,,,
,,,,,,,,07/12/27,,,,,09/07/27,,09/16/27,,,,,,,,,,,,,,,NO,,,,,,,,,,,,,,,,,,,,,,,,,,,,,,,,,,,,,,,
,,,,,,,,07/13/27,,,,,09/08/27,,09/17/27,,,,,,,,,,,,,,,NO,,,,,,,,,,,,,,,,,,,,,,,,,,,,,,,,,,,,,,,
,,,,,,,,07/13/27,,,,,09/08/27,,09/17/27,,,,,,,,,,,,,,,NO,,,,,,,,,,,,,,,,,,,,,,,,,,,,,,,,,,,,,,,
,,,,,,,,07/13/27,,,,,09/08/27,,09/17/27,,,,,,,,,,,,,,,NO,,,,,,,,,,,,,,,,,,,,,,,,,,,,,,,,,,,,,,,
,,,,,,,,07/14/27,,,,,09/09/27,,09/20/27,,,,,,,,,,,,,,,NO,,,,,,,,,,,,,,,,,,,,,,,,,,,,,,,,,,,,,,,
,,,,,,,,07/14/27,,,,,09/09/27,,09/20/27,,,,,,,,,,,,,,,NO,,,,,,,,,,,,,,,,,,,,,,,,,,,,,,,,,,,,,,,
,,,,,,,,07/14/27,,,,,09/09/27,,09/20/27,,,,,,,,,,,,,,,NO,,,,,,,,,,,,,,,,,,,,,,,,,,,,,,,,,,,,,,,
,,,,,,,,07/15/27,,,,,09/10/27,,09/21/27,,,,,,,,,,,,,,,NO,,,,,,,,,,,,,,,,,,,,,,,,,,,,,,,,,,,,,,,
,,,,,,,,07/15/27,,,,,09/10/27,,09/21/27,,,,,,,,,,,,,,,NO,,,,,,,,,,,,,,,,,,,,,,,,,,,,,,,,,,,,,,,
,,,,,,,,07/15/27,,,,,09/10/27,,09/21/27,,,,,,,,,,,,,,,NO,,,,,,,,,,,,,,,,,,,,,,,,,,,,,,,,,,,,,,,
,,,,,,,,07/16/27,,,,,09/13/27,,09/22/27,,,,,,,,,,,,,,,NO,,,,,,,,,,,,,,,,,,,,,,,,,,,,,,,,,,,,,,,
,,,,,,,,07/16/27,,,,,09/13/27,,09/22/27,,,,,,,,,,,,,,,NO,,,,,,,,,,,,,,,,,,,,,,,,,,,,,,,,,,,,,,,
,,,,,,,,07/16/27,,,,,09/13/27,,09/22/27,,,,,,,,,,,,,,,NO,,,,,,,,,,,,,,,,,,,,,,,,,,,,,,,,,,,,,,,
,,,,,,,,07/19/27,,,,,09/14/27,,09/23/27,,,,,,,,,,,,,,,NO,,,,,,,,,,,,,,,,,,,,,,,,,,,,,,,,,,,,,,,
,,,,,,,,07/19/27,,,,,09/14/27,,09/23/27,,,,,,,,,,,,,,,NO,,,,,,,,,,,,,,,,,,,,,,,,,,,,,,,,,,,,,,,
,,,,,,,,07/19/27,,,,,09/14/27,,09/23/27,,,,,,,,,,,,,,,NO,,,,,,,,,,,,,,,,,,,,,,,,,,,,,,,,,,,,,,,
,,,,,,,,07/20/27,,,,,09/15/27,,09/24/27,,,,,,,,,,,,,,,NO,,,,,,,,,,,,,,,,,,,,,,,,,,,,,,,,,,,,,,,
,,,,,,,,07/20/27,,,,,09/15/27,,09/24/27,,,,,,,,,,,,,,,NO,,,,,,,,,,,,,,,,,,,,,,,,,,,,,,,,,,,,,,,
,,,,,,,,07/20/27,,,,,09/15/27,,09/24/27,,,,,,,,,,,,,,,NO,,,,,,,,,,,,,,,,,,,,,,,,,,,,,,,,,,,,,,,
,,,,,,,,07/21/27,,,,,09/16/27,,09/27/27,,,,,,,,,,,,,,,NO,,,,,,,,,,,,,,,,,,,,,,,,,,,,,,,,,,,,,,,
,,,,,,,,07/21/27,,,,,09/16/27,,09/27/27,,,,,,,,,,,,,,,NO,,,,,,,,,,,,,,,,,,,,,,,,,,,,,,,,,,,,,,,
,,,,,,,,07/21/27,,,,,09/16/27,,09/27/27,,,,,,,,,,,,,,,NO,,,,,,,,,,,,,,,,,,,,,,,,,,,,,,,,,,,,,,,
,,,,,,,,07/22/27,,,,,09/17/27,,09/28/27,,,,,,,,,,,,,,,NO,,,,,,,,,,,,,,,,,,,,,,,,,,,,,,,,,,,,,,,
,,,,,,,,07/22/27,,,,,09/17/27,,09/28/27,,,,,,,,,,,,,,,NO,,,,,,,,,,,,,,,,,,,,,,,,,,,,,,,,,,,,,,,
,,,,,,,,07/22/27,,,,,09/17/27,,09/28/27,,,,,,,,,,,,,,,NO,,,,,,,,,,,,,,,,,,,,,,,,,,,,,,,,,,,,,,,
,,,,,,,,07/23/27,,,,,09/20/27,,09/29/27,,,,,,,,,,,,,,,NO,,,,,,,,,,,,,,,,,,,,,,,,,,,,,,,,,,,,,,,
,,,,,,,,07/23/27,,,,,09/20/27,,09/29/27,,,,,,,,,,,,,,,NO,,,,,,,,,,,,,,,,,,,,,,,,,,,,,,,,,,,,,,,
,,,,,,,,07/23/27,,,,,09/20/27,,09/29/27,,,,,,,,,,,,,,,NO,,,,,,,,,,,,,,,,,,,,,,,,,,,,,,,,,,,,,,,
,,,,,,,,07/26/27,,,,,09/21/27,,09/30/27,,,,,,,,,,,,,,,NO,,,,,,,,,,,,,,,,,,,,,,,,,,,,,,,,,,,,,,,
,,,,,,,,07/26/27,,,,,09/21/27,,09/30/27,,,,,,,,,,,,,,,NO,,,,,,,,,,,,,,,,,,,,,,,,,,,,,,,,,,,,,,,
,,,,,,,,07/26/27,,,,,09/21/27,,09/30/27,,,,,,,,,,,,,,,NO,,,,,,,,,,,,,,,,,,,,,,,,,,,,,,,,,,,,,,,
,,,,,,,,07/27/27,,,,,09/22/27,,10/01/27,,,,,,,,,,,,,,,NO,,,,,,,,,,,,,,,,,,,,,,,,,,,,,,,,,,,,,,,
,,,,,,,,07/27/27,,,,,09/22/27,,10/01/27,,,,,,,,,,,,,,,NO,,,,,,,,,,,,,,,,,,,,,,,,,,,,,,,,,,,,,,,
,,,,,,,,07/27/27,,,,,09/22/27,,10/01/27,,,,,,,,,,,,,,,NO,,,,,,,,,,,,,,,,,,,,,,,,,,,,,,,,,,,,,,,
,,,,,,,,07/28/27,,,,,09/23/27,,10/04/27,,,,,,,,,,,,,,,NO,,,,,,,,,,,,,,,,,,,,,,,,,,,,,,,,,,,,,,,
,,,,,,,,07/28/27,,,,,09/23/27,,10/04/27,,,,,,,,,,,,,,,NO,,,,,,,,,,,,,,,,,,,,,,,,,,,,,,,,,,,,,,,
,,,,,,,,07/28/27,,,,,09/23/27,,10/04/27,,,,,,,,,,,,,,,NO,,,,,,,,,,,,,,,,,,,,,,,,,,,,,,,,,,,,,,,
,,,,,,,,07/29/27,,,,,09/24/27,,10/05/27,,,,,,,,,,,,,,,NO,,,,,,,,,,,,,,,,,,,,,,,,,,,,,,,,,,,,,,,
,,,,,,,,07/29/27,,,,,09/24/27,,10/05/27,,,,,,,,,,,,,,,NO,,,,,,,,,,,,,,,,,,,,,,,,,,,,,,,,,,,,,,,
,,,,,,,,07/29/27,,,,,09/24/27,,10/05/27,,,,,,,,,,,,,,,NO,,,,,,,,,,,,,,,,,,,,,,,,,,,,,,,,,,,,,,,
,,,,,,,,07/30/27,,,,,09/27/27,,10/06/27,,,,,,,,,,,,,,,NO,,,,,,,,,,,,,,,,,,,,,,,,,,,,,,,,,,,,,,,
,,,,,,,,07/30/27,,,,,09/27/27,,10/06/27,,,,,,,,,,,,,,,NO,,,,,,,,,,,,,,,,,,,,,,,,,,,,,,,,,,,,,,,
,,,,,,,,07/30/27,,,,,09/27/27,,10/06/27,,,,,,,,,,,,,,,NO,,,,,,,,,,,,,,,,,,,,,,,,,,,,,,,,,,,,,,,
,,,,,,,,08/02/27,,,,,09/28/27,,10/07/27,,,,,,,,,,,,,,,NO,,,,,,,,,,,,,,,,,,,,,,,,,,,,,,,,,,,,,,,
,,,,,,,,08/02/27,,,,,09/28/27,,10/07/27,,,,,,,,,,,,,,,NO,,,,,,,,,,,,,,,,,,,,,,,,,,,,,,,,,,,,,,,
,,,,,,,,08/02/27,,,,,09/28/27,,10/07/27,,,,,,,,,,,,,,,NO,,,,,,,,,,,,,,,,,,,,,,,,,,,,,,,,,,,,,,,
,,,,,,,,08/03/27,,,,,09/29/27,,10/08/27,,,,,,,,,,,,,,,NO,,,,,,,,,,,,,,,,,,,,,,,,,,,,,,,,,,,,,,,
,,,,,,,,08/03/27,,,,,09/29/27,,10/08/27,,,,,,,,,,,,,,,NO,,,,,,,,,,,,,,,,,,,,,,,,,,,,,,,,,,,,,,,
,,,,,,,,08/03/27,,,,,09/29/27,,10/08/27,,,,,,,,,,,,,,,NO,,,,,,,,,,,,,,,,,,,,,,,,,,,,,,,,,,,,,,,
,,,,,,,,08/04/27,,,,,09/30/27,,10/11/27,,,,,,,,,,,,,,,NO,,,,,,,,,,,,,,,,,,,,,,,,,,,,,,,,,,,,,,,
,,,,,,,,08/04/27,,,,,09/30/27,,10/11/27,,,,,,,,,,,,,,,NO,,,,,,,,,,,,,,,,,,,,,,,,,,,,,,,,,,,,,,,
,,,,,,,,08/04/27,,,,,09/30/27,,10/11/27,,,,,,,,,,,,,,,NO,,,,,,,,,,,,,,,,,,,,,,,,,,,,,,,,,,,,,,,
,,,,,,,,08/05/27,,,,,10/01/27,,10/12/27,,,,,,,,,,,,,,,NO,,,,,,,,,,,,,,,,,,,,,,,,,,,,,,,,,,,,,,,
,,,,Offskid,PENDING-N,,,08/05/27,,,,,10/01/27,,10/12/27,,,,,,,#VALUE!,,,,,,,,NO,,,,,,,,,,,,,,,,,,,,,,,,,,,,,,,,,,,,,,,
,,,,,,,,08/05/27,,,,,10/01/27,,10/12/27,,,,,,,,,,,,,,,NO,,,,,,,,,,,,,,,,,,,,,,,,,,,,,,,,,,,,,,,
,,,,,,,,08/06/27,,,,,10/04/27,,10/13/27,,,,,,,,,,,,,,,NO,,,,,,,,,,,,,,,,,,,,,,,,,,,,,,,,,,,,,,,
,,,,,,,,08/06/27,,,,,10/04/27,,10/13/27,,,,,,,,,,,,,,,NO,,,,,,,,,,,,,,,,,,,,,,,,,,,,,,,,,,,,,,,
,,,,,,,,08/06/27,,,,,10/04/27,,10/13/27,,,,,,,,,,,,,,,NO,,,,,,,,,,,,,,,,,,,,,,,,,,,,,,,,,,,,,,,
,,,,,,,,08/09/27,,,,,10/05/27,,10/14/27,,,,,,,,,,,,,,,NO,,,,,,,,,,,,,,,,,,,,,,,,,,,,,,,,,,,,,,,
,,,,,,,,08/09/27,,,,,10/05/27,,10/14/27,,,,,,,,,,,,,,,NO,,,,,,,,,,,,,,,,,,,,,,,,,,,,,,,,,,,,,,,
,,,,,,,,08/09/27,,,,,10/05/27,,10/14/27,,,,,,,,,,,,,,,NO,,,,,,,,,,,,,,,,,,,,,,,,,,,,,,,,,,,,,,,
,,,,,,,,08/10/27,,,,,10/06/27,,10/15/27,,,,,,,,,,,,,,,NO,,,,,,,,,,,,,,,,,,,,,,,,,,,,,,,,,,,,,,,
,,,,,,,,08/10/27,,,,,10/06/27,,10/15/27,,,,,,,,,,,,,,,NO,,,,,,,,,,,,,,,,,,,,,,,,,,,,,,,,,,,,,,,
,,,,,,,,08/10/27,,,,,10/06/27,,10/15/27,,,,,,,,,,,,,,,NO,,,,,,,,,,,,,,,,,,,,,,,,,,,,,,,,,,,,,,,
,,,,,,,,08/11/27,,,,,10/07/27,,10/18/27,,,,,,,,,,,,,,,NO,,,,,,,,,,,,,,,,,,,,,,,,,,,,,,,,,,,,,,,
,,,,,,,,08/11/27,,,,,10/07/27,,10/18/27,,,,,,,,,,,,,,,NO,,,,,,,,,,,,,,,,,,,,,,,,,,,,,,,,,,,,,,,
,,,,,,,,08/11/27,,,,,10/07/27,,10/18/27,,,,,,,,,,,,,,,NO,,,,,,,,,,,,,,,,,,,,,,,,,,,,,,,,,,,,,,,
,,,,,,,,08/12/27,,,,,10/08/27,,10/19/27,,,,,,,,,,,,,,,NO,,,,,,,,,,,,,,,,,,,,,,,,,,,,,,,,,,,,,,,
,,,,,,,,08/12/27,,,,,10/08/27,,10/19/27,,,,,,,,,,,,,,,NO,,,,,,,,,,,,,,,,,,,,,,,,,,,,,,,,,,,,,,,
,,,,,,,,08/12/27,,,,,10/08/27,,10/19/27,,,,,,,,,,,,,,,NO,,,,,,,,,,,,,,,,,,,,,,,,,,,,,,,,,,,,,,,
,,,,,,,,08/13/27,,,,,10/11/27,,10/20/27,,,,,,,,,,,,,,,NO,,,,,,,,,,,,,,,,,,,,,,,,,,,,,,,,,,,,,,,
,,,,,,,,08/13/27,,,,,10/11/27,,10/20/27,,,,,,,,,,,,,,,NO,,,,,,,,,,,,,,,,,,,,,,,,,,,,,,,,,,,,,,,
,,,,,,,,08/13/27,,,,,10/11/27,,10/20/27,,,,,,,,,,,,,,,NO,,,,,,,,,,,,,,,,,,,,,,,,,,,,,,,,,,,,,,,
,,,,,,,,08/16/27,,,,,10/12/27,,10/21/27,,,,,,,,,,,,,,,NO,,,,,,,,,,,,,,,,,,,,,,,,,,,,,,,,,,,,,,,
,,,,Onskid,ARM-K,,,08/16/27,,,,,10/12/27,,10/21/27,,,,,,,,,,10/26/27,,,,,NO,,,,,,,,,,,,,,,,,,,,,,,,,,,,,,,,,,,,,,,
,,,,,,,,08/16/27,,,,,10/12/27,,10/21/27,,,,,,,,,,,,,,,NO,,,,,,,,,,,,,,,,,,,,,,,,,,,,,,,,,,,,,,,
,,,,,,,,08/17/27,,,,,10/13/27,,10/22/27,,,,,,,,,,,,,,,NO,,,,,,,,,,,,,,,,,,,,,,,,,,,,,,,,,,,,,,,
,,,,,,,,08/17/27,,,,,10/13/27,,10/22/27,,,,,,,,,,,,,,,NO,,,,,,,,,,,,,,,,,,,,,,,,,,,,,,,,,,,,,,,
,,,,,,,,08/17/27,,,,,10/13/27,,10/22/27,,,,,,,,,,,,,,,NO,,,,,,,,,,,,,,,,,,,,,,,,,,,,,,,,,,,,,,,
,,,,,,,,08/18/27,,,,,10/14/27,,10/25/27,,,,,,,,,,,,,,,NO,,,,,,,,,,,,,,,,,,,,,,,,,,,,,,,,,,,,,,,
,,,,,,,,08/18/27,,,,,10/14/27,,10/25/27,,,,,,,,,,,,,,,NO,,,,,,,,,,,,,,,,,,,,,,,,,,,,,,,,,,,,,,,
,,,,,,,,08/18/27,,,,,10/14/27,,10/25/27,,,,,,,,,,,,,,,NO,,,,,,,,,,,,,,,,,,,,,,,,,,,,,,,,,,,,,,,
,,,,,,,,08/19/27,,,,,10/15/27,,10/26/27,,,,,,,,,,,,,,,NO,,,,,,,,,,,,,,,,,,,,,,,,,,,,,,,,,,,,,,,
,,,,,,,,08/19/27,,,,,10/15/27,,10/26/27,,,,,,,,,,,,,,,NO,,,,,,,,,,,,,,,,,,,,,,,,,,,,,,,,,,,,,,,
,,,,,,,,08/19/27,,,,,10/15/27,,10/26/27,,,,,,,,,,,,,,,NO,,,,,,,,,,,,,,,,,,,,,,,,,,,,,,,,,,,,,,,
,,,,,,,,08/20/27,,,,,10/18/27,,10/27/27,,,,,,,,,,,,,,,NO,,,,,,,,,,,,,,,,,,,,,,,,,,,,,,,,,,,,,,,
,,,,,,,,08/20/27,,,,,10/18/27,,10/27/27,,,,,,,,,,,,,,,NO,,,,,,,,,,,,,,,,,,,,,,,,,,,,,,,,,,,,,,,
,,,,,,,,08/20/27,,,,,10/18/27,,10/27/27,,,,,,,,,,,,,,,NO,,,,,,,,,,,,,,,,,,,,,,,,,,,,,,,,,,,,,,,
,,,,,,,,08/23/27,,,,,10/19/27,,10/28/27,,,,,,,,,,,,,,,NO,,,,,,,,,,,,,,,,,,,,,,,,,,,,,,,,,,,,,,,
,,,,,,,,08/23/27,,,,,10/19/27,,10/28/27,,,,,,,,,,,,,,,NO,,,,,,,,,,,,,,,,,,,,,,,,,,,,,,,,,,,,,,,
,,,,,,,,08/23/27,,,,,10/19/27,,10/28/27,,,,,,,,,,,,,,,NO,,,,,,,,,,,,,,,,,,,,,,,,,,,,,,,,,,,,,,,
,,,,,,,,08/24/27,,,,,10/20/27,,10/29/27,,,,,,,,,,,,,,,NO,,,,,,,,,,,,,,,,,,,,,,,,,,,,,,,,,,,,,,,
,,,,,,,,08/24/27,,,,,10/20/27,,10/29/27,,,,,,,,,,,,,,,NO,,,,,,,,,,,,,,,,,,,,,,,,,,,,,,,,,,,,,,,
,,,,,,,,08/24/27,,,,,10/20/27,,10/29/27,,,,,,,,,,,,,,,NO,,,,,,,,,,,,,,,,,,,,,,,,,,,,,,,,,,,,,,,
,,,,,,,,08/25/27,,,,,10/21/27,,11/01/27,,,,,,,,,,,,,,,NO,,,,,,,,,,,,,,,,,,,,,,,,,,,,,,,,,,,,,,,
,,,,,,,,08/25/27,,,,,10/21/27,,11/01/27,,,,,,,,,,,,,,,NO,,,,,,,,,,,,,,,,,,,,,,,,,,,,,,,,,,,,,,,
,,,,,,,,08/25/27,,,,,10/21/27,,11/01/27,,,,,,,,,,,,,,,NO,,,,,,,,,,,,,,,,,,,,,,,,,,,,,,,,,,,,,,,
,,,,,,,,08/26/27,,,,,10/22/27,,11/02/27,,,,,,,,,,,,,,,NO,,,,,,,,,,,,,,,,,,,,,,,,,,,,,,,,,,,,,,,
,,,,,,,,08/26/27,,,,,10/22/27,,11/02/27,,,,,,,,,,,,,,,NO,,,,,,,,,,,,,,,,,,,,,,,,,,,,,,,,,,,,,,,
,,,,,,,,08/26/27,,,,,10/22/27,,11/02/27,,,,,,,,,,,,,,,NO,,,,,,,,,,,,,,,,,,,,,,,,,,,,,,,,,,,,,,,
,,,,,,,,08/27/27,,,,,10/25/27,,11/03/27,,,,,,,,,,,,,,,NO,,,,,,,,,,,,,,,,,,,,,,,,,,,,,,,,,,,,,,,
,,,,,,,,08/27/27,,,,,10/25/27,,11/03/27,,,,,,,,,,,,,,,NO,,,,,,,,,,,,,,,,,,,,,,,,,,,,,,,,,,,,,,,
,,,,,,,,08/27/27,,,,,10/25/27,,11/03/27,,,,,,,,,,,,,,,NO,,,,,,,,,,,,,,,,,,,,,,,,,,,,,,,,,,,,,,,
,,,,,,,,08/30/27,,,,,10/26/27,,11/04/27,,,,,,,,,,,,,,,NO,,,,,,,,,,,,,,,,,,,,,,,,,,,,,,,,,,,,,,,
,,,,,,,,08/30/27,,,,,10/26/27,,11/04/27,,,,,,,,,,,,,,,NO,,,,,,,,,,,,,,,,,,,,,,,,,,,,,,,,,,,,,,,
,,,,,,,,08/30/27,,,,,10/26/27,,11/04/27,,,,,,,,,,,,,,,NO,,,,,,,,,,,,,,,,,,,,,,,,,,,,,,,,,,,,,,,
,,,,,,,,08/31/27,,,,,10/27/27,,11/05/27,,,,,,,,,,,,,,,NO,,,,,,,,,,,,,,,,,,,,,,,,,,,,,,,,,,,,,,,
,,,,,,,,08/31/27,,,,,10/27/27,,11/05/27,,,,,,,,,,,,,,,NO,,,,,,,,,,,,,,,,,,,,,,,,,,,,,,,,,,,,,,,
,,,,,,,,08/31/27,,,,,10/27/27,,11/05/27,,,,,,,,,,,,,,,NO,,,,,,,,,,,,,,,,,,,,,,,,,,,,,,,,,,,,,,,
,,,,,,,,09/01/27,,,,,10/28/27,,11/08/27,,,,,,,,,,,,,,,NO,,,,,,,,,,,,,,,,,,,,,,,,,,,,,,,,,,,,,,,
,,,,,,,,09/01/27,,,,,10/28/27,,11/08/27,,,,,,,,,,,,,,,NO,,,,,,,,,,,,,,,,,,,,,,,,,,,,,,,,,,,,,,,
,,,,,,,,09/01/27,,,,,10/28/27,,11/08/27,,,,,,,,,,,,,,,NO,,,,,,,,,,,,,,,,,,,,,,,,,,,,,,,,,,,,,,,
,,,,,,,,09/02/27,,,,,10/29/27,,11/09/27,,,,,,,,,,,,,,,NO,,,,,,,,,,,,,,,,,,,,,,,,,,,,,,,,,,,,,,,
,,,,,,,,09/02/27,,,,,10/29/27,,11/09/27,,,,,,,,,,,,,,,NO,,,,,,,,,,,,,,,,,,,,,,,,,,,,,,,,,,,,,,,
,,,,,,,,09/02/27,,,,,10/29/27,,11/09/27,,,,,,,,,,,,,,,NO,,,,,,,,,,,,,,,,,,,,,,,,,,,,,,,,,,,,,,,
,,,,,,,,09/03/27,,,,,11/01/27,,11/10/27,,,,,,,,,,,,,,,NO,,,,,,,,,,,,,,,,,,,,,,,,,,,,,,,,,,,,,,,
,,,,Onskid,KM-CROP,,,09/03/27,,,,,11/01/27,,11/10/27,,,,,,,,,,11/19/27,,,,,NO,,,,,,,,,,,,,,,,,,,,,,,,,,,,,,,,,,,,,,,
,,,,,,,,09/03/27,,,,,11/01/27,,11/10/27,,,,,,,,,,,,,,,NO,,,,,,,,,,,,,,,,,,,,,,,,,,,,,,,,,,,,,,,
,,,,Onskid,ARM-K,,,see #1,,,,,11/02/27,,see #1,,,,,,,,,,01/07/28,,,,,NO,,,,,,,,,,,,,,,,,,,,,,,,,,,,,,,,,,,,,,,
,,,,Onskid,ARM-K,,,see #1,,,,,11/02/27,,see #1,,,,,,,,,,01/18/28,,,,,NO,,,,,,,,,,,,,,,,,,,,,,,,,,,,,,,,,,,,,,,
,,,,Onskid,ARM-K,,,see #1,,,,,11/02/27,,see #1,,,,,,,,,,01/21/28,,,,,NO,,,,,,,,,,,,,,,,,,,,,,,,,,,,,,,,,,,,,,,
,,,,Onskid,ARM-K,,,see #1,,,,,11/03/27,,see #1,,,,,,,,,,01/26/28,,,,,NO,,,,,,,,,,,,,,,,,,,,,,,,,,,,,,,,,,,,,,,
,,,,,,,,09/08/27,,,,,11/03/27,,11/12/27,,,,,,,,,,,,,,,NO,,,,,,,,,,,,,,,,,,,,,,,,,,,,,,,,,,,,,,,
,,,,,,,,09/08/27,,,,,11/03/27,,11/12/27,,,,,,,,,,,,,,,NO,,,,,,,,,,,,,,,,,,,,,,,,,,,,,,,,,,,,,,,
,,,,,,,,09/09/27,,,,,11/04/27,,11/15/27,,,,,,,,,,,,,,,NO,,,,,,,,,,,,,,,,,,,,,,,,,,,,,,,,,,,,,,,
,,,,,,,,09/09/27,,,,,11/04/27,,11/15/27,,,,,,,,,,,,,,,NO,,,,,,,,,,,,,,,,,,,,,,,,,,,,,,,,,,,,,,,
,,,,,,,,09/09/27,,,,,11/04/27,,11/15/27,,,,,,,,,,,,,,,NO,,,,,,,,,,,,,,,,,,,,,,,,,,,,,,,,,,,,,,,
,,,,,,,,09/10/27,,,,,11/05/27,,11/16/27,,,,,,,,,,,,,,,NO,,,,,,,,,,,,,,,,,,,,,,,,,,,,,,,,,,,,,,,
,,,,,,,,09/10/27,,,,,11/05/27,,11/16/27,,,,,,,,,,,,,,,NO,,,,,,,,,,,,,,,,,,,,,,,,,,,,,,,,,,,,,,,
,,,,,,,,09/10/27,,,,,11/05/27,,11/16/27,,,,,,,,,,,,,,,NO,,,,,,,,,,,,,,,,,,,,,,,,,,,,,,,,,,,,,,,
,,,,,,,,09/13/27,,,,,11/08/27,,11/17/27,,,,,,,,,,,,,,,NO,,,,,,,,,,,,,,,,,,,,,,,,,,,,,,,,,,,,,,,
,,,,,,,,09/13/27,,,,,11/08/27,,11/17/27,,,,,,,,,,,,,,,NO,,,,,,,,,,,,,,,,,,,,,,,,,,,,,,,,,,,,,,,
,,,,,,,,09/13/27,,,,,11/08/27,,11/17/27,,,,,,,,,,,,,,,NO,,,,,,,,,,,,,,,,,,,,,,,,,,,,,,,,,,,,,,,
,,,,Onskid,CGT-CF,,,09/14/27,,,,,11/09/27,,11/18/27,,,,,,,,,,12/06/27,,,,,NO,,,,,,,,,,,,,,,,,,,,,,,,,,,,,,,,,,,,,,,
,,,,,,,,09/14/27,,,,,11/09/27,,11/18/27,,,,,,,,,,,,,,,NO,,,,,,,,,,,,,,,,,,,,,,,,,,,,,,,,,,,,,,,
,,,,,,,,09/14/27,,,,,11/09/27,,11/18/27,,,,,,,,,,,,,,,NO,,,,,,,,,,,,,,,,,,,,,,,,,,,,,,,,,,,,,,,
,,,,,,,,09/15/27,,,,,11/10/27,,11/19/27,,,,,,,,,,,,,,,NO,,,,,,,,,,,,,,,,,,,,,,,,,,,,,,,,,,,,,,,
,,,,,,,,09/15/27,,,,,11/10/27,,11/19/27,,,,,,,,,,,,,,,NO,,,,,,,,,,,,,,,,,,,,,,,,,,,,,,,,,,,,,,,
,,,,,,,,09/15/27,,,,,11/10/27,,11/19/27,,,,,,,,,,,,,,,NO,,,,,,,,,,,,,,,,,,,,,,,,,,,,,,,,,,,,,,,
,,,,,,,,09/16/27,,,,,11/11/27,,11/22/27,,,,,,,,,,,,,,,NO,,,,,,,,,,,,,,,,,,,,,,,,,,,,,,,,,,,,,,,
,,,,,,,,09/16/27,,,,,11/11/27,,11/22/27,,,,,,,,,,,,,,,NO,,,,,,,,,,,,,,,,,,,,,,,,,,,,,,,,,,,,,,,
,,,,,,,,09/16/27,,,,,11/11/27,,11/22/27,,,,,,,,,,,,,,,NO,,,,,,,,,,,,,,,,,,,,,,,,,,,,,,,,,,,,,,,
,,,,,,,,09/17/27,,,,,11/12/27,,11/23/27,,,,,,,,,,,,,,,NO,,,,,,,,,,,,,,,,,,,,,,,,,,,,,,,,,,,,,,,
,,,,,,,,09/17/27,,,,,11/12/27,,11/23/27,,,,,,,,,,,,,,,NO,,,,,,,,,,,,,,,,,,,,,,,,,,,,,,,,,,,,,,,
,,,,,,,,09/17/27,,,,,11/12/27,,11/23/27,,,,,,,,,,,,,,,NO,,,,,,,,,,,,,,,,,,,,,,,,,,,,,,,,,,,,,,,
,,,,,,,,09/20/27,,,,,11/15/27,,11/24/27,,,,,,,,,,,,,,,NO,,,,,,,,,,,,,,,,,,,,,,,,,,,,,,,,,,,,,,,
,,,,,,,,09/20/27,,,,,11/15/27,,11/24/27,,,,,,,,,,,,,,,NO,,,,,,,,,,,,,,,,,,,,,,,,,,,,,,,,,,,,,,,
,,,,,,,,09/20/27,,,,,11/15/27,,11/24/27,,,,,,,,,,,,,,,NO,,,,,,,,,,,,,,,,,,,,,,,,,,,,,,,,,,,,,,,
,,,,,,,,09/21/27,,,,,11/16/27,,11/29/27,,,,,,,,,,,,,,,NO,,,,,,,,,,,,,,,,,,,,,,,,,,,,,,,,,,,,,,,
,,,,,,,,09/21/27,,,,,11/16/27,,11/29/27,,,,,,,,,,,,,,,NO,,,,,,,,,,,,,,,,,,,,,,,,,,,,,,,,,,,,,,,
,,,,,,,,09/21/27,,,,,11/16/27,,11/29/27,,,,,,,,,,,,,,,NO,,,,,,,,,,,,,,,,,,,,,,,,,,,,,,,,,,,,,,,
,,,,,,,,09/22/27,,,,,11/17/27,,11/30/27,,,,,,,,,,,,,,,NO,,,,,,,,,,,,,,,,,,,,,,,,,,,,,,,,,,,,,,,
,,,,,,,,09/22/27,,,,,11/17/27,,11/30/27,,,,,,,,,,,,,,,NO,,,,,,,,,,,,,,,,,,,,,,,,,,,,,,,,,,,,,,,
,,,,,,,,09/22/27,,,,,11/17/27,,11/30/27,,,,,,,,,,,,,,,NO,,,,,,,,,,,,,,,,,,,,,,,,,,,,,,,,,,,,,,,
,,,,,,,,09/23/27,,,,,11/18/27,,12/01/27,,,,,,,,,,,,,,,NO,,,,,,,,,,,,,,,,,,,,,,,,,,,,,,,,,,,,,,,
,,,,,,,,09/23/27,,,,,11/18/27,,12/01/27,,,,,,,,,,,,,,,NO,,,,,,,,,,,,,,,,,,,,,,,,,,,,,,,,,,,,,,,
,,,,,,,,09/23/27,,,,,11/18/27,,12/01/27,,,,,,,,,,,,,,,NO,,,,,,,,,,,,,,,,,,,,,,,,,,,,,,,,,,,,,,,
,,,,,,,,09/24/27,,,,,11/19/27,,12/02/27,,,,,,,,,,,,,,,NO,,,,,,,,,,,,,,,,,,,,,,,,,,,,,,,,,,,,,,,
,,,,,,,,09/24/27,,,,,11/19/27,,12/02/27,,,,,,,,,,,,,,,NO,,,,,,,,,,,,,,,,,,,,,,,,,,,,,,,,,,,,,,,
,,,,,,,,09/24/27,,,,,11/19/27,,12/02/27,,,,,,,,,,,,,,,NO,,,,,,,,,,,,,,,,,,,,,,,,,,,,,,,,,,,,,,,
,,,,,,,,09/27/27,,,,,11/22/27,,12/03/27,,,,,,,,,,,,,,,NO,,,,,,,,,,,,,,,,,,,,,,,,,,,,,,,,,,,,,,,
,,,,,,,,09/27/27,,,,,11/22/27,,12/03/27,,,,,,,,,,,,,,,NO,,,,,,,,,,,,,,,,,,,,,,,,,,,,,,,,,,,,,,,
,,,,,,,,09/27/27,,,,,11/22/27,,12/03/27,,,,,,,,,,,,,,,NO,,,,,,,,,,,,,,,,,,,,,,,,,,,,,,,,,,,,,,,
,,,,,,,,09/28/27,,,,,11/23/27,,12/06/27,,,,,,,,,,,,,,,NO,,,,,,,,,,,,,,,,,,,,,,,,,,,,,,,,,,,,,,,
,,,,Offskid,PENDING-N,,,09/28/27,,,,,11/23/27,,12/06/27,,,,,,,#VALUE!,,,,,,,,NO,,,,,,,,,,,,,,,,,,,,,,,,,,,,,,,,,,,,,,,
,,,,,,,,09/28/27,,,,,11/23/27,,12/06/27,,,,,,,,,,,,,,,NO,,,,,,,,,,,,,,,,,,,,,,,,,,,,,,,,,,,,,,,
,,,,,,,,09/29/27,,,,,11/24/27,,12/07/27,,,,,,,,,,,,,,,NO,,,,,,,,,,,,,,,,,,,,,,,,,,,,,,,,,,,,,,,
,,,,,,,,09/29/27,,,,,11/24/27,,12/07/27,,,,,,,,,,,,,,,NO,,,,,,,,,,,,,,,,,,,,,,,,,,,,,,,,,,,,,,,
,,,,,,,,09/29/27,,,,,11/24/27,,12/07/27,,,,,,,,,,,,,,,NO,,,,,,,,,,,,,,,,,,,,,,,,,,,,,,,,,,,,,,,
,,,,,,,,09/30/27,,,,,11/29/27,,12/08/27,,,,,,,,,,,,,,,NO,,,,,,,,,,,,,,,,,,,,,,,,,,,,,,,,,,,,,,,
,,,,,,,,09/30/27,,,,,11/29/27,,12/08/27,,,,,,,,,,,,,,,NO,,,,,,,,,,,,,,,,,,,,,,,,,,,,,,,,,,,,,,,
,,,,,,,,09/30/27,,,,,11/29/27,,12/08/27,,,,,,,,,,,,,,,NO,,,,,,,,,,,,,,,,,,,,,,,,,,,,,,,,,,,,,,,
,,,,,,,,10/01/27,,,,,11/30/27,,12/09/27,,,,,,,,,,,,,,,NO,,,,,,,,,,,,,,,,,,,,,,,,,,,,,,,,,,,,,,,
,,,,,,,,10/01/27,,,,,11/30/27,,12/09/27,,,,,,,,,,,,,,,NO,,,,,,,,,,,,,,,,,,,,,,,,,,,,,,,,,,,,,,,
,,,,,,,,10/01/27,,,,,11/30/27,,12/09/27,,,,,,,,,,,,,,,NO,,,,,,,,,,,,,,,,,,,,,,,,,,,,,,,,,,,,,,,
,,,,,,,,10/04/27,,,,,12/01/27,,12/10/27,,,,,,,,,,,,,,,NO,,,,,,,,,,,,,,,,,,,,,,,,,,,,,,,,,,,,,,,
,,,,,,,,10/04/27,,,,,12/01/27,,12/10/27,,,,,,,,,,,,,,,NO,,,,,,,,,,,,,,,,,,,,,,,,,,,,,,,,,,,,,,,
,,,,,,,,10/04/27,,,,,12/01/27,,12/10/27,,,,,,,,,,,,,,,NO,,,,,,,,,,,,,,,,,,,,,,,,,,,,,,,,,,,,,,,
,,,,,,,,10/05/27,,,,,12/02/27,,12/13/27,,,,,,,,,,,,,,,NO,,,,,,,,,,,,,,,,,,,,,,,,,,,,,,,,,,,,,,,
,,,,,,,,10/05/27,,,,,12/02/27,,12/13/27,,,,,,,,,,,,,,,NO,,,,,,,,,,,,,,,,,,,,,,,,,,,,,,,,,,,,,,,
,,,,,,,,10/05/27,,,,,12/02/27,,12/13/27,,,,,,,,,,,,,,,NO,,,,,,,,,,,,,,,,,,,,,,,,,,,,,,,,,,,,,,,
,,,,,,,,10/06/27,,,,,12/03/27,,12/14/27,,,,,,,,,,,,,,,NO,,,,,,,,,,,,,,,,,,,,,,,,,,,,,,,,,,,,,,,
,,,,,,,,10/06/27,,,,,12/03/27,,12/14/27,,,,,,,,,,,,,,,NO,,,,,,,,,,,,,,,,,,,,,,,,,,,,,,,,,,,,,,,
,,,,,,,,10/06/27,,,,,12/03/27,,12/14/27,,,,,,,,,,,,,,,NO,,,,,,,,,,,,,,,,,,,,,,,,,,,,,,,,,,,,,,,
,,,,,,,,10/07/27,,,,,12/06/27,,12/15/27,,,,,,,,,,,,,,,NO,,,,,,,,,,,,,,,,,,,,,,,,,,,,,,,,,,,,,,,
,,,,,,,,10/07/27,,,,,12/06/27,,12/15/27,,,,,,,,,,,,,,,NO,,,,,,,,,,,,,,,,,,,,,,,,,,,,,,,,,,,,,,,
,,,,,,,,10/07/27,,,,,12/06/27,,12/15/27,,,,,,,,,,,,,,,NO,,,,,,,,,,,,,,,,,,,,,,,,,,,,,,,,,,,,,,,
,,,,,,,,10/08/27,,,,,12/07/27,,12/16/27,,,,,,,,,,,,,,,NO,,,,,,,,,,,,,,,,,,,,,,,,,,,,,,,,,,,,,,,
,,,,,,,,10/08/27,,,,,12/07/27,,12/16/27,,,,,,,,,,,,,,,NO,,,,,,,,,,,,,,,,,,,,,,,,,,,,,,,,,,,,,,,
,,,,,,,,10/08/27,,,,,12/07/27,,12/16/27,,,,,,,,,,,,,,,NO,,,,,,,,,,,,,,,,,,,,,,,,,,,,,,,,,,,,,,,
,,,,,,,,10/11/27,,,,,12/08/27,,12/17/27,,,,,,,,,,,,,,,NO,,,,,,,,,,,,,,,,,,,,,,,,,,,,,,,,,,,,,,,
,,,,,,,,10/11/27,,,,,12/08/27,,12/17/27,,,,,,,,,,,,,,,NO,,,,,,,,,,,,,,,,,,,,,,,,,,,,,,,,,,,,,,,
,,,,,,,,10/11/27,,,,,12/08/27,,12/17/27,,,,,,,,,,,,,,,NO,,,,,,,,,,,,,,,,,,,,,,,,,,,,,,,,,,,,,,,
,,,,,,,,10/12/27,,,,,12/09/27,,12/20/27,,,,,,,,,,,,,,,NO,,,,,,,,,,,,,,,,,,,,,,,,,,,,,,,,,,,,,,,
,,,,,,,,10/12/27,,,,,12/09/27,,12/20/27,,,,,,,,,,,,,,,NO,,,,,,,,,,,,,,,,,,,,,,,,,,,,,,,,,,,,,,,
,,,,,,,,10/12/27,,,,,12/09/27,,12/20/27,,,,,,,,,,,,,,,NO,,,,,,,,,,,,,,,,,,,,,,,,,,,,,,,,,,,,,,,
,,,,,,,,10/13/27,,,,,12/10/27,,12/21/27,,,,,,,,,,,,,,,NO,,,,,,,,,,,,,,,,,,,,,,,,,,,,,,,,,,,,,,,
,,,,,,,,10/13/27,,,,,12/10/27,,12/21/27,,,,,,,,,,,,,,,NO,,,,,,,,,,,,,,,,,,,,,,,,,,,,,,,,,,,,,,,
,,,,,,,,10/13/27,,,,,12/10/27,,12/21/27,,,,,,,,,,,,,,,NO,,,,,,,,,,,,,,,,,,,,,,,,,,,,,,,,,,,,,,,
,,,,Onskid,IPC,,,10/14/27,,,,,12/13/27,,12/22/27,,,,,,,,,,01/12/28,,,,,NO,,,,,,,,,,,,,,,,,,,,,,,,,,,,,,,,,,,,,,,
,,,,,,,,10/14/27,,,,,12/13/27,,12/22/27,,,,,,,,,,,,,,,NO,,,,,,,,,,,,,,,,,,,,,,,,,,,,,,,,,,,,,,,
,,,,,,,,10/14/27,,,,,12/13/27,,12/22/27,,,,,,,,,,,,,,,NO,,,,,,,,,,,,,,,,,,,,,,,,,,,,,,,,,,,,,,,
,,,,,,,,10/15/27,,,,,12/14/27,,12/23/27,,,,,,,,,,,,,,,NO,,,,,,,,,,,,,,,,,,,,,,,,,,,,,,,,,,,,,,,
,,,,,,,,10/15/27,,,,,12/14/27,,12/23/27,,,,,,,,,,,,,,,NO,,,,,,,,,,,,,,,,,,,,,,,,,,,,,,,,,,,,,,,
,,,,,,,,10/15/27,,,,,12/14/27,,12/23/27,,,,,,,,,,,,,,,NO,,,,,,,,,,,,,,,,,,,,,,,,,,,,,,,,,,,,,,,
,,,,,,,,10/18/27,,,,,12/15/27,,01/03/28,,,,,,,,,,,,,,,NO,,,,,,,,,,,,,,,,,,,,,,,,,,,,,,,,,,,,,,,
,,,,,,,,10/18/27,,,,,12/15/27,,01/03/28,,,,,,,,,,,,,,,NO,,,,,,,,,,,,,,,,,,,,,,,,,,,,,,,,,,,,,,,
,,,,,,,,10/18/27,,,,,12/15/27,,01/03/28,,,,,,,,,,,,,,,NO,,,,,,,,,,,,,,,,,,,,,,,,,,,,,,,,,,,,,,,
,,,,,,,,10/19/27,,,,,12/16/27,,01/04/28,,,,,,,,,,,,,,,NO,,,,,,,,,,,,,,,,,,,,,,,,,,,,,,,,,,,,,,,
,,,,,,,,10/19/27,,,,,12/16/27,,01/04/28,,,,,,,,,,,,,,,NO,,,,,,,,,,,,,,,,,,,,,,,,,,,,,,,,,,,,,,,
,,,,,,,,10/19/27,,,,,12/16/27,,01/04/28,,,,,,,,,,,,,,,NO,,,,,,,,,,,,,,,,,,,,,,,,,,,,,,,,,,,,,,,
,,,,,,,,10/20/27,,,,,12/17/27,,01/05/28,,,,,,,,,,,,,,,NO,,,,,,,,,,,,,,,,,,,,,,,,,,,,,,,,,,,,,,,
,,,,,,,,10/20/27,,,,,12/17/27,,01/05/28,,,,,,,,,,,,,,,NO,,,,,,,,,,,,,,,,,,,,,,,,,,,,,,,,,,,,,,,
,,,,,,,,10/20/27,,,,,12/17/27,,01/05/28,,,,,,,,,,,,,,,NO,,,,,,,,,,,,,,,,,,,,,,,,,,,,,,,,,,,,,,,
,,,,,,,,10/21/27,,,,,12/20/27,,01/06/28,,,,,,,,,,,,,,,NO,,,,,,,,,,,,,,,,,,,,,,,,,,,,,,,,,,,,,,,
,,,,,,,,10/21/27,,,,,12/20/27,,01/06/28,,,,,,,,,,,,,,,NO,,,,,,,,,,,,,,,,,,,,,,,,,,,,,,,,,,,,,,,
,,,,,,,,10/21/27,,,,,12/20/27,,01/06/28,,,,,,,,,,,,,,,NO,,,,,,,,,,,,,,,,,,,,,,,,,,,,,,,,,,,,,,,
,,,,,,,,10/22/27,,,,,12/21/27,,01/07/28,,,,,,,,,,,,,,,NO,,,,,,,,,,,,,,,,,,,,,,,,,,,,,,,,,,,,,,,
,,,,,,,,10/22/27,,,,,12/21/27,,01/07/28,,,,,,,,,,,,,,,NO,,,,,,,,,,,,,,,,,,,,,,,,,,,,,,,,,,,,,,,
,,,,,,,,10/22/27,,,,,12/21/27,,01/07/28,,,,,,,,,,,,,,,NO,,,,,,,,,,,,,,,,,,,,,,,,,,,,,,,,,,,,,,,
,,,,Offskid,PENDING-N,,,10/25/27,,,,,12/22/27,,01/10/28,,,,,,,#VALUE!,,,,,,,,NO,,,,,,,,,,,,,,,,,,,,,,,,,,,,,,,,,,,,,,,
,,,,,,,,10/25/27,,,,,12/22/27,,01/10/28,,,,,,,,,,,,,,,NO,,,,,,,,,,,,,,,,,,,,,,,,,,,,,,,,,,,,,,,
,,,,Offskid,PENDING-N,,,10/25/27,,,,,12/22/27,,01/10/28,,,,,,,#VALUE!,,,,,,,,NO,,,,,,,,,,,,,,,,,,,,,,,,,,,,,,,,,,,,,,,
,,,,,,,,10/26/27,,,,,12/23/27,,01/11/28,,,,,,,,,,,,,,,NO,,,,,,,,,,,,,,,,,,,,,,,,,,,,,,,,,,,,,,,
,,,,,,,,10/26/27,,,,,12/23/27,,01/11/28,,,,,,,,,,,,,,,NO,,,,,,,,,,,,,,,,,,,,,,,,,,,,,,,,,,,,,,,
,,,,,,,,10/26/27,,,,,12/23/27,,01/11/28,,,,,,,,,,,,,,,NO,,,,,,,,,,,,,,,,,,,,,,,,,,,,,,,,,,,,,,,
,,,,,,,,10/27/27,,,,,01/03/28,,01/12/28,,,,,,,,,,,,,,,NO,,,,,,,,,,,,,,,,,,,,,,,,,,,,,,,,,,,,,,,
,,,,,,,,10/27/27,,,,,01/03/28,,01/12/28,,,,,,,,,,,,,,,NO,,,,,,,,,,,,,,,,,,,,,,,,,,,,,,,,,,,,,,,
,,,,,,,,10/27/27,,,,,01/03/28,,01/12/28,,,,,,,,,,,,,,,NO,,,,,,,,,,,,,,,,,,,,,,,,,,,,,,,,,,,,,,,
,,,,,,,,10/28/27,,,,,01/04/28,,01/13/28,,,,,,,,,,,,,,,NO,,,,,,,,,,,,,,,,,,,,,,,,,,,,,,,,,,,,,,,
,,,,,,,,10/28/27,,,,,01/04/28,,01/13/28,,,,,,,,,,,,,,,NO,,,,,,,,,,,,,,,,,,,,,,,,,,,,,,,,,,,,,,,
,,,,,,,,10/28/27,,,,,01/04/28,,01/13/28,,,,,,,,,,,,,,,NO,,,,,,,,,,,,,,,,,,,,,,,,,,,,,,,,,,,,,,,
,,,,,,,,10/29/27,,,,,01/05/28,,01/14/28,,,,,,,,,,,,,,,NO,,,,,,,,,,,,,,,,,,,,,,,,,,,,,,,,,,,,,,,
,,,,,,,,10/29/27,,,,,01/05/28,,01/14/28,,,,,,,,,,,,,,,NO,,,,,,,,,,,,,,,,,,,,,,,,,,,,,,,,,,,,,,,
,,,,,,,,10/29/27,,,,,01/05/28,,01/14/28,,,,,,,,,,,,,,,NO,,,,,,,,,,,,,,,,,,,,,,,,,,,,,,,,,,,,,,,
,,,,,,,,11/01/27,,,,,01/06/28,,01/18/28,,,,,,,,,,,,,,,NO,,,,,,,,,,,,,,,,,,,,,,,,,,,,,,,,,,,,,,,
,,,,,,,,11/01/27,,,,,01/06/28,,01/18/28,,,,,,,,,,,,,,,NO,,,,,,,,,,,,,,,,,,,,,,,,,,,,,,,,,,,,,,,
,,,,,,,,11/01/27,,,,,01/06/28,,01/18/28,,,,,,,,,,,,,,,NO,,,,,,,,,,,,,,,,,,,,,,,,,,,,,,,,,,,,,,,
,,,,,,,,11/02/27,,,,,01/07/28,,01/19/28,,,,,,,,,,,,,,,NO,,,,,,,,,,,,,,,,,,,,,,,,,,,,,,,,,,,,,,,
,,,,,,,,11/02/27,,,,,01/07/28,,01/19/28,,,,,,,,,,,,,,,NO,,,,,,,,,,,,,,,,,,,,,,,,,,,,,,,,,,,,,,,
,,,,,,,,11/02/27,,,,,01/07/28,,01/19/28,,,,,,,,,,,,,,,NO,,,,,,,,,,,,,,,,,,,,,,,,,,,,,,,,,,,,,,,
,,,,,,,,11/03/27,,,,,01/10/28,,01/20/28,,,,,,,,,,,,,,,NO,,,,,,,,,,,,,,,,,,,,,,,,,,,,,,,,,,,,,,,
,,,,,,,,11/03/27,,,,,01/10/28,,01/20/28,,,,,,,,,,,,,,,NO,,,,,,,,,,,,,,,,,,,,,,,,,,,,,,,,,,,,,,,
,,,,,,,,11/03/27,,,,,01/10/28,,01/20/28,,,,,,,,,,,,,,,NO,,,,,,,,,,,,,,,,,,,,,,,,,,,,,,,,,,,,,,,
,,,,,,,,11/04/27,,,,,01/11/28,,01/21/28,,,,,,,,,,,,,,,NO,,,,,,,,,,,,,,,,,,,,,,,,,,,,,,,,,,,,,,,
,,,,Onskid,ARM-M,,,11/04/27,,,,,01/11/28,,01/21/28,,,,,,,,,,02/03/28,,,,,NO,,,,,,,,,,,,,,,,,,,,,,,,,,,,,,,,,,,,,,,
,,,,Onskid,ARM-M,,,see #1,,,,,01/11/28,,see #1,,,,,,,,,,02/11/28,,,,,NO,,,,,,,,,,,,,,,,,,,,,,,,,,,,,,,,,,,,,,,
,,,,Onskid,ARM-M,,,see #1,,,,,01/12/28,,see #1,,,,,,,,,,02/16/28,,,,,NO,,,,,,,,,,,,,,,,,,,,,,,,,,,,,,,,,,,,,,,
,,,,Onskid,ARM-M,,,see #1,,,,,01/12/28,,see #1,,,,,,,,,,02/21/28,,,,,NO,,,,,,,,,,,,,,,,,,,,,,,,,,,,,,,,,,,,,,,
,,,,,,,,11/05/27,,,,,01/12/28,,01/24/28,,,,,,,,,,,,,,,NO,,,,,,,,,,,,,,,,,,,,,,,,,,,,,,,,,,,,,,,
,,,,,,,,11/08/27,,,,,01/13/28,,01/25/28,,,,,,,,,,,,,,,NO,,,,,,,,,,,,,,,,,,,,,,,,,,,,,,,,,,,,,,,
,,,,,,,,11/08/27,,,,,01/13/28,,01/25/28,,,,,,,,,,,,,,,NO,,,,,,,,,,,,,,,,,,,,,,,,,,,,,,,,,,,,,,,
,,,,,,,,11/08/27,,,,,01/13/28,,01/25/28,,,,,,,,,,,,,,,NO,,,,,,,,,,,,,,,,,,,,,,,,,,,,,,,,,,,,,,,
,,,,,,,,11/09/27,,,,,01/14/28,,01/26/28,,,,,,,,,,,,,,,NO,,,,,,,,,,,,,,,,,,,,,,,,,,,,,,,,,,,,,,,
,,,,,,,,11/09/27,,,,,01/14/28,,01/26/28,,,,,,,,,,,,,,,NO,,,,,,,,,,,,,,,,,,,,,,,,,,,,,,,,,,,,,,,
,,,,,,,,11/09/27,,,,,01/14/28,,01/26/28,,,,,,,,,,,,,,,NO,,,,,,,,,,,,,,,,,,,,,,,,,,,,,,,,,,,,,,,
,,,,,,,,11/10/27,,,,,01/18/28,,01/27/28,,,,,,,,,,,,,,,NO,,,,,,,,,,,,,,,,,,,,,,,,,,,,,,,,,,,,,,,
,,,,,,,,11/10/27,,,,,01/18/28,,01/27/28,,,,,,,,,,,,,,,NO,,,,,,,,,,,,,,,,,,,,,,,,,,,,,,,,,,,,,,,
,,,,,,,,11/10/27,,,,,01/18/28,,01/27/28,,,,,,,,,,,,,,,NO,,,,,,,,,,,,,,,,,,,,,,,,,,,,,,,,,,,,,,,
,,,,,,,,11/11/27,,,,,01/19/28,,01/28/28,,,,,,,,,,,,,,,NO,,,,,,,,,,,,,,,,,,,,,,,,,,,,,,,,,,,,,,,
,,,,,,,,11/11/27,,,,,01/19/28,,01/28/28,,,,,,,,,,,,,,,NO,,,,,,,,,,,,,,,,,,,,,,,,,,,,,,,,,,,,,,,
,,,,,,,,11/11/27,,,,,01/19/28,,01/28/28,,,,,,,,,,,,,,,NO,,,,,,,,,,,,,,,,,,,,,,,,,,,,,,,,,,,,,,,
,,,,,,,,11/12/27,,,,,01/20/28,,01/31/28,,,,,,,,,,,,,,,NO,,,,,,,,,,,,,,,,,,,,,,,,,,,,,,,,,,,,,,,
,,,,,,,,11/12/27,,,,,01/20/28,,01/31/28,,,,,,,,,,,,,,,NO,,,,,,,,,,,,,,,,,,,,,,,,,,,,,,,,,,,,,,,
,,,,,,,,11/12/27,,,,,01/20/28,,01/31/28,,,,,,,,,,,,,,,NO,,,,,,,,,,,,,,,,,,,,,,,,,,,,,,,,,,,,,,,
,,,,,,,,11/15/27,,,,,01/21/28,,02/01/28,,,,,,,,,,,,,,,NO,,,,,,,,,,,,,,,,,,,,,,,,,,,,,,,,,,,,,,,
,,,,,,,,11/15/27,,,,,01/21/28,,02/01/28,,,,,,,,,,,,,,,NO,,,,,,,,,,,,,,,,,,,,,,,,,,,,,,,,,,,,,,,
,,,,,,,,11/15/27,,,,,01/21/28,,02/01/28,,,,,,,,,,,,,,,NO,,,,,,,,,,,,,,,,,,,,,,,,,,,,,,,,,,,,,,,
,,,,,,,,11/16/27,,,,,01/24/28,,02/02/28,,,,,,,,,,,,,,,NO,,,,,,,,,,,,,,,,,,,,,,,,,,,,,,,,,,,,,,,
,,,,,,,,11/16/27,,,,,01/24/28,,02/02/28,,,,,,,,,,,,,,,NO,,,,,,,,,,,,,,,,,,,,,,,,,,,,,,,,,,,,,,,
,,,,,,,,11/16/27,,,,,01/24/28,,02/02/28,,,,,,,,,,,,,,,NO,,,,,,,,,,,,,,,,,,,,,,,,,,,,,,,,,,,,,,,
,,,,,,,,11/17/27,,,,,01/25/28,,02/03/28,,,,,,,,,,,,,,,NO,,,,,,,,,,,,,,,,,,,,,,,,,,,,,,,,,,,,,,,
,,,,,,,,11/17/27,,,,,01/25/28,,02/03/28,,,,,,,,,,,,,,,NO,,,,,,,,,,,,,,,,,,,,,,,,,,,,,,,,,,,,,,,
,,,,,,,,11/17/27,,,,,01/25/28,,02/03/28,,,,,,,,,,,,,,,NO,,,,,,,,,,,,,,,,,,,,,,,,,,,,,,,,,,,,,,,
,,,,,,,,11/18/27,,,,,01/26/28,,02/04/28,,,,,,,,,,,,,,,NO,,,,,,,,,,,,,,,,,,,,,,,,,,,,,,,,,,,,,,,
,,,,,,,,11/18/27,,,,,01/26/28,,02/04/28,,,,,,,,,,,,,,,NO,,,,,,,,,,,,,,,,,,,,,,,,,,,,,,,,,,,,,,,
,,,,,,,,11/18/27,,,,,01/26/28,,02/04/28,,,,,,,,,,,,,,,NO,,,,,,,,,,,,,,,,,,,,,,,,,,,,,,,,,,,,,,,
,,,,,,,,11/19/27,,,,,01/27/28,,02/07/28,,,,,,,,,,,,,,,NO,,,,,,,,,,,,,,,,,,,,,,,,,,,,,,,,,,,,,,,
,,,,,,,,11/19/27,,,,,01/27/28,,02/07/28,,,,,,,,,,,,,,,NO,,,,,,,,,,,,,,,,,,,,,,,,,,,,,,,,,,,,,,,
,,,,,,,,11/19/27,,,,,01/27/28,,02/07/28,,,,,,,,,,,,,,,NO,,,,,,,,,,,,,,,,,,,,,,,,,,,,,,,,,,,,,,,
,,,,,,,,11/22/27,,,,,01/28/28,,02/08/28,,,,,,,,,,,,,,,NO,,,,,,,,,,,,,,,,,,,,,,,,,,,,,,,,,,,,,,,
,,,,,,,,11/22/27,,,,,01/28/28,,02/08/28,,,,,,,,,,,,,,,NO,,,,,,,,,,,,,,,,,,,,,,,,,,,,,,,,,,,,,,,
,,,,,,,,11/22/27,,,,,01/28/28,,02/08/28,,,,,,,,,,,,,,,NO,,,,,,,,,,,,,,,,,,,,,,,,,,,,,,,,,,,,,,,
,,,,,,,,11/23/27,,,,,01/31/28,,02/09/28,,,,,,,,,,,,,,,NO,,,,,,,,,,,,,,,,,,,,,,,,,,,,,,,,,,,,,,,
,,,,,,,,11/23/27,,,,,01/31/28,,02/09/28,,,,,,,,,,,,,,,NO,,,,,,,,,,,,,,,,,,,,,,,,,,,,,,,,,,,,,,,
,,,,,,,,11/23/27,,,,,01/31/28,,02/09/28,,,,,,,,,,,,,,,NO,,,,,,,,,,,,,,,,,,,,,,,,,,,,,,,,,,,,,,,
,,,,,,,,11/24/27,,,,,02/01/28,,02/10/28,,,,,,,,,,,,,,,NO,,,,,,,,,,,,,,,,,,,,,,,,,,,,,,,,,,,,,,,
,,,,,,,,11/24/27,,,,,02/01/28,,02/10/28,,,,,,,,,,,,,,,NO,,,,,,,,,,,,,,,,,,,,,,,,,,,,,,,,,,,,,,,
,,,,,,,,11/24/27,,,,,02/01/28,,02/10/28,,,,,,,,,,,,,,,NO,,,,,,,,,,,,,,,,,,,,,,,,,,,,,,,,,,,,,,,
,,,,,,,,11/29/27,,,,,02/02/28,,02/11/28,,,,,,,,,,,,,,,NO,,,,,,,,,,,,,,,,,,,,,,,,,,,,,,,,,,,,,,,
,,,,,,,,11/29/27,,,,,02/02/28,,02/11/28,,,,,,,,,,,,,,,NO,,,,,,,,,,,,,,,,,,,,,,,,,,,,,,,,,,,,,,,
,,,,,,,,11/29/27,,,,,02/02/28,,02/11/28,,,,,,,,,,,,,,,NO,,,,,,,,,,,,,,,,,,,,,,,,,,,,,,,,,,,,,,,
,,,,,,,,11/30/27,,,,,02/03/28,,02/14/28,,,,,,,,,,,,,,,NO,,,,,,,,,,,,,,,,,,,,,,,,,,,,,,,,,,,,,,,
,,,,,,,,11/30/27,,,,,02/03/28,,02/14/28,,,,,,,,,,,,,,,NO,,,,,,,,,,,,,,,,,,,,,,,,,,,,,,,,,,,,,,,
,,,,,,,,11/30/27,,,,,02/03/28,,02/14/28,,,,,,,,,,,,,,,NO,,,,,,,,,,,,,,,,,,,,,,,,,,,,,,,,,,,,,,,
,,,,,,,,12/01/27,,,,,02/04/28,,02/15/28,,,,,,,,,,,,,,,NO,,,,,,,,,,,,,,,,,,,,,,,,,,,,,,,,,,,,,,,
,,,,,,,,12/01/27,,,,,02/04/28,,02/15/28,,,,,,,,,,,,,,,NO,,,,,,,,,,,,,,,,,,,,,,,,,,,,,,,,,,,,,,,
,,,,,,,,12/01/27,,,,,02/04/28,,02/15/28,,,,,,,,,,,,,,,NO,,,,,,,,,,,,,,,,,,,,,,,,,,,,,,,,,,,,,,,
,,,,,,,,12/02/27,,,,,02/07/28,,02/16/28,,,,,,,,,,,,,,,NO,,,,,,,,,,,,,,,,,,,,,,,,,,,,,,,,,,,,,,,
,,,,,,,,12/02/27,,,,,02/07/28,,02/16/28,,,,,,,,,,,,,,,NO,,,,,,,,,,,,,,,,,,,,,,,,,,,,,,,,,,,,,,,
,,,,,,,,12/02/27,,,,,02/07/28,,02/16/28,,,,,,,,,,,,,,,NO,,,,,,,,,,,,,,,,,,,,,,,,,,,,,,,,,,,,,,,
,,,,Onskid,STOCK,,,see #1,,,,,02/08/28,,see #1,,,,,,,,,,03/01/28,,,,,NO,,,,,,,,,,,,,,,,,,,,,,,,,,,,,,,,,,,,,,,
,,,,Onskid,STOCK,,,see #1,,,,,02/08/28,,see #1,,,,,,,,,,03/02/28,,,,,NO,,,,,,,,,,,,,,,,,,,,,,,,,,,,,,,,,,,,,,,
,,,,,,,,12/03/27,,,,,02/08/28,,02/17/28,,,,,,,,,,,,,,,NO,,,,,,,,,,,,,,,,,,,,,,,,,,,,,,,,,,,,,,,
,,,,,,,,12/06/27,,,,,02/09/28,,02/18/28,,,,,,,,,,,,,,,NO,,,,,,,,,,,,,,,,,,,,,,,,,,,,,,,,,,,,,,,
,,,,,,,,12/06/27,,,,,02/09/28,,02/18/28,,,,,,,,,,,,,,,NO,,,,,,,,,,,,,,,,,,,,,,,,,,,,,,,,,,,,,,,
,,,,,,,,12/06/27,,,,,02/09/28,,02/18/28,,,,,,,,,,,,,,,NO,,,,,,,,,,,,,,,,,,,,,,,,,,,,,,,,,,,,,,,
,,,,,,,,12/07/27,,,,,02/10/28,,02/21/28,,,,,,,,,,,,,,,NO,,,,,,,,,,,,,,,,,,,,,,,,,,,,,,,,,,,,,,,
,,,,,,,,12/07/27,,,,,02/10/28,,02/21/28,,,,,,,,,,,,,,,NO,,,,,,,,,,,,,,,,,,,,,,,,,,,,,,,,,,,,,,,
,,,,,,,,12/07/27,,,,,02/10/28,,02/21/28,,,,,,,,,,,,,,,NO,,,,,,,,,,,,,,,,,,,,,,,,,,,,,,,,,,,,,,,
,,,,,,,,12/08/27,,,,,02/11/28,,02/22/28,,,,,,,,,,,,,,,NO,,,,,,,,,,,,,,,,,,,,,,,,,,,,,,,,,,,,,,,
,,,,,,,,12/08/27,,,,,02/11/28,,02/22/28,,,,,,,,,,,,,,,NO,,,,,,,,,,,,,,,,,,,,,,,,,,,,,,,,,,,,,,,
,,,,,,,,12/08/27,,,,,02/11/28,,02/22/28,,,,,,,,,,,,,,,NO,,,,,,,,,,,,,,,,,,,,,,,,,,,,,,,,,,,,,,,
,,,,,,,,12/09/27,,,,,02/14/28,,02/23/28,,,,,,,,,,,,,,,NO,,,,,,,,,,,,,,,,,,,,,,,,,,,,,,,,,,,,,,,
,,,,,,,,12/09/27,,,,,02/14/28,,02/23/28,,,,,,,,,,,,,,,NO,,,,,,,,,,,,,,,,,,,,,,,,,,,,,,,,,,,,,,,
,,,,,,,,12/09/27,,,,,02/14/28,,02/23/28,,,,,,,,,,,,,,,NO,,,,,,,,,,,,,,,,,,,,,,,,,,,,,,,,,,,,,,,
,,,,,,,,12/10/27,,,,,02/15/28,,02/24/28,,,,,,,,,,,,,,,NO,,,,,,,,,,,,,,,,,,,,,,,,,,,,,,,,,,,,,,,
,,,,,,,,12/10/27,,,,,02/15/28,,02/24/28,,,,,,,,,,,,,,,NO,,,,,,,,,,,,,,,,,,,,,,,,,,,,,,,,,,,,,,,
,,,,,,,,12/10/27,,,,,02/15/28,,02/24/28,,,,,,,,,,,,,,,NO,,,,,,,,,,,,,,,,,,,,,,,,,,,,,,,,,,,,,,,
,,,,,,,,12/13/27,,,,,02/16/28,,02/25/28,,,,,,,,,,,,,,,NO,,,,,,,,,,,,,,,,,,,,,,,,,,,,,,,,,,,,,,,
,,,,,,,,12/13/27,,,,,02/16/28,,02/25/28,,,,,,,,,,,,,,,NO,,,,,,,,,,,,,,,,,,,,,,,,,,,,,,,,,,,,,,,
,,,,,,,,12/13/27,,,,,02/16/28,,02/25/28,,,,,,,,,,,,,,,NO,,,,,,,,,,,,,,,,,,,,,,,,,,,,,,,,,,,,,,,
,,,,,,,,12/14/27,,,,,02/17/28,,02/28/28,,,,,,,,,,,,,,,NO,,,,,,,,,,,,,,,,,,,,,,,,,,,,,,,,,,,,,,,
,,,,,,,,12/14/27,,,,,02/17/28,,02/28/28,,,,,,,,,,,,,,,NO,,,,,,,,,,,,,,,,,,,,,,,,,,,,,,,,,,,,,,,
,,,,,,,,12/14/27,,,,,02/17/28,,02/28/28,,,,,,,,,,,,,,,NO,,,,,,,,,,,,,,,,,,,,,,,,,,,,,,,,,,,,,,,
,,,,,,,,12/15/27,,,,,02/18/28,,02/29/28,,,,,,,,,,,,,,,NO,,,,,,,,,,,,,,,,,,,,,,,,,,,,,,,,,,,,,,,
,,,,,,,,12/15/27,,,,,02/18/28,,02/29/28,,,,,,,,,,,,,,,NO,,,,,,,,,,,,,,,,,,,,,,,,,,,,,,,,,,,,,,,
,,,,,,,,12/15/27,,,,,02/18/28,,02/29/28,,,,,,,,,,,,,,,NO,,,,,,,,,,,,,,,,,,,,,,,,,,,,,,,,,,,,,,,
,,,,,,,,12/16/27,,,,,02/21/28,,03/01/28,,,,,,,,,,,,,,,NO,,,,,,,,,,,,,,,,,,,,,,,,,,,,,,,,,,,,,,,
,,,,,,,,12/16/27,,,,,02/21/28,,03/01/28,,,,,,,,,,,,,,,NO,,,,,,,,,,,,,,,,,,,,,,,,,,,,,,,,,,,,,,,
,,,,,,,,12/16/27,,,,,02/21/28,,03/01/28,,,,,,,,,,,,,,,NO,,,,,,,,,,,,,,,,,,,,,,,,,,,,,,,,,,,,,,,
,,,,,,,,12/17/27,,,,,02/22/28,,03/02/28,,,,,,,,,,,,,,,NO,,,,,,,,,,,,,,,,,,,,,,,,,,,,,,,,,,,,,,,
,,,,,,,,12/17/27,,,,,02/22/28,,03/02/28,,,,,,,,,,,,,,,NO,,,,,,,,,,,,,,,,,,,,,,,,,,,,,,,,,,,,,,,
,,,,,,,,12/17/27,,,,,02/22/28,,03/02/28,,,,,,,,,,,,,,,NO,,,,,,,,,,,,,,,,,,,,,,,,,,,,,,,,,,,,,,,
,,,,,,,,12/20/27,,,,,02/23/28,,03/03/28,,,,,,,,,,,,,,,NO,,,,,,,,,,,,,,,,,,,,,,,,,,,,,,,,,,,,,,,
,,,,,,,,12/20/27,,,,,02/23/28,,03/03/28,,,,,,,,,,,,,,,NO,,,,,,,,,,,,,,,,,,,,,,,,,,,,,,,,,,,,,,,
,,,,,,,,12/20/27,,,,,02/23/28,,03/03/28,,,,,,,,,,,,,,,NO,,,,,,,,,,,,,,,,,,,,,,,,,,,,,,,,,,,,,,,
,,,,,,,,12/21/27,,,,,02/24/28,,03/06/28,,,,,,,,,,,,,,,NO,,,,,,,,,,,,,,,,,,,,,,,,,,,,,,,,,,,,,,,
,,,,,,,,12/21/27,,,,,02/24/28,,03/06/28,,,,,,,,,,,,,,,NO,,,,,,,,,,,,,,,,,,,,,,,,,,,,,,,,,,,,,,,
,,,,,,,,12/21/27,,,,,02/24/28,,03/06/28,,,,,,,,,,,,,,,NO,,,,,,,,,,,,,,,,,,,,,,,,,,,,,,,,,,,,,,,
,,,,,,,,12/22/27,,,,,02/25/28,,03/07/28,,,,,,,,,,,,,,,NO,,,,,,,,,,,,,,,,,,,,,,,,,,,,,,,,,,,,,,,
,,,,,,,,12/22/27,,,,,02/25/28,,03/07/28,,,,,,,,,,,,,,,NO,,,,,,,,,,,,,,,,,,,,,,,,,,,,,,,,,,,,,,,
,,,,,,,,12/22/27,,,,,02/25/28,,03/07/28,,,,,,,,,,,,,,,NO,,,,,,,,,,,,,,,,,,,,,,,,,,,,,,,,,,,,,,,
,,,,,,,,12/23/27,,,,,02/28/28,,03/08/28,,,,,,,,,,,,,,,NO,,,,,,,,,,,,,,,,,,,,,,,,,,,,,,,,,,,,,,,
,,,,,,,,12/23/27,,,,,02/28/28,,03/08/28,,,,,,,,,,,,,,,NO,,,,,,,,,,,,,,,,,,,,,,,,,,,,,,,,,,,,,,,
,,,,,,,,12/23/27,,,,,02/28/28,,03/08/28,,,,,,,,,,,,,,,NO,,,,,,,,,,,,,,,,,,,,,,,,,,,,,,,,,,,,,,,
,,,,,,,,01/03/28,,,,,02/29/28,,03/09/28,,,,,,,,,,,,,,,NO,,,,,,,,,,,,,,,,,,,,,,,,,,,,,,,,,,,,,,,
,,,,,,,,01/03/28,,,,,02/29/28,,03/09/28,,,,,,,,,,,,,,,NO,,,,,,,,,,,,,,,,,,,,,,,,,,,,,,,,,,,,,,,
,,,,,,,,01/03/28,,,,,02/29/28,,03/09/28,,,,,,,,,,,,,,,NO,,,,,,,,,,,,,,,,,,,,,,,,,,,,,,,,,,,,,,,
,,,,,,,,01/04/28,,,,,03/01/28,,03/10/28,,,,,,,,,,,,,,,NO,,,,,,,,,,,,,,,,,,,,,,,,,,,,,,,,,,,,,,,
,,,,,,,,01/04/28,,,,,03/01/28,,03/10/28,,,,,,,,,,,,,,,NO,,,,,,,,,,,,,,,,,,,,,,,,,,,,,,,,,,,,,,,
,,,,,,,,01/04/28,,,,,03/01/28,,03/10/28,,,,,,,,,,,,,,,NO,,,,,,,,,,,,,,,,,,,,,,,,,,,,,,,,,,,,,,,
,,,,,,,,01/05/28,,,,,03/02/28,,03/13/28,,,,,,,,,,,,,,,NO,,,,,,,,,,,,,,,,,,,,,,,,,,,,,,,,,,,,,,,
,,,,,,,,01/05/28,,,,,03/02/28,,03/13/28,,,,,,,,,,,,,,,NO,,,,,,,,,,,,,,,,,,,,,,,,,,,,,,,,,,,,,,,
,,,,,,,,01/05/28,,,,,03/02/28,,03/13/28,,,,,,,,,,,,,,,NO,,,,,,,,,,,,,,,,,,,,,,,,,,,,,,,,,,,,,,,
,,,,,,,,01/06/28,,,,,03/03/28,,03/14/28,,,,,,,,,,,,,,,NO,,,,,,,,,,,,,,,,,,,,,,,,,,,,,,,,,,,,,,,
,,,,,,,,01/06/28,,,,,03/03/28,,03/14/28,,,,,,,,,,,,,,,NO,,,,,,,,,,,,,,,,,,,,,,,,,,,,,,,,,,,,,,,
,,,,,,,,01/06/28,,,,,03/03/28,,03/14/28,,,,,,,,,,,,,,,NO,,,,,,,,,,,,,,,,,,,,,,,,,,,,,,,,,,,,,,,
,,,,,,,,01/07/28,,,,,03/06/28,,03/15/28,,,,,,,,,,,,,,,NO,,,,,,,,,,,,,,,,,,,,,,,,,,,,,,,,,,,,,,,
,,,,,,,,01/07/28,,,,,03/06/28,,03/15/28,,,,,,,,,,,,,,,NO,,,,,,,,,,,,,,,,,,,,,,,,,,,,,,,,,,,,,,,
,,,,,,,,01/07/28,,,,,03/06/28,,03/15/28,,,,,,,,,,,,,,,NO,,,,,,,,,,,,,,,,,,,,,,,,,,,,,,,,,,,,,,,
,,,,,,,,01/10/28,,,,,03/07/28,,03/16/28,,,,,,,,,,,,,,,NO,,,,,,,,,,,,,,,,,,,,,,,,,,,,,,,,,,,,,,,
,,,,,,,,01/10/28,,,,,03/07/28,,03/16/28,,,,,,,,,,,,,,,NO,,,,,,,,,,,,,,,,,,,,,,,,,,,,,,,,,,,,,,,
,,,,,,,,01/10/28,,,,,03/07/28,,03/16/28,,,,,,,,,,,,,,,NO,,,,,,,,,,,,,,,,,,,,,,,,,,,,,,,,,,,,,,,
,,,,,,,,01/11/28,,,,,03/08/28,,03/17/28,,,,,,,,,,,,,,,NO,,,,,,,,,,,,,,,,,,,,,,,,,,,,,,,,,,,,,,,
,,,,,,,,01/11/28,,,,,03/08/28,,03/17/28,,,,,,,,,,,,,,,NO,,,,,,,,,,,,,,,,,,,,,,,,,,,,,,,,,,,,,,,
,,,,,,,,01/11/28,,,,,03/08/28,,03/17/28,,,,,,,,,,,,,,,NO,,,,,,,,,,,,,,,,,,,,,,,,,,,,,,,,,,,,,,,
,,,,,,,,01/12/28,,,,,03/09/28,,03/20/28,,,,,,,,,,,,,,,NO,,,,,,,,,,,,,,,,,,,,,,,,,,,,,,,,,,,,,,,
,,,,,,,,01/12/28,,,,,03/09/28,,03/20/28,,,,,,,,,,,,,,,NO,,,,,,,,,,,,,,,,,,,,,,,,,,,,,,,,,,,,,,,
,,,,,,,,01/12/28,,,,,03/09/28,,03/20/28,,,,,,,,,,,,,,,NO,,,,,,,,,,,,,,,,,,,,,,,,,,,,,,,,,,,,,,,
,,,,,,,,01/13/28,,,,,03/10/28,,03/21/28,,,,,,,,,,,,,,,NO,,,,,,,,,,,,,,,,,,,,,,,,,,,,,,,,,,,,,,,
,,,,,,,,01/13/28,,,,,03/10/28,,03/21/28,,,,,,,,,,,,,,,NO,,,,,,,,,,,,,,,,,,,,,,,,,,,,,,,,,,,,,,,
,,,,,,,,01/13/28,,,,,03/10/28,,03/21/28,,,,,,,,,,,,,,,NO,,,,,,,,,,,,,,,,,,,,,,,,,,,,,,,,,,,,,,,
,,,,,,,,01/14/28,,,,,03/13/28,,03/22/28,,,,,,,,,,,,,,,NO,,,,,,,,,,,,,,,,,,,,,,,,,,,,,,,,,,,,,,,
,,,,,,,,01/14/28,,,,,03/13/28,,03/22/28,,,,,,,,,,,,,,,NO,,,,,,,,,,,,,,,,,,,,,,,,,,,,,,,,,,,,,,,
,,,,,,,,01/14/28,,,,,03/13/28,,03/22/28,,,,,,,,,,,,,,,NO,,,,,,,,,,,,,,,,,,,,,,,,,,,,,,,,,,,,,,,
,,,,,,,,01/18/28,,,,,03/14/28,,03/23/28,,,,,,,,,,,,,,,NO,,,,,,,,,,,,,,,,,,,,,,,,,,,,,,,,,,,,,,,
,,,,,,,,01/18/28,,,,,03/14/28,,03/23/28,,,,,,,,,,,,,,,NO,,,,,,,,,,,,,,,,,,,,,,,,,,,,,,,,,,,,,,,
,,,,,,,,01/18/28,,,,,03/14/28,,03/23/28,,,,,,,,,,,,,,,NO,,,,,,,,,,,,,,,,,,,,,,,,,,,,,,,,,,,,,,,
,,,,,,,,01/19/28,,,,,03/15/28,,03/24/28,,,,,,,,,,,,,,,NO,,,,,,,,,,,,,,,,,,,,,,,,,,,,,,,,,,,,,,,
,,,,,,,,01/19/28,,,,,03/15/28,,03/24/28,,,,,,,,,,,,,,,NO,,,,,,,,,,,,,,,,,,,,,,,,,,,,,,,,,,,,,,,
,,,,,,,,01/19/28,,,,,03/15/28,,03/24/28,,,,,,,,,,,,,,,NO,,,,,,,,,,,,,,,,,,,,,,,,,,,,,,,,,,,,,,,
,,,,,,,,01/20/28,,,,,03/16/28,,03/27/28,,,,,,,,,,,,,,,NO,,,,,,,,,,,,,,,,,,,,,,,,,,,,,,,,,,,,,,,
,,,,,,,,01/20/28,,,,,03/16/28,,03/27/28,,,,,,,,,,,,,,,NO,,,,,,,,,,,,,,,,,,,,,,,,,,,,,,,,,,,,,,,
,,,,,,,,01/20/28,,,,,03/16/28,,03/27/28,,,,,,,,,,,,,,,NO,,,,,,,,,,,,,,,,,,,,,,,,,,,,,,,,,,,,,,,
,,,,,,,,01/21/28,,,,,03/17/28,,03/28/28,,,,,,,,,,,,,,,NO,,,,,,,,,,,,,,,,,,,,,,,,,,,,,,,,,,,,,,,
,,,,,,,,01/21/28,,,,,03/17/28,,03/28/28,,,,,,,,,,,,,,,NO,,,,,,,,,,,,,,,,,,,,,,,,,,,,,,,,,,,,,,,
,,,,,,,,01/21/28,,,,,03/17/28,,03/28/28,,,,,,,,,,,,,,,NO,,,,,,,,,,,,,,,,,,,,,,,,,,,,,,,,,,,,,,,
,,,,,,,,01/24/28,,,,,03/20/28,,03/29/28,,,,,,,,,,,,,,,NO,,,,,,,,,,,,,,,,,,,,,,,,,,,,,,,,,,,,,,,
,,,,,,,,01/24/28,,,,,03/20/28,,03/29/28,,,,,,,,,,,,,,,NO,,,,,,,,,,,,,,,,,,,,,,,,,,,,,,,,,,,,,,,
,,,,,,,,01/24/28,,,,,03/20/28,,03/29/28,,,,,,,,,,,,,,,NO,,,,,,,,,,,,,,,,,,,,,,,,,,,,,,,,,,,,,,,
,,,,,,,,01/25/28,,,,,03/21/28,,03/30/28,,,,,,,,,,,,,,,NO,,,,,,,,,,,,,,,,,,,,,,,,,,,,,,,,,,,,,,,
,,,,,,,,01/25/28,,,,,03/21/28,,03/30/28,,,,,,,,,,,,,,,NO,,,,,,,,,,,,,,,,,,,,,,,,,,,,,,,,,,,,,,,
,,,,,,,,01/25/28,,,,,03/21/28,,03/30/28,,,,,,,,,,,,,,,NO,,,,,,,,,,,,,,,,,,,,,,,,,,,,,,,,,,,,,,,
,,,,,,,,01/26/28,,,,,03/22/28,,03/31/28,,,,,,,,,,,,,,,NO,,,,,,,,,,,,,,,,,,,,,,,,,,,,,,,,,,,,,,,
,,,,,,,,01/26/28,,,,,03/22/28,,03/31/28,,,,,,,,,,,,,,,NO,,,,,,,,,,,,,,,,,,,,,,,,,,,,,,,,,,,,,,,
,,,,,,,,01/26/28,,,,,03/22/28,,03/31/28,,,,,,,,,,,,,,,NO,,,,,,,,,,,,,,,,,,,,,,,,,,,,,,,,,,,,,,,
,,,,,,,,01/27/28,,,,,03/23/28,,04/03/28,,,,,,,,,,,,,,,NO,,,,,,,,,,,,,,,,,,,,,,,,,,,,,,,,,,,,,,,
,,,,,,,,01/27/28,,,,,03/23/28,,04/03/28,,,,,,,,,,,,,,,NO,,,,,,,,,,,,,,,,,,,,,,,,,,,,,,,,,,,,,,,
,,,,,,,,01/27/28,,,,,03/23/28,,04/03/28,,,,,,,,,,,,,,,NO,,,,,,,,,,,,,,,,,,,,,,,,,,,,,,,,,,,,,,,
,,,,,,,,01/28/28,,,,,03/24/28,,04/04/28,,,,,,,,,,,,,,,NO,,,,,,,,,,,,,,,,,,,,,,,,,,,,,,,,,,,,,,,
,,,,,,,,01/28/28,,,,,03/24/28,,04/04/28,,,,,,,,,,,,,,,NO,,,,,,,,,,,,,,,,,,,,,,,,,,,,,,,,,,,,,,,
,,,,,,,,01/28/28,,,,,03/24/28,,04/04/28,,,,,,,,,,,,,,,NO,,,,,,,,,,,,,,,,,,,,,,,,,,,,,,,,,,,,,,,
,,,,,,,,01/31/28,,,,,03/27/28,,04/05/28,,,,,,,,,,,,,,,NO,,,,,,,,,,,,,,,,,,,,,,,,,,,,,,,,,,,,,,,
,,,,,,,,01/31/28,,,,,03/27/28,,04/05/28,,,,,,,,,,,,,,,NO,,,,,,,,,,,,,,,,,,,,,,,,,,,,,,,,,,,,,,,
,,,,,,,,01/31/28,,,,,03/27/28,,04/05/28,,,,,,,,,,,,,,,NO,,,,,,,,,,,,,,,,,,,,,,,,,,,,,,,,,,,,,,,
,,,,,,,,02/01/28,,,,,03/28/28,,04/06/28,,,,,,,,,,,,,,,NO,,,,,,,,,,,,,,,,,,,,,,,,,,,,,,,,,,,,,,,
,,,,,,,,02/01/28,,,,,03/28/28,,04/06/28,,,,,,,,,,,,,,,NO,,,,,,,,,,,,,,,,,,,,,,,,,,,,,,,,,,,,,,,
,,,,,,,,02/01/28,,,,,03/28/28,,04/06/28,,,,,,,,,,,,,,,NO,,,,,,,,,,,,,,,,,,,,,,,,,,,,,,,,,,,,,,,
,,,,,,,,02/02/28,,,,,03/29/28,,04/07/28,,,,,,,,,,,,,,,NO,,,,,,,,,,,,,,,,,,,,,,,,,,,,,,,,,,,,,,,
,,,,,,,,02/02/28,,,,,03/29/28,,04/07/28,,,,,,,,,,,,,,,NO,,,,,,,,,,,,,,,,,,,,,,,,,,,,,,,,,,,,,,,
,,,,,,,,02/02/28,,,,,03/29/28,,04/07/28,,,,,,,,,,,,,,,NO,,,,,,,,,,,,,,,,,,,,,,,,,,,,,,,,,,,,,,,
,,,,,,,,02/03/28,,,,,03/30/28,,04/10/28,,,,,,,,,,,,,,,NO,,,,,,,,,,,,,,,,,,,,,,,,,,,,,,,,,,,,,,,
,,,,,,,,02/03/28,,,,,03/30/28,,04/10/28,,,,,,,,,,,,,,,NO,,,,,,,,,,,,,,,,,,,,,,,,,,,,,,,,,,,,,,,
,,,,,,,,02/03/28,,,,,03/30/28,,04/10/28,,,,,,,,,,,,,,,NO,,,,,,,,,,,,,,,,,,,,,,,,,,,,,,,,,,,,,,,
,,,,,,,,02/04/28,,,,,03/31/28,,04/11/28,,,,,,,,,,,,,,,NO,,,,,,,,,,,,,,,,,,,,,,,,,,,,,,,,,,,,,,,
,,,,,,,,02/04/28,,,,,03/31/28,,04/11/28,,,,,,,,,,,,,,,NO,,,,,,,,,,,,,,,,,,,,,,,,,,,,,,,,,,,,,,,
,,,,,,,,02/04/28,,,,,03/31/28,,04/11/28,,,,,,,,,,,,,,,NO,,,,,,,,,,,,,,,,,,,,,,,,,,,,,,,,,,,,,,,
,,,,,,,,02/07/28,,,,,04/03/28,,04/12/28,,,,,,,,,,,,,,,NO,,,,,,,,,,,,,,,,,,,,,,,,,,,,,,,,,,,,,,,
,,,,,,,,02/07/28,,,,,04/03/28,,04/12/28,,,,,,,,,,,,,,,NO,,,,,,,,,,,,,,,,,,,,,,,,,,,,,,,,,,,,,,,
,,,,,,,,02/07/28,,,,,04/03/28,,04/12/28,,,,,,,,,,,,,,,NO,,,,,,,,,,,,,,,,,,,,,,,,,,,,,,,,,,,,,,,
,,,,,,,,02/08/28,,,,,04/04/28,,04/13/28,,,,,,,,,,,,,,,NO,,,,,,,,,,,,,,,,,,,,,,,,,,,,,,,,,,,,,,,
,,,,,,,,02/08/28,,,,,04/04/28,,04/13/28,,,,,,,,,,,,,,,NO,,,,,,,,,,,,,,,,,,,,,,,,,,,,,,,,,,,,,,,
,,,,,,,,02/08/28,,,,,04/04/28,,04/13/28,,,,,,,,,,,,,,,NO,,,,,,,,,,,,,,,,,,,,,,,,,,,,,,,,,,,,,,,
,,,,,,,,02/09/28,,,,,04/05/28,,04/14/28,,,,,,,,,,,,,,,NO,,,,,,,,,,,,,,,,,,,,,,,,,,,,,,,,,,,,,,,
,,,,,,,,02/09/28,,,,,04/05/28,,04/14/28,,,,,,,,,,,,,,,NO,,,,,,,,,,,,,,,,,,,,,,,,,,,,,,,,,,,,,,,
,,,,,,,,02/09/28,,,,,04/05/28,,04/14/28,,,,,,,,,,,,,,,NO,,,,,,,,,,,,,,,,,,,,,,,,,,,,,,,,,,,,,,,
,,,,,,,,02/10/28,,,,,04/06/28,,04/17/28,,,,,,,,,,,,,,,NO,,,,,,,,,,,,,,,,,,,,,,,,,,,,,,,,,,,,,,,
,,,,,,,,02/10/28,,,,,04/06/28,,04/17/28,,,,,,,,,,,,,,,NO,,,,,,,,,,,,,,,,,,,,,,,,,,,,,,,,,,,,,,,
,,,,,,,,02/10/28,,,,,04/06/28,,04/17/28,,,,,,,,,,,,,,,NO,,,,,,,,,,,,,,,,,,,,,,,,,,,,,,,,,,,,,,,
,,,,,,,,02/11/28,,,,,04/07/28,,04/18/28,,,,,,,,,,,,,,,NO,,,,,,,,,,,,,,,,,,,,,,,,,,,,,,,,,,,,,,,
,,,,,,,,02/11/28,,,,,04/07/28,,04/18/28,,,,,,,,,,,,,,,NO,,,,,,,,,,,,,,,,,,,,,,,,,,,,,,,,,,,,,,,
,,,,,,,,02/11/28,,,,,04/07/28,,04/18/28,,,,,,,,,,,,,,,NO,,,,,,,,,,,,,,,,,,,,,,,,,,,,,,,,,,,,,,,
,,,,,,,,02/14/28,,,,,04/10/28,,04/19/28,,,,,,,,,,,,,,,NO,,,,,,,,,,,,,,,,,,,,,,,,,,,,,,,,,,,,,,,
,,,,,,,,02/14/28,,,,,04/10/28,,04/19/28,,,,,,,,,,,,,,,NO,,,,,,,,,,,,,,,,,,,,,,,,,,,,,,,,,,,,,,,
,,,,,,,,02/14/28,,,,,04/10/28,,04/19/28,,,,,,,,,,,,,,,NO,,,,,,,,,,,,,,,,,,,,,,,,,,,,,,,,,,,,,,,
,,,,Onskid,STOCK,,,see #1,,,,,04/11/28,,see #1,,,,,,,,,,05/03/28,,,,,NO,,,,,,,,,,,,,,,,,,,,,,,,,,,,,,,,,,,,,,,
,,,,,,,,02/15/28,,,,,04/11/28,,04/20/28,,,,,,,,,,,,,,,NO,,,,,,,,,,,,,,,,,,,,,,,,,,,,,,,,,,,,,,,
,,,,,,,,02/15/28,,,,,04/11/28,,04/20/28,,,,,,,,,,,,,,,NO,,,,,,,,,,,,,,,,,,,,,,,,,,,,,,,,,,,,,,,
,,,,,,,,02/16/28,,,,,04/12/28,,04/21/28,,,,,,,,,,,,,,,NO,,,,,,,,,,,,,,,,,,,,,,,,,,,,,,,,,,,,,,,
,,,,,,,,02/16/28,,,,,04/12/28,,04/21/28,,,,,,,,,,,,,,,NO,,,,,,,,,,,,,,,,,,,,,,,,,,,,,,,,,,,,,,,
,,,,,,,,02/16/28,,,,,04/12/28,,04/21/28,,,,,,,,,,,,,,,NO,,,,,,,,,,,,,,,,,,,,,,,,,,,,,,,,,,,,,,,
,,,,,,,,02/17/28,,,,,04/13/28,,04/24/28,,,,,,,,,,,,,,,NO,,,,,,,,,,,,,,,,,,,,,,,,,,,,,,,,,,,,,,,
,,,,,,,,02/17/28,,,,,04/13/28,,04/24/28,,,,,,,,,,,,,,,NO,,,,,,,,,,,,,,,,,,,,,,,,,,,,,,,,,,,,,,,
,,,,,,,,02/17/28,,,,,04/13/28,,04/24/28,,,,,,,,,,,,,,,NO,,,,,,,,,,,,,,,,,,,,,,,,,,,,,,,,,,,,,,,
,,,,,,,,02/18/28,,,,,04/14/28,,04/25/28,,,,,,,,,,,,,,,NO,,,,,,,,,,,,,,,,,,,,,,,,,,,,,,,,,,,,,,,
,,,,,,,,02/18/28,,,,,04/14/28,,04/25/28,,,,,,,,,,,,,,,NO,,,,,,,,,,,,,,,,,,,,,,,,,,,,,,,,,,,,,,,
,,,,,,,,02/18/28,,,,,04/14/28,,04/25/28,,,,,,,,,,,,,,,NO,,,,,,,,,,,,,,,,,,,,,,,,,,,,,,,,,,,,,,,
,,,,,,,,02/21/28,,,,,04/17/28,,04/26/28,,,,,,,,,,,,,,,NO,,,,,,,,,,,,,,,,,,,,,,,,,,,,,,,,,,,,,,,
,,,,,,,,02/21/28,,,,,04/17/28,,04/26/28,,,,,,,,,,,,,,,NO,,,,,,,,,,,,,,,,,,,,,,,,,,,,,,,,,,,,,,,
,,,,,,,,02/21/28,,,,,04/17/28,,04/26/28,,,,,,,,,,,,,,,NO,,,,,,,,,,,,,,,,,,,,,,,,,,,,,,,,,,,,,,,
,,,,,,,,02/22/28,,,,,04/18/28,,04/27/28,,,,,,,,,,,,,,,NO,,,,,,,,,,,,,,,,,,,,,,,,,,,,,,,,,,,,,,,
,,,,,,,,02/22/28,,,,,04/18/28,,04/27/28,,,,,,,,,,,,,,,NO,,,,,,,,,,,,,,,,,,,,,,,,,,,,,,,,,,,,,,,
,,,,,,,,02/22/28,,,,,04/18/28,,04/27/28,,,,,,,,,,,,,,,NO,,,,,,,,,,,,,,,,,,,,,,,,,,,,,,,,,,,,,,,
,,,,,,,,02/23/28,,,,,04/19/28,,04/28/28,,,,,,,,,,,,,,,NO,,,,,,,,,,,,,,,,,,,,,,,,,,,,,,,,,,,,,,,
,,,,,,,,02/23/28,,,,,04/19/28,,04/28/28,,,,,,,,,,,,,,,NO,,,,,,,,,,,,,,,,,,,,,,,,,,,,,,,,,,,,,,,
,,,,,,,,02/23/28,,,,,04/19/28,,04/28/28,,,,,,,,,,,,,,,NO,,,,,,,,,,,,,,,,,,,,,,,,,,,,,,,,,,,,,,,
,,,,,,,,02/24/28,,,,,04/20/28,,05/01/28,,,,,,,,,,,,,,,NO,,,,,,,,,,,,,,,,,,,,,,,,,,,,,,,,,,,,,,,
,,,,,,,,02/24/28,,,,,04/20/28,,05/01/28,,,,,,,,,,,,,,,NO,,,,,,,,,,,,,,,,,,,,,,,,,,,,,,,,,,,,,,,
,,,,,,,,02/24/28,,,,,04/20/28,,05/01/28,,,,,,,,,,,,,,,NO,,,,,,,,,,,,,,,,,,,,,,,,,,,,,,,,,,,,,,,
,,,,,,,,02/25/28,,,,,04/21/28,,05/02/28,,,,,,,,,,,,,,,NO,,,,,,,,,,,,,,,,,,,,,,,,,,,,,,,,,,,,,,,
,,,,,,,,02/25/28,,,,,04/21/28,,05/02/28,,,,,,,,,,,,,,,NO,,,,,,,,,,,,,,,,,,,,,,,,,,,,,,,,,,,,,,,
,,,,,,,,02/25/28,,,,,04/21/28,,05/02/28,,,,,,,,,,,,,,,NO,,,,,,,,,,,,,,,,,,,,,,,,,,,,,,,,,,,,,,,
,,,,,,,,02/28/28,,,,,04/24/28,,05/03/28,,,,,,,,,,,,,,,NO,,,,,,,,,,,,,,,,,,,,,,,,,,,,,,,,,,,,,,,
,,,,,,,,02/28/28,,,,,04/24/28,,05/03/28,,,,,,,,,,,,,,,NO,,,,,,,,,,,,,,,,,,,,,,,,,,,,,,,,,,,,,,,
,,,,,,,,02/28/28,,,,,04/24/28,,05/03/28,,,,,,,,,,,,,,,NO,,,,,,,,,,,,,,,,,,,,,,,,,,,,,,,,,,,,,,,
,,,,,,,,02/29/28,,,,,04/25/28,,05/04/28,,,,,,,,,,,,,,,NO,,,,,,,,,,,,,,,,,,,,,,,,,,,,,,,,,,,,,,,
,,,,,,,,02/29/28,,,,,04/25/28,,05/04/28,,,,,,,,,,,,,,,NO,,,,,,,,,,,,,,,,,,,,,,,,,,,,,,,,,,,,,,,
,,,,,,,,02/29/28,,,,,04/25/28,,05/04/28,,,,,,,,,,,,,,,NO,,,,,,,,,,,,,,,,,,,,,,,,,,,,,,,,,,,,,,,
,,,,,,,,03/01/28,,,,,04/26/28,,05/05/28,,,,,,,,,,,,,,,NO,,,,,,,,,,,,,,,,,,,,,,,,,,,,,,,,,,,,,,,
,,,,,,,,03/01/28,,,,,04/26/28,,05/05/28,,,,,,,,,,,,,,,NO,,,,,,,,,,,,,,,,,,,,,,,,,,,,,,,,,,,,,,,
,,,,,,,,03/01/28,,,,,04/26/28,,05/05/28,,,,,,,,,,,,,,,NO,,,,,,,,,,,,,,,,,,,,,,,,,,,,,,,,,,,,,,,
,,,,,,,,03/02/28,,,,,04/27/28,,05/08/28,,,,,,,,,,,,,,,NO,,,,,,,,,,,,,,,,,,,,,,,,,,,,,,,,,,,,,,,
,,,,,,,,03/02/28,,,,,04/27/28,,05/08/28,,,,,,,,,,,,,,,NO,,,,,,,,,,,,,,,,,,,,,,,,,,,,,,,,,,,,,,,
,,,,,,,,03/02/28,,,,,04/27/28,,05/08/28,,,,,,,,,,,,,,,NO,,,,,,,,,,,,,,,,,,,,,,,,,,,,,,,,,,,,,,,
,,,,,,,,03/03/28,,,,,04/28/28,,05/09/28,,,,,,,,,,,,,,,NO,,,,,,,,,,,,,,,,,,,,,,,,,,,,,,,,,,,,,,,
,,,,,,,,03/03/28,,,,,04/28/28,,05/09/28,,,,,,,,,,,,,,,NO,,,,,,,,,,,,,,,,,,,,,,,,,,,,,,,,,,,,,,,
,,,,,,,,03/03/28,,,,,04/28/28,,05/09/28,,,,,,,,,,,,,,,NO,,,,,,,,,,,,,,,,,,,,,,,,,,,,,,,,,,,,,,,
,,,,,,,,03/06/28,,,,,05/01/28,,05/10/28,,,,,,,,,,,,,,,NO,,,,,,,,,,,,,,,,,,,,,,,,,,,,,,,,,,,,,,,
,,,,,,,,03/06/28,,,,,05/01/28,,05/10/28,,,,,,,,,,,,,,,NO,,,,,,,,,,,,,,,,,,,,,,,,,,,,,,,,,,,,,,,
,,,,,,,,03/06/28,,,,,05/01/28,,05/10/28,,,,,,,,,,,,,,,NO,,,,,,,,,,,,,,,,,,,,,,,,,,,,,,,,,,,,,,,
,,,,,,,,03/07/28,,,,,05/02/28,,05/11/28,,,,,,,,,,,,,,,NO,,,,,,,,,,,,,,,,,,,,,,,,,,,,,,,,,,,,,,,
,,,,,,,,03/07/28,,,,,05/02/28,,05/11/28,,,,,,,,,,,,,,,NO,,,,,,,,,,,,,,,,,,,,,,,,,,,,,,,,,,,,,,,
,,,,,,,,03/07/28,,,,,05/02/28,,05/11/28,,,,,,,,,,,,,,,NO,,,,,,,,,,,,,,,,,,,,,,,,,,,,,,,,,,,,,,,
,,,,,,,,03/08/28,,,,,05/03/28,,05/12/28,,,,,,,,,,,,,,,NO,,,,,,,,,,,,,,,,,,,,,,,,,,,,,,,,,,,,,,,
,,,,,,,,03/08/28,,,,,05/03/28,,05/12/28,,,,,,,,,,,,,,,NO,,,,,,,,,,,,,,,,,,,,,,,,,,,,,,,,,,,,,,,
,,,,,,,,03/08/28,,,,,05/03/28,,05/12/28,,,,,,,,,,,,,,,NO,,,,,,,,,,,,,,,,,,,,,,,,,,,,,,,,,,,,,,,
,,,,,,,,03/09/28,,,,,05/04/28,,05/15/28,,,,,,,,,,,,,,,NO,,,,,,,,,,,,,,,,,,,,,,,,,,,,,,,,,,,,,,,
,,,,,,,,03/09/28,,,,,05/04/28,,05/15/28,,,,,,,,,,,,,,,NO,,,,,,,,,,,,,,,,,,,,,,,,,,,,,,,,,,,,,,,
,,,,,,,,03/09/28,,,,,05/04/28,,05/15/28,,,,,,,,,,,,,,,NO,,,,,,,,,,,,,,,,,,,,,,,,,,,,,,,,,,,,,,,
,,,,,,,,03/10/28,,,,,05/05/28,,05/16/28,,,,,,,,,,,,,,,NO,,,,,,,,,,,,,,,,,,,,,,,,,,,,,,,,,,,,,,,
,,,,,,,,03/10/28,,,,,05/05/28,,05/16/28,,,,,,,,,,,,,,,NO,,,,,,,,,,,,,,,,,,,,,,,,,,,,,,,,,,,,,,,
,,,,,,,,03/10/28,,,,,05/05/28,,05/16/28,,,,,,,,,,,,,,,NO,,,,,,,,,,,,,,,,,,,,,,,,,,,,,,,,,,,,,,,
,,,,,,,,03/13/28,,,,,05/08/28,,05/17/28,,,,,,,,,,,,,,,NO,,,,,,,,,,,,,,,,,,,,,,,,,,,,,,,,,,,,,,,
,,,,,,,,03/13/28,,,,,05/08/28,,05/17/28,,,,,,,,,,,,,,,NO,,,,,,,,,,,,,,,,,,,,,,,,,,,,,,,,,,,,,,,
,,,,,,,,03/13/28,,,,,05/08/28,,05/17/28,,,,,,,,,,,,,,,NO,,,,,,,,,,,,,,,,,,,,,,,,,,,,,,,,,,,,,,,
,,,,,,,,03/14/28,,,,,05/09/28,,05/18/28,,,,,,,,,,,,,,,NO,,,,,,,,,,,,,,,,,,,,,,,,,,,,,,,,,,,,,,,
,,,,,,,,03/14/28,,,,,05/09/28,,05/18/28,,,,,,,,,,,,,,,NO,,,,,,,,,,,,,,,,,,,,,,,,,,,,,,,,,,,,,,,
,,,,,,,,03/14/28,,,,,05/09/28,,05/18/28,,,,,,,,,,,,,,,NO,,,,,,,,,,,,,,,,,,,,,,,,,,,,,,,,,,,,,,,
,,,,,,,,03/15/28,,,,,05/10/28,,05/19/28,,,,,,,,,,,,,,,NO,,,,,,,,,,,,,,,,,,,,,,,,,,,,,,,,,,,,,,,
,,,,,,,,03/15/28,,,,,05/10/28,,05/19/28,,,,,,,,,,,,,,,NO,,,,,,,,,,,,,,,,,,,,,,,,,,,,,,,,,,,,,,,
,,,,,,,,03/15/28,,,,,05/10/28,,05/19/28,,,,,,,,,,,,,,,NO,,,,,,,,,,,,,,,,,,,,,,,,,,,,,,,,,,,,,,,
,,,,,,,,03/16/28,,,,,05/11/28,,05/22/28,,,,,,,,,,,,,,,NO,,,,,,,,,,,,,,,,,,,,,,,,,,,,,,,,,,,,,,,
,,,,,,,,03/16/28,,,,,05/11/28,,05/22/28,,,,,,,,,,,,,,,NO,,,,,,,,,,,,,,,,,,,,,,,,,,,,,,,,,,,,,,,
,,,,,,,,03/16/28,,,,,05/11/28,,05/22/28,,,,,,,,,,,,,,,NO,,,,,,,,,,,,,,,,,,,,,,,,,,,,,,,,,,,,,,,
,,,,,,,,03/17/28,,,,,05/12/28,,05/23/28,,,,,,,,,,,,,,,NO,,,,,,,,,,,,,,,,,,,,,,,,,,,,,,,,,,,,,,,
,,,,,,,,03/17/28,,,,,05/12/28,,05/23/28,,,,,,,,,,,,,,,NO,,,,,,,,,,,,,,,,,,,,,,,,,,,,,,,,,,,,,,,
,,,,,,,,03/17/28,,,,,05/12/28,,05/23/28,,,,,,,,,,,,,,,NO,,,,,,,,,,,,,,,,,,,,,,,,,,,,,,,,,,,,,,,
,,,,,,,,03/20/28,,,,,05/15/28,,05/24/28,,,,,,,,,,,,,,,NO,,,,,,,,,,,,,,,,,,,,,,,,,,,,,,,,,,,,,,,
,,,,,,,,03/20/28,,,,,05/15/28,,05/24/28,,,,,,,,,,,,,,,NO,,,,,,,,,,,,,,,,,,,,,,,,,,,,,,,,,,,,,,,
,,,,,,,,03/20/28,,,,,05/15/28,,05/24/28,,,,,,,,,,,,,,,NO,,,,,,,,,,,,,,,,,,,,,,,,,,,,,,,,,,,,,,,
,,,,,,,,03/21/28,,,,,05/16/28,,05/25/28,,,,,,,,,,,,,,,NO,,,,,,,,,,,,,,,,,,,,,,,,,,,,,,,,,,,,,,,
,,,,,,,,03/21/28,,,,,05/16/28,,05/25/28,,,,,,,,,,,,,,,NO,,,,,,,,,,,,,,,,,,,,,,,,,,,,,,,,,,,,,,,
,,,,,,,,03/21/28,,,,,05/16/28,,05/25/28,,,,,,,,,,,,,,,NO,,,,,,,,,,,,,,,,,,,,,,,,,,,,,,,,,,,,,,,
,,,,,,,,03/22/28,,,,,05/17/28,,05/26/28,,,,,,,,,,,,,,,NO,,,,,,,,,,,,,,,,,,,,,,,,,,,,,,,,,,,,,,,
,,,,,,,,03/22/28,,,,,05/17/28,,05/26/28,,,,,,,,,,,,,,,NO,,,,,,,,,,,,,,,,,,,,,,,,,,,,,,,,,,,,,,,
,,,,,,,,03/22/28,,,,,05/17/28,,05/26/28,,,,,,,,,,,,,,,NO,,,,,,,,,,,,,,,,,,,,,,,,,,,,,,,,,,,,,,,
,,,,,,,,03/23/28,,,,,05/18/28,,05/30/28,,,,,,,,,,,,,,,NO,,,,,,,,,,,,,,,,,,,,,,,,,,,,,,,,,,,,,,,
,,,,,,,,03/23/28,,,,,05/18/28,,05/30/28,,,,,,,,,,,,,,,NO,,,,,,,,,,,,,,,,,,,,,,,,,,,,,,,,,,,,,,,
,,,,,,,,03/23/28,,,,,05/18/28,,05/30/28,,,,,,,,,,,,,,,NO,,,,,,,,,,,,,,,,,,,,,,,,,,,,,,,,,,,,,,,
,,,,,,,,03/24/28,,,,,05/19/28,,05/31/28,,,,,,,,,,,,,,,NO,,,,,,,,,,,,,,,,,,,,,,,,,,,,,,,,,,,,,,,
,,,,,,,,03/24/28,,,,,05/19/28,,05/31/28,,,,,,,,,,,,,,,NO,,,,,,,,,,,,,,,,,,,,,,,,,,,,,,,,,,,,,,,
,,,,,,,,03/24/28,,,,,05/19/28,,05/31/28,,,,,,,,,,,,,,,NO,,,,,,,,,,,,,,,,,,,,,,,,,,,,,,,,,,,,,,,
,,,,,,,,03/27/28,,,,,05/22/28,,06/01/28,,,,,,,,,,,,,,,NO,,,,,,,,,,,,,,,,,,,,,,,,,,,,,,,,,,,,,,,
,,,,,,,,03/27/28,,,,,05/22/28,,06/01/28,,,,,,,,,,,,,,,NO,,,,,,,,,,,,,,,,,,,,,,,,,,,,,,,,,,,,,,,
,,,,,,,,03/27/28,,,,,05/22/28,,06/01/28,,,,,,,,,,,,,,,NO,,,,,,,,,,,,,,,,,,,,,,,,,,,,,,,,,,,,,,,
,,,,,,,,03/28/28,,,,,05/23/28,,06/02/28,,,,,,,,,,,,,,,NO,,,,,,,,,,,,,,,,,,,,,,,,,,,,,,,,,,,,,,,
,,,,,,,,03/28/28,,,,,05/23/28,,06/02/28,,,,,,,,,,,,,,,NO,,,,,,,,,,,,,,,,,,,,,,,,,,,,,,,,,,,,,,,
,,,,,,,,03/28/28,,,,,05/23/28,,06/02/28,,,,,,,,,,,,,,,NO,,,,,,,,,,,,,,,,,,,,,,,,,,,,,,,,,,,,,,,
,,,,,,,,03/29/28,,,,,05/24/28,,06/05/28,,,,,,,,,,,,,,,NO,,,,,,,,,,,,,,,,,,,,,,,,,,,,,,,,,,,,,,,
,,,,,,,,03/29/28,,,,,05/24/28,,06/05/28,,,,,,,,,,,,,,,NO,,,,,,,,,,,,,,,,,,,,,,,,,,,,,,,,,,,,,,,
,,,,,,,,03/29/28,,,,,05/24/28,,06/05/28,,,,,,,,,,,,,,,NO,,,,,,,,,,,,,,,,,,,,,,,,,,,,,,,,,,,,,,,
,,,,,,,,03/30/28,,,,,05/25/28,,06/06/28,,,,,,,,,,,,,,,NO,,,,,,,,,,,,,,,,,,,,,,,,,,,,,,,,,,,,,,,
,,,,,,,,03/30/28,,,,,05/25/28,,06/06/28,,,,,,,,,,,,,,,NO,,,,,,,,,,,,,,,,,,,,,,,,,,,,,,,,,,,,,,,
,,,,,,,,03/30/28,,,,,05/25/28,,06/06/28,,,,,,,,,,,,,,,NO,,,,,,,,,,,,,,,,,,,,,,,,,,,,,,,,,,,,,,,
,,,,,,,,03/31/28,,,,,05/26/28,,06/07/28,,,,,,,,,,,,,,,NO,,,,,,,,,,,,,,,,,,,,,,,,,,,,,,,,,,,,,,,
,,,,,,,,03/31/28,,,,,05/26/28,,06/07/28,,,,,,,,,,,,,,,NO,,,,,,,,,,,,,,,,,,,,,,,,,,,,,,,,,,,,,,,
,,,,,,,,03/31/28,,,,,05/26/28,,06/07/28,,,,,,,,,,,,,,,NO,,,,,,,,,,,,,,,,,,,,,,,,,,,,,,,,,,,,,,,
,,,,,,,,04/03/28,,,,,05/30/28,,06/08/28,,,,,,,,,,,,,,,NO,,,,,,,,,,,,,,,,,,,,,,,,,,,,,,,,,,,,,,,
,,,,,,,,04/03/28,,,,,05/30/28,,06/08/28,,,,,,,,,,,,,,,NO,,,,,,,,,,,,,,,,,,,,,,,,,,,,,,,,,,,,,,,
,,,,,,,,04/03/28,,,,,05/30/28,,06/08/28,,,,,,,,,,,,,,,NO,,,,,,,,,,,,,,,,,,,,,,,,,,,,,,,,,,,,,,,
,,,,,,,,04/04/28,,,,,05/31/28,,06/09/28,,,,,,,,,,,,,,,NO,,,,,,,,,,,,,,,,,,,,,,,,,,,,,,,,,,,,,,,
,,,,,,,,04/04/28,,,,,05/31/28,,06/09/28,,,,,,,,,,,,,,,NO,,,,,,,,,,,,,,,,,,,,,,,,,,,,,,,,,,,,,,,
,,,,,,,,04/04/28,,,,,05/31/28,,06/09/28,,,,,,,,,,,,,,,NO,,,,,,,,,,,,,,,,,,,,,,,,,,,,,,,,,,,,,,,
,,,,,,,,04/05/28,,,,,06/01/28,,06/12/28,,,,,,,,,,,,,,,NO,,,,,,,,,,,,,,,,,,,,,,,,,,,,,,,,,,,,,,,
,,,,,,,,04/05/28,,,,,06/01/28,,06/12/28,,,,,,,,,,,,,,,NO,,,,,,,,,,,,,,,,,,,,,,,,,,,,,,,,,,,,,,,
,,,,,,,,04/05/28,,,,,06/01/28,,06/12/28,,,,,,,,,,,,,,,NO,,,,,,,,,,,,,,,,,,,,,,,,,,,,,,,,,,,,,,,
,,,,,,,,04/06/28,,,,,06/02/28,,06/13/28,,,,,,,,,,,,,,,NO,,,,,,,,,,,,,,,,,,,,,,,,,,,,,,,,,,,,,,,
,,,,,,,,04/06/28,,,,,06/02/28,,06/13/28,,,,,,,,,,,,,,,NO,,,,,,,,,,,,,,,,,,,,,,,,,,,,,,,,,,,,,,,
,,,,,,,,04/06/28,,,,,06/02/28,,06/13/28,,,,,,,,,,,,,,,NO,,,,,,,,,,,,,,,,,,,,,,,,,,,,,,,,,,,,,,,
,,,,,,,,04/07/28,,,,,06/05/28,,06/14/28,,,,,,,,,,,,,,,NO,,,,,,,,,,,,,,,,,,,,,,,,,,,,,,,,,,,,,,,
,,,,,,,,04/07/28,,,,,06/05/28,,06/14/28,,,,,,,,,,,,,,,NO,,,,,,,,,,,,,,,,,,,,,,,,,,,,,,,,,,,,,,,
,,,,,,,,04/07/28,,,,,06/05/28,,06/14/28,,,,,,,,,,,,,,,NO,,,,,,,,,,,,,,,,,,,,,,,,,,,,,,,,,,,,,,,
,,,,,,,,04/10/28,,,,,06/06/28,,06/15/28,,,,,,,,,,,,,,,NO,,,,,,,,,,,,,,,,,,,,,,,,,,,,,,,,,,,,,,,
,,,,,,,,04/10/28,,,,,06/06/28,,06/15/28,,,,,,,,,,,,,,,NO,,,,,,,,,,,,,,,,,,,,,,,,,,,,,,,,,,,,,,,
,,,,,,,,04/10/28,,,,,06/06/28,,06/15/28,,,,,,,,,,,,,,,NO,,,,,,,,,,,,,,,,,,,,,,,,,,,,,,,,,,,,,,,
,,,,,,,,04/11/28,,,,,06/07/28,,06/16/28,,,,,,,,,,,,,,,NO,,,,,,,,,,,,,,,,,,,,,,,,,,,,,,,,,,,,,,,
,,,,,,,,04/11/28,,,,,06/07/28,,06/16/28,,,,,,,,,,,,,,,NO,,,,,,,,,,,,,,,,,,,,,,,,,,,,,,,,,,,,,,,
,,,,,,,,04/11/28,,,,,06/07/28,,06/16/28,,,,,,,,,,,,,,,NO,,,,,,,,,,,,,,,,,,,,,,,,,,,,,,,,,,,,,,,
,,,,,,,,04/12/28,,,,,06/08/28,,06/19/28,,,,,,,,,,,,,,,NO,,,,,,,,,,,,,,,,,,,,,,,,,,,,,,,,,,,,,,,
,,,,,,,,04/12/28,,,,,06/08/28,,06/19/28,,,,,,,,,,,,,,,NO,,,,,,,,,,,,,,,,,,,,,,,,,,,,,,,,,,,,,,,
,,,,,,,,04/12/28,,,,,06/08/28,,06/19/28,,,,,,,,,,,,,,,NO,,,,,,,,,,,,,,,,,,,,,,,,,,,,,,,,,,,,,,,
,,,,,,,,04/13/28,,,,,06/09/28,,06/20/28,,,,,,,,,,,,,,,NO,,,,,,,,,,,,,,,,,,,,,,,,,,,,,,,,,,,,,,,
,,,,,,,,04/13/28,,,,,06/09/28,,06/20/28,,,,,,,,,,,,,,,NO,,,,,,,,,,,,,,,,,,,,,,,,,,,,,,,,,,,,,,,
,,,,,,,,04/13/28,,,,,06/09/28,,06/20/28,,,,,,,,,,,,,,,NO,,,,,,,,,,,,,,,,,,,,,,,,,,,,,,,,,,,,,,,
,,,,,,,,04/14/28,,,,,06/12/28,,06/21/28,,,,,,,,,,,,,,,NO,,,,,,,,,,,,,,,,,,,,,,,,,,,,,,,,,,,,,,,
,,,,,,,,04/14/28,,,,,06/12/28,,06/21/28,,,,,,,,,,,,,,,NO,,,,,,,,,,,,,,,,,,,,,,,,,,,,,,,,,,,,,,,
,,,,,,,,04/14/28,,,,,06/12/28,,06/21/28,,,,,,,,,,,,,,,NO,,,,,,,,,,,,,,,,,,,,,,,,,,,,,,,,,,,,,,,
,,,,,,,,04/17/28,,,,,06/13/28,,06/22/28,,,,,,,,,,,,,,,NO,,,,,,,,,,,,,,,,,,,,,,,,,,,,,,,,,,,,,,,
,,,,,,,,04/17/28,,,,,06/13/28,,06/22/28,,,,,,,,,,,,,,,NO,,,,,,,,,,,,,,,,,,,,,,,,,,,,,,,,,,,,,,,
,,,,,,,,04/17/28,,,,,06/13/28,,06/22/28,,,,,,,,,,,,,,,NO,,,,,,,,,,,,,,,,,,,,,,,,,,,,,,,,,,,,,,,
,,,,,,,,04/18/28,,,,,06/14/28,,06/23/28,,,,,,,,,,,,,,,NO,,,,,,,,,,,,,,,,,,,,,,,,,,,,,,,,,,,,,,,
,,,,,,,,04/18/28,,,,,06/14/28,,06/23/28,,,,,,,,,,,,,,,NO,,,,,,,,,,,,,,,,,,,,,,,,,,,,,,,,,,,,,,,
,,,,,,,,04/18/28,,,,,06/14/28,,06/23/28,,,,,,,,,,,,,,,NO,,,,,,,,,,,,,,,,,,,,,,,,,,,,,,,,,,,,,,,
,,,,,,,,04/19/28,,,,,06/15/28,,06/26/28,,,,,,,,,,,,,,,NO,,,,,,,,,,,,,,,,,,,,,,,,,,,,,,,,,,,,,,,
,,,,,,,,04/19/28,,,,,06/15/28,,06/26/28,,,,,,,,,,,,,,,NO,,,,,,,,,,,,,,,,,,,,,,,,,,,,,,,,,,,,,,,
,,,,,,,,04/19/28,,,,,06/15/28,,06/26/28,,,,,,,,,,,,,,,NO,,,,,,,,,,,,,,,,,,,,,,,,,,,,,,,,,,,,,,,
,,,,,,,,04/20/28,,,,,06/16/28,,06/27/28,,,,,,,,,,,,,,,NO,,,,,,,,,,,,,,,,,,,,,,,,,,,,,,,,,,,,,,,
,,,,,,,,04/20/28,,,,,06/16/28,,06/27/28,,,,,,,,,,,,,,,NO,,,,,,,,,,,,,,,,,,,,,,,,,,,,,,,,,,,,,,,
,,,,,,,,04/20/28,,,,,06/16/28,,06/27/28,,,,,,,,,,,,,,,NO,,,,,,,,,,,,,,,,,,,,,,,,,,,,,,,,,,,,,,,
,,,,,,,,04/21/28,,,,,06/19/28,,06/28/28,,,,,,,,,,,,,,,NO,,,,,,,,,,,,,,,,,,,,,,,,,,,,,,,,,,,,,,,
,,,,,,,,04/21/28,,,,,06/19/28,,06/28/28,,,,,,,,,,,,,,,NO,,,,,,,,,,,,,,,,,,,,,,,,,,,,,,,,,,,,,,,
,,,,,,,,04/21/28,,,,,06/19/28,,06/28/28,,,,,,,,,,,,,,,NO,,,,,,,,,,,,,,,,,,,,,,,,,,,,,,,,,,,,,,,
,,,,,,,,04/24/28,,,,,06/20/28,,06/29/28,,,,,,,,,,,,,,,NO,,,,,,,,,,,,,,,,,,,,,,,,,,,,,,,,,,,,,,,
,,,,,,,,04/24/28,,,,,06/20/28,,06/29/28,,,,,,,,,,,,,,,NO,,,,,,,,,,,,,,,,,,,,,,,,,,,,,,,,,,,,,,,
,,,,,,,,04/24/28,,,,,06/20/28,,06/29/28,,,,,,,,,,,,,,,NO,,,,,,,,,,,,,,,,,,,,,,,,,,,,,,,,,,,,,,,
,,,,,,,,04/25/28,,,,,06/21/28,,06/30/28,,,,,,,,,,,,,,,NO,,,,,,,,,,,,,,,,,,,,,,,,,,,,,,,,,,,,,,,
,,,,,,,,04/25/28,,,,,06/21/28,,06/30/28,,,,,,,,,,,,,,,NO,,,,,,,,,,,,,,,,,,,,,,,,,,,,,,,,,,,,,,,
,,,,,,,,04/25/28,,,,,06/21/28,,06/30/28,,,,,,,,,,,,,,,NO,,,,,,,,,,,,,,,,,,,,,,,,,,,,,,,,,,,,,,,
,,,,,,,,04/26/28,,,,,06/22/28,,07/05/28,,,,,,,,,,,,,,,NO,,,,,,,,,,,,,,,,,,,,,,,,,,,,,,,,,,,,,,,
,,,,,,,,04/26/28,,,,,06/22/28,,07/05/28,,,,,,,,,,,,,,,NO,,,,,,,,,,,,,,,,,,,,,,,,,,,,,,,,,,,,,,,
,,,,,,,,04/26/28,,,,,06/22/28,,07/05/28,,,,,,,,,,,,,,,NO,,,,,,,,,,,,,,,,,,,,,,,,,,,,,,,,,,,,,,,
,,,,,,,,04/27/28,,,,,06/23/28,,07/06/28,,,,,,,,,,,,,,,NO,,,,,,,,,,,,,,,,,,,,,,,,,,,,,,,,,,,,,,,
,,,,,,,,04/27/28,,,,,06/23/28,,07/06/28,,,,,,,,,,,,,,,NO,,,,,,,,,,,,,,,,,,,,,,,,,,,,,,,,,,,,,,,
,,,,,,,,04/27/28,,,,,06/23/28,,07/06/28,,,,,,,,,,,,,,,NO,,,,,,,,,,,,,,,,,,,,,,,,,,,,,,,,,,,,,,,
,,,,,,,,04/28/28,,,,,06/26/28,,07/07/28,,,,,,,,,,,,,,,NO,,,,,,,,,,,,,,,,,,,,,,,,,,,,,,,,,,,,,,,
,,,,,,,,04/28/28,,,,,06/26/28,,07/07/28,,,,,,,,,,,,,,,NO,,,,,,,,,,,,,,,,,,,,,,,,,,,,,,,,,,,,,,,
,,,,,,,,04/28/28,,,,,06/26/28,,07/07/28,,,,,,,,,,,,,,,NO,,,,,,,,,,,,,,,,,,,,,,,,,,,,,,,,,,,,,,,
,,,,,,,,05/01/28,,,,,06/27/28,,07/10/28,,,,,,,,,,,,,,,NO,,,,,,,,,,,,,,,,,,,,,,,,,,,,,,,,,,,,,,,
,,,,,,,,05/01/28,,,,,06/27/28,,07/10/28,,,,,,,,,,,,,,,NO,,,,,,,,,,,,,,,,,,,,,,,,,,,,,,,,,,,,,,,
,,,,,,,,05/01/28,,,,,06/27/28,,07/10/28,,,,,,,,,,,,,,,NO,,,,,,,,,,,,,,,,,,,,,,,,,,,,,,,,,,,,,,,
,,,,,,,,05/02/28,,,,,06/28/28,,07/11/28,,,,,,,,,,,,,,,NO,,,,,,,,,,,,,,,,,,,,,,,,,,,,,,,,,,,,,,,
,,,,,,,,05/02/28,,,,,06/28/28,,07/11/28,,,,,,,,,,,,,,,NO,,,,,,,,,,,,,,,,,,,,,,,,,,,,,,,,,,,,,,,
,,,,,,,,05/02/28,,,,,06/28/28,,07/11/28,,,,,,,,,,,,,,,NO,,,,,,,,,,,,,,,,,,,,,,,,,,,,,,,,,,,,,,,
,,,,,,,,05/03/28,,,,,06/29/28,,07/12/28,,,,,,,,,,,,,,,NO,,,,,,,,,,,,,,,,,,,,,,,,,,,,,,,,,,,,,,,
,,,,,,,,05/03/28,,,,,06/29/28,,07/12/28,,,,,,,,,,,,,,,NO,,,,,,,,,,,,,,,,,,,,,,,,,,,,,,,,,,,,,,,
,,,,,,,,05/03/28,,,,,06/29/28,,07/12/28,,,,,,,,,,,,,,,NO,,,,,,,,,,,,,,,,,,,,,,,,,,,,,,,,,,,,,,,
,,,,,,,,05/04/28,,,,,06/30/28,,07/13/28,,,,,,,,,,,,,,,NO,,,,,,,,,,,,,,,,,,,,,,,,,,,,,,,,,,,,,,,
,,,,,,,,05/04/28,,,,,06/30/28,,07/13/28,,,,,,,,,,,,,,,NO,,,,,,,,,,,,,,,,,,,,,,,,,,,,,,,,,,,,,,,
,,,,,,,,05/04/28,,,,,06/30/28,,07/13/28,,,,,,,,,,,,,,,NO,,,,,,,,,,,,,,,,,,,,,,,,,,,,,,,,,,,,,,,
,,,,,,,,05/05/28,,,,,07/05/28,,07/14/28,,,,,,,,,,,,,,,NO,,,,,,,,,,,,,,,,,,,,,,,,,,,,,,,,,,,,,,,
,,,,,,,,05/05/28,,,,,07/05/28,,07/14/28,,,,,,,,,,,,,,,NO,,,,,,,,,,,,,,,,,,,,,,,,,,,,,,,,,,,,,,,
,,,,,,,,05/05/28,,,,,07/05/28,,07/14/28,,,,,,,,,,,,,,,NO,,,,,,,,,,,,,,,,,,,,,,,,,,,,,,,,,,,,,,,
,,,,,,,,05/08/28,,,,,07/06/28,,07/17/28,,,,,,,,,,,,,,,NO,,,,,,,,,,,,,,,,,,,,,,,,,,,,,,,,,,,,,,,
,,,,,,,,05/08/28,,,,,07/06/28,,07/17/28,,,,,,,,,,,,,,,NO,,,,,,,,,,,,,,,,,,,,,,,,,,,,,,,,,,,,,,,
,,,,,,,,05/08/28,,,,,07/06/28,,07/17/28,,,,,,,,,,,,,,,NO,,,,,,,,,,,,,,,,,,,,,,,,,,,,,,,,,,,,,,,
,,,,,,,,05/09/28,,,,,07/07/28,,07/18/28,,,,,,,,,,,,,,,NO,,,,,,,,,,,,,,,,,,,,,,,,,,,,,,,,,,,,,,,
,,,,,,,,05/09/28,,,,,07/07/28,,07/18/28,,,,,,,,,,,,,,,NO,,,,,,,,,,,,,,,,,,,,,,,,,,,,,,,,,,,,,,,
,,,,,,,,05/09/28,,,,,07/07/28,,07/18/28,,,,,,,,,,,,,,,NO,,,,,,,,,,,,,,,,,,,,,,,,,,,,,,,,,,,,,,,
,,,,,,,,05/10/28,,,,,07/10/28,,07/19/28,,,,,,,,,,,,,,,NO,,,,,,,,,,,,,,,,,,,,,,,,,,,,,,,,,,,,,,,
,,,,,,,,05/10/28,,,,,07/10/28,,07/19/28,,,,,,,,,,,,,,,NO,,,,,,,,,,,,,,,,,,,,,,,,,,,,,,,,,,,,,,,
,,,,,,,,05/10/28,,,,,07/10/28,,07/19/28,,,,,,,,,,,,,,,NO,,,,,,,,,,,,,,,,,,,,,,,,,,,,,,,,,,,,,,,
,,,,,,,,05/11/28,,,,,07/11/28,,07/20/28,,,,,,,,,,,,,,,NO,,,,,,,,,,,,,,,,,,,,,,,,,,,,,,,,,,,,,,,
,,,,,,,,05/11/28,,,,,07/11/28,,07/20/28,,,,,,,,,,,,,,,NO,,,,,,,,,,,,,,,,,,,,,,,,,,,,,,,,,,,,,,,
,,,,,,,,05/11/28,,,,,07/11/28,,07/20/28,,,,,,,,,,,,,,,NO,,,,,,,,,,,,,,,,,,,,,,,,,,,,,,,,,,,,,,,
,,,,,,,,05/12/28,,,,,07/12/28,,07/21/28,,,,,,,,,,,,,,,NO,,,,,,,,,,,,,,,,,,,,,,,,,,,,,,,,,,,,,,,
,,,,,,,,05/12/28,,,,,07/12/28,,07/21/28,,,,,,,,,,,,,,,NO,,,,,,,,,,,,,,,,,,,,,,,,,,,,,,,,,,,,,,,
,,,,Onskid,STOCK,,,see #1,,,,,07/12/28,,see #1,,,,,,,,,,08/03/28,,,,,NO,,,,,,,,,,,,,,,,,,,,,,,,,,,,,,,,,,,,,,,
,,,,,,,,05/15/28,,,,,07/13/28,,07/24/28,,,,,,,,,,,,,,,NO,,,,,,,,,,,,,,,,,,,,,,,,,,,,,,,,,,,,,,,
,,,,,,,,05/15/28,,,,,07/13/28,,07/24/28,,,,,,,,,,,,,,,NO,,,,,,,,,,,,,,,,,,,,,,,,,,,,,,,,,,,,,,,
,,,,,,,,05/15/28,,,,,07/13/28,,07/24/28,,,,,,,,,,,,,,,NO,,,,,,,,,,,,,,,,,,,,,,,,,,,,,,,,,,,,,,,
,,,,,,,,05/16/28,,,,,07/14/28,,07/25/28,,,,,,,,,,,,,,,NO,,,,,,,,,,,,,,,,,,,,,,,,,,,,,,,,,,,,,,,
,,,,,,,,05/16/28,,,,,07/14/28,,07/25/28,,,,,,,,,,,,,,,NO,,,,,,,,,,,,,,,,,,,,,,,,,,,,,,,,,,,,,,,
,,,,,,,,05/16/28,,,,,07/14/28,,07/25/28,,,,,,,,,,,,,,,NO,,,,,,,,,,,,,,,,,,,,,,,,,,,,,,,,,,,,,,,
,,,,,,,,05/17/28,,,,,07/17/28,,07/26/28,,,,,,,,,,,,,,,NO,,,,,,,,,,,,,,,,,,,,,,,,,,,,,,,,,,,,,,,
,,,,,,,,05/17/28,,,,,07/17/28,,07/26/28,,,,,,,,,,,,,,,NO,,,,,,,,,,,,,,,,,,,,,,,,,,,,,,,,,,,,,,,
,,,,,,,,05/17/28,,,,,07/17/28,,07/26/28,,,,,,,,,,,,,,,NO,,,,,,,,,,,,,,,,,,,,,,,,,,,,,,,,,,,,,,,
,,,,,,,,05/18/28,,,,,07/18/28,,07/27/28,,,,,,,,,,,,,,,NO,,,,,,,,,,,,,,,,,,,,,,,,,,,,,,,,,,,,,,,
,,,,,,,,05/18/28,,,,,07/18/28,,07/27/28,,,,,,,,,,,,,,,NO,,,,,,,,,,,,,,,,,,,,,,,,,,,,,,,,,,,,,,,
,,,,,,,,05/18/28,,,,,07/18/28,,07/27/28,,,,,,,,,,,,,,,NO,,,,,,,,,,,,,,,,,,,,,,,,,,,,,,,,,,,,,,,
,,,,,,,,05/19/28,,,,,07/19/28,,07/28/28,,,,,,,,,,,,,,,NO,,,,,,,,,,,,,,,,,,,,,,,,,,,,,,,,,,,,,,,
,,,,,,,,05/19/28,,,,,07/19/28,,07/28/28,,,,,,,,,,,,,,,NO,,,,,,,,,,,,,,,,,,,,,,,,,,,,,,,,,,,,,,,
,,,,,,,,05/19/28,,,,,07/19/28,,07/28/28,,,,,,,,,,,,,,,NO,,,,,,,,,,,,,,,,,,,,,,,,,,,,,,,,,,,,,,,
,,,,,,,,05/22/28,,,,,07/20/28,,07/31/28,,,,,,,,,,,,,,,NO,,,,,,,,,,,,,,,,,,,,,,,,,,,,,,,,,,,,,,,
,,,,,,,,05/22/28,,,,,07/20/28,,07/31/28,,,,,,,,,,,,,,,NO,,,,,,,,,,,,,,,,,,,,,,,,,,,,,,,,,,,,,,,
,,,,,,,,05/22/28,,,,,07/20/28,,07/31/28,,,,,,,,,,,,,,,NO,,,,,,,,,,,,,,,,,,,,,,,,,,,,,,,,,,,,,,,
,,,,,,,,05/23/28,,,,,07/21/28,,08/01/28,,,,,,,,,,,,,,,NO,,,,,,,,,,,,,,,,,,,,,,,,,,,,,,,,,,,,,,,
,,,,,,,,05/23/28,,,,,07/21/28,,08/01/28,,,,,,,,,,,,,,,NO,,,,,,,,,,,,,,,,,,,,,,,,,,,,,,,,,,,,,,,
,,,,,,,,05/23/28,,,,,07/21/28,,08/01/28,,,,,,,,,,,,,,,NO,,,,,,,,,,,,,,,,,,,,,,,,,,,,,,,,,,,,,,,
,,,,Onskid,STOCK,,,see #1,,,,,07/24/28,,see #1,,,,,,,,,,08/15/28,,,,,NO,,,,,,,,,,,,,,,,,,,,,,,,,,,,,,,,,,,,,,,
,,,,,,,,05/24/28,,,,,07/24/28,,08/02/28,,,,,,,,,,,,,,,NO,,,,,,,,,,,,,,,,,,,,,,,,,,,,,,,,,,,,,,,
,,,,,,,,05/24/28,,,,,07/24/28,,08/02/28,,,,,,,,,,,,,,,NO,,,,,,,,,,,,,,,,,,,,,,,,,,,,,,,,,,,,,,,
,,,,,,,,05/25/28,,,,,07/25/28,,08/03/28,,,,,,,,,,,,,,,NO,,,,,,,,,,,,,,,,,,,,,,,,,,,,,,,,,,,,,,,
,,,,,,,,05/25/28,,,,,07/25/28,,08/03/28,,,,,,,,,,,,,,,NO,,,,,,,,,,,,,,,,,,,,,,,,,,,,,,,,,,,,,,,
,,,,,,,,05/25/28,,,,,07/25/28,,08/03/28,,,,,,,,,,,,,,,NO,,,,,,,,,,,,,,,,,,,,,,,,,,,,,,,,,,,,,,,
,,,,,,,,05/26/28,,,,,07/26/28,,08/04/28,,,,,,,,,,,,,,,NO,,,,,,,,,,,,,,,,,,,,,,,,,,,,,,,,,,,,,,,
,,,,,,,,05/26/28,,,,,07/26/28,,08/04/28,,,,,,,,,,,,,,,NO,,,,,,,,,,,,,,,,,,,,,,,,,,,,,,,,,,,,,,,
,,,,,,,,05/26/28,,,,,07/26/28,,08/04/28,,,,,,,,,,,,,,,NO,,,,,,,,,,,,,,,,,,,,,,,,,,,,,,,,,,,,,,,
,,,,,,,,05/30/28,,,,,07/27/28,,08/07/28,,,,,,,,,,,,,,,NO,,,,,,,,,,,,,,,,,,,,,,,,,,,,,,,,,,,,,,,
,,,,,,,,05/30/28,,,,,07/27/28,,08/07/28,,,,,,,,,,,,,,,NO,,,,,,,,,,,,,,,,,,,,,,,,,,,,,,,,,,,,,,,
,,,,,,,,05/30/28,,,,,07/27/28,,08/07/28,,,,,,,,,,,,,,,NO,,,,,,,,,,,,,,,,,,,,,,,,,,,,,,,,,,,,,,,
,,,,,,,,05/31/28,,,,,07/28/28,,08/08/28,,,,,,,,,,,,,,,NO,,,,,,,,,,,,,,,,,,,,,,,,,,,,,,,,,,,,,,,
,,,,,,,,05/31/28,,,,,07/28/28,,08/08/28,,,,,,,,,,,,,,,NO,,,,,,,,,,,,,,,,,,,,,,,,,,,,,,,,,,,,,,,
,,,,,,,,05/31/28,,,,,07/28/28,,08/08/28,,,,,,,,,,,,,,,NO,,,,,,,,,,,,,,,,,,,,,,,,,,,,,,,,,,,,,,,
,,,,,,,,06/01/28,,,,,07/31/28,,08/09/28,,,,,,,,,,,,,,,NO,,,,,,,,,,,,,,,,,,,,,,,,,,,,,,,,,,,,,,,
,,,,,,,,06/01/28,,,,,07/31/28,,08/09/28,,,,,,,,,,,,,,,NO,,,,,,,,,,,,,,,,,,,,,,,,,,,,,,,,,,,,,,,
,,,,,,,,06/01/28,,,,,07/31/28,,08/09/28,,,,,,,,,,,,,,,NO,,,,,,,,,,,,,,,,,,,,,,,,,,,,,,,,,,,,,,,
,,,,,,,,06/02/28,,,,,08/01/28,,08/10/28,,,,,,,,,,,,,,,NO,,,,,,,,,,,,,,,,,,,,,,,,,,,,,,,,,,,,,,,
,,,,,,,,06/02/28,,,,,08/01/28,,08/10/28,,,,,,,,,,,,,,,NO,,,,,,,,,,,,,,,,,,,,,,,,,,,,,,,,,,,,,,,
,,,,,,,,06/02/28,,,,,08/01/28,,08/10/28,,,,,,,,,,,,,,,NO,,,,,,,,,,,,,,,,,,,,,,,,,,,,,,,,,,,,,,,
,,,,,,,,06/05/28,,,,,08/02/28,,08/11/28,,,,,,,,,,,,,,,NO,,,,,,,,,,,,,,,,,,,,,,,,,,,,,,,,,,,,,,,
,,,,,,,,06/05/28,,,,,08/02/28,,08/11/28,,,,,,,,,,,,,,,NO,,,,,,,,,,,,,,,,,,,,,,,,,,,,,,,,,,,,,,,
,,,,,,,,06/05/28,,,,,08/02/28,,08/11/28,,,,,,,,,,,,,,,NO,,,,,,,,,,,,,,,,,,,,,,,,,,,,,,,,,,,,,,,
,,,,,,,,06/06/28,,,,,08/03/28,,08/14/28,,,,,,,,,,,,,,,NO,,,,,,,,,,,,,,,,,,,,,,,,,,,,,,,,,,,,,,,
,,,,,,,,06/06/28,,,,,08/03/28,,08/14/28,,,,,,,,,,,,,,,NO,,,,,,,,,,,,,,,,,,,,,,,,,,,,,,,,,,,,,,,
,,,,,,,,06/06/28,,,,,08/03/28,,08/14/28,,,,,,,,,,,,,,,NO,,,,,,,,,,,,,,,,,,,,,,,,,,,,,,,,,,,,,,,
,,,,,,,,06/07/28,,,,,08/04/28,,08/15/28,,,,,,,,,,,,,,,NO,,,,,,,,,,,,,,,,,,,,,,,,,,,,,,,,,,,,,,,
,,,,,,,,06/07/28,,,,,08/04/28,,08/15/28,,,,,,,,,,,,,,,NO,,,,,,,,,,,,,,,,,,,,,,,,,,,,,,,,,,,,,,,
,,,,,,,,06/07/28,,,,,08/04/28,,08/15/28,,,,,,,,,,,,,,,NO,,,,,,,,,,,,,,,,,,,,,,,,,,,,,,,,,,,,,,,
,,,,,,,,06/08/28,,,,,08/07/28,,08/16/28,,,,,,,,,,,,,,,NO,,,,,,,,,,,,,,,,,,,,,,,,,,,,,,,,,,,,,,,
,,,,,,,,06/08/28,,,,,08/07/28,,08/16/28,,,,,,,,,,,,,,,NO,,,,,,,,,,,,,,,,,,,,,,,,,,,,,,,,,,,,,,,
,,,,,,,,06/08/28,,,,,08/07/28,,08/16/28,,,,,,,,,,,,,,,NO,,,,,,,,,,,,,,,,,,,,,,,,,,,,,,,,,,,,,,,
,,,,,,,,06/09/28,,,,,08/08/28,,08/17/28,,,,,,,,,,,,,,,NO,,,,,,,,,,,,,,,,,,,,,,,,,,,,,,,,,,,,,,,
,,,,,,,,06/09/28,,,,,08/08/28,,08/17/28,,,,,,,,,,,,,,,NO,,,,,,,,,,,,,,,,,,,,,,,,,,,,,,,,,,,,,,,
,,,,,,,,06/09/28,,,,,08/08/28,,08/17/28,,,,,,,,,,,,,,,NO,,,,,,,,,,,,,,,,,,,,,,,,,,,,,,,,,,,,,,,
,,,,Onskid,STOCK,,,see #1,,,,,08/09/28,,see #1,,,,,,,,,,08/31/28,,,,,NO,,,,,,,,,,,,,,,,,,,,,,,,,,,,,,,,,,,,,,,
,,,,,,,,06/12/28,,,,,08/09/28,,08/18/28,,,,,,,,,,,,,,,NO,,,,,,,,,,,,,,,,,,,,,,,,,,,,,,,,,,,,,,,
,,,,,,,,06/12/28,,,,,08/09/28,,08/18/28,,,,,,,,,,,,,,,NO,,,,,,,,,,,,,,,,,,,,,,,,,,,,,,,,,,,,,,,
,,,,,,,,06/13/28,,,,,08/10/28,,08/21/28,,,,,,,,,,,,,,,NO,,,,,,,,,,,,,,,,,,,,,,,,,,,,,,,,,,,,,,,
,,,,,,,,06/13/28,,,,,08/10/28,,08/21/28,,,,,,,,,,,,,,,NO,,,,,,,,,,,,,,,,,,,,,,,,,,,,,,,,,,,,,,,
,,,,,,,,06/13/28,,,,,08/10/28,,08/21/28,,,,,,,,,,,,,,,NO,,,,,,,,,,,,,,,,,,,,,,,,,,,,,,,,,,,,,,,
,,,,,,,,06/14/28,,,,,08/11/28,,08/22/28,,,,,,,,,,,,,,,NO,,,,,,,,,,,,,,,,,,,,,,,,,,,,,,,,,,,,,,,
,,,,,,,,06/14/28,,,,,08/11/28,,08/22/28,,,,,,,,,,,,,,,NO,,,,,,,,,,,,,,,,,,,,,,,,,,,,,,,,,,,,,,,
,,,,,,,,06/14/28,,,,,08/11/28,,08/22/28,,,,,,,,,,,,,,,NO,,,,,,,,,,,,,,,,,,,,,,,,,,,,,,,,,,,,,,,
,,,,,,,,06/15/28,,,,,08/14/28,,08/23/28,,,,,,,,,,,,,,,NO,,,,,,,,,,,,,,,,,,,,,,,,,,,,,,,,,,,,,,,
,,,,,,,,06/15/28,,,,,08/14/28,,08/23/28,,,,,,,,,,,,,,,NO,,,,,,,,,,,,,,,,,,,,,,,,,,,,,,,,,,,,,,,
,,,,,,,,06/15/28,,,,,08/14/28,,08/23/28,,,,,,,,,,,,,,,NO,,,,,,,,,,,,,,,,,,,,,,,,,,,,,,,,,,,,,,,
,,,,,,,,06/16/28,,,,,08/15/28,,08/24/28,,,,,,,,,,,,,,,NO,,,,,,,,,,,,,,,,,,,,,,,,,,,,,,,,,,,,,,,
,,,,,,,,06/16/28,,,,,08/15/28,,08/24/28,,,,,,,,,,,,,,,NO,,,,,,,,,,,,,,,,,,,,,,,,,,,,,,,,,,,,,,,
,,,,Onskid,STOCK,,,see #1,,,,,08/15/28,,see #1,,,,,,,,,,09/07/28,,,,,NO,,,,,,,,,,,,,,,,,,,,,,,,,,,,,,,,,,,,,,,
,,,,,,,,06/19/28,,,,,08/16/28,,08/25/28,,,,,,,,,,,,,,,NO,,,,,,,,,,,,,,,,,,,,,,,,,,,,,,,,,,,,,,,
,,,,,,,,06/19/28,,,,,08/16/28,,08/25/28,,,,,,,,,,,,,,,NO,,,,,,,,,,,,,,,,,,,,,,,,,,,,,,,,,,,,,,,
,,,,,,,,06/19/28,,,,,08/16/28,,08/25/28,,,,,,,,,,,,,,,NO,,,,,,,,,,,,,,,,,,,,,,,,,,,,,,,,,,,,,,,
,,,,,,,,06/20/28,,,,,08/17/28,,08/28/28,,,,,,,,,,,,,,,NO,,,,,,,,,,,,,,,,,,,,,,,,,,,,,,,,,,,,,,,
,,,,,,,,06/20/28,,,,,08/17/28,,08/28/28,,,,,,,,,,,,,,,NO,,,,,,,,,,,,,,,,,,,,,,,,,,,,,,,,,,,,,,,
,,,,,,,,06/20/28,,,,,08/17/28,,08/28/28,,,,,,,,,,,,,,,NO,,,,,,,,,,,,,,,,,,,,,,,,,,,,,,,,,,,,,,,
,,,,,,,,06/21/28,,,,,08/18/28,,08/29/28,,,,,,,,,,,,,,,NO,,,,,,,,,,,,,,,,,,,,,,,,,,,,,,,,,,,,,,,
,,,,,,,,06/21/28,,,,,08/18/28,,08/29/28,,,,,,,,,,,,,,,NO,,,,,,,,,,,,,,,,,,,,,,,,,,,,,,,,,,,,,,,
,,,,,,,,06/21/28,,,,,08/18/28,,08/29/28,,,,,,,,,,,,,,,NO,,,,,,,,,,,,,,,,,,,,,,,,,,,,,,,,,,,,,,,
,,,,,,,,06/22/28,,,,,08/21/28,,08/30/28,,,,,,,,,,,,,,,NO,,,,,,,,,,,,,,,,,,,,,,,,,,,,,,,,,,,,,,,
,,,,,,,,06/22/28,,,,,08/21/28,,08/30/28,,,,,,,,,,,,,,,NO,,,,,,,,,,,,,,,,,,,,,,,,,,,,,,,,,,,,,,,
,,,,,,,,06/22/28,,,,,08/21/28,,08/30/28,,,,,,,,,,,,,,,NO,,,,,,,,,,,,,,,,,,,,,,,,,,,,,,,,,,,,,,,
,,,,,,,,06/23/28,,,,,08/22/28,,08/31/28,,,,,,,,,,,,,,,NO,,,,,,,,,,,,,,,,,,,,,,,,,,,,,,,,,,,,,,,
,,,,,,,,06/23/28,,,,,08/22/28,,08/31/28,,,,,,,,,,,,,,,NO,,,,,,,,,,,,,,,,,,,,,,,,,,,,,,,,,,,,,,,
,,,,,,,,06/23/28,,,,,08/22/28,,08/31/28,,,,,,,,,,,,,,,NO,,,,,,,,,,,,,,,,,,,,,,,,,,,,,,,,,,,,,,,
,,,,,,,,06/26/28,,,,,08/23/28,,09/01/28,,,,,,,,,,,,,,,NO,,,,,,,,,,,,,,,,,,,,,,,,,,,,,,,,,,,,,,,
,,,,,,,,06/26/28,,,,,08/23/28,,09/01/28,,,,,,,,,,,,,,,NO,,,,,,,,,,,,,,,,,,,,,,,,,,,,,,,,,,,,,,,
,,,,,,,,06/26/28,,,,,08/23/28,,09/01/28,,,,,,,,,,,,,,,NO,,,,,,,,,,,,,,,,,,,,,,,,,,,,,,,,,,,,,,,
,,,,,,,,06/27/28,,,,,08/24/28,,09/05/28,,,,,,,,,,,,,,,NO,,,,,,,,,,,,,,,,,,,,,,,,,,,,,,,,,,,,,,,
,,,,,,,,06/27/28,,,,,08/24/28,,09/05/28,,,,,,,,,,,,,,,NO,,,,,,,,,,,,,,,,,,,,,,,,,,,,,,,,,,,,,,,
,,,,,,,,06/27/28,,,,,08/24/28,,09/05/28,,,,,,,,,,,,,,,NO,,,,,,,,,,,,,,,,,,,,,,,,,,,,,,,,,,,,,,,
,,,,,,,,06/28/28,,,,,08/25/28,,09/06/28,,,,,,,,,,,,,,,NO,,,,,,,,,,,,,,,,,,,,,,,,,,,,,,,,,,,,,,,
,,,,,,,,06/28/28,,,,,08/25/28,,09/06/28,,,,,,,,,,,,,,,NO,,,,,,,,,,,,,,,,,,,,,,,,,,,,,,,,,,,,,,,
,,,,,,,,06/28/28,,,,,08/25/28,,09/06/28,,,,,,,,,,,,,,,NO,,,,,,,,,,,,,,,,,,,,,,,,,,,,,,,,,,,,,,,
,,,,,,,,06/29/28,,,,,08/28/28,,09/07/28,,,,,,,,,,,,,,,NO,,,,,,,,,,,,,,,,,,,,,,,,,,,,,,,,,,,,,,,
,,,,,,,,06/29/28,,,,,08/28/28,,09/07/28,,,,,,,,,,,,,,,NO,,,,,,,,,,,,,,,,,,,,,,,,,,,,,,,,,,,,,,,
,,,,,,,,06/29/28,,,,,08/28/28,,09/07/28,,,,,,,,,,,,,,,NO,,,,,,,,,,,,,,,,,,,,,,,,,,,,,,,,,,,,,,,
,,,,,,,,06/30/28,,,,,08/29/28,,09/08/28,,,,,,,,,,,,,,,NO,,,,,,,,,,,,,,,,,,,,,,,,,,,,,,,,,,,,,,,
,,,,,,,,06/30/28,,,,,08/29/28,,09/08/28,,,,,,,,,,,,,,,NO,,,,,,,,,,,,,,,,,,,,,,,,,,,,,,,,,,,,,,,
,,,,,,,,06/30/28,,,,,08/29/28,,09/08/28,,,,,,,,,,,,,,,NO,,,,,,,,,,,,,,,,,,,,,,,,,,,,,,,,,,,,,,,
,,,,,,,,07/05/28,,,,,08/30/28,,09/11/28,,,,,,,,,,,,,,,NO,,,,,,,,,,,,,,,,,,,,,,,,,,,,,,,,,,,,,,,
,,,,,,,,07/05/28,,,,,08/30/28,,09/11/28,,,,,,,,,,,,,,,NO,,,,,,,,,,,,,,,,,,,,,,,,,,,,,,,,,,,,,,,
,,,,Offskid,PENDING-N,,,07/05/28,,,,,08/30/28,,09/11/28,,,,,,,#VALUE!,,,,,,,,NO,,,,,,,,,,,,,,,,,,,,,,,,,,,,,,,,,,,,,,,
,,,,,,,,07/06/28,,,,,08/31/28,,09/12/28,,,,,,,,,,,,,,,NO,,,,,,,,,,,,,,,,,,,,,,,,,,,,,,,,,,,,,,,
,,,,,,,,07/06/28,,,,,08/31/28,,09/12/28,,,,,,,,,,,,,,,NO,,,,,,,,,,,,,,,,,,,,,,,,,,,,,,,,,,,,,,,
,,,,,,,,07/06/28,,,,,08/31/28,,09/12/28,,,,,,,,,,,,,,,NO,,,,,,,,,,,,,,,,,,,,,,,,,,,,,,,,,,,,,,,
,,,,,,,,07/07/28,,,,,09/01/28,,09/13/28,,,,,,,,,,,,,,,NO,,,,,,,,,,,,,,,,,,,,,,,,,,,,,,,,,,,,,,,
,,,,,,,,07/07/28,,,,,09/01/28,,09/13/28,,,,,,,,,,,,,,,NO,,,,,,,,,,,,,,,,,,,,,,,,,,,,,,,,,,,,,,,
,,,,,,,,07/07/28,,,,,09/01/28,,09/13/28,,,,,,,,,,,,,,,NO,,,,,,,,,,,,,,,,,,,,,,,,,,,,,,,,,,,,,,,
,,,,,,,,07/10/28,,,,,09/05/28,,09/14/28,,,,,,,,,,,,,,,NO,,,,,,,,,,,,,,,,,,,,,,,,,,,,,,,,,,,,,,,
,,,,,,,,07/10/28,,,,,09/05/28,,09/14/28,,,,,,,,,,,,,,,NO,,,,,,,,,,,,,,,,,,,,,,,,,,,,,,,,,,,,,,,
,,,,,,,,07/10/28,,,,,09/05/28,,09/14/28,,,,,,,,,,,,,,,NO,,,,,,,,,,,,,,,,,,,,,,,,,,,,,,,,,,,,,,,
,,,,,,,,07/11/28,,,,,09/06/28,,09/15/28,,,,,,,,,,,,,,,NO,,,,,,,,,,,,,,,,,,,,,,,,,,,,,,,,,,,,,,,
,,,,,,,,07/11/28,,,,,09/06/28,,09/15/28,,,,,,,,,,,,,,,NO,,,,,,,,,,,,,,,,,,,,,,,,,,,,,,,,,,,,,,,
,,,,,,,,07/11/28,,,,,09/06/28,,09/15/28,,,,,,,,,,,,,,,NO,,,,,,,,,,,,,,,,,,,,,,,,,,,,,,,,,,,,,,,
,,,,Onskid,STOCK,,,see #1,,,,,09/07/28,,see #1,,,,,,,,,,09/29/28,,,,,NO,,,,,,,,,,,,,,,,,,,,,,,,,,,,,,,,,,,,,,,
,,,,,,,,07/12/28,,,,,09/07/28,,09/18/28,,,,,,,,,,,,,,,NO,,,,,,,,,,,,,,,,,,,,,,,,,,,,,,,,,,,,,,,
,,,,,,,,07/12/28,,,,,09/07/28,,09/18/28,,,,,,,,,,,,,,,NO,,,,,,,,,,,,,,,,,,,,,,,,,,,,,,,,,,,,,,,
,,,,,,,,07/13/28,,,,,09/08/28,,09/19/28,,,,,,,,,,,,,,,NO,,,,,,,,,,,,,,,,,,,,,,,,,,,,,,,,,,,,,,,
,,,,,,,,07/13/28,,,,,09/08/28,,09/19/28,,,,,,,,,,,,,,,NO,,,,,,,,,,,,,,,,,,,,,,,,,,,,,,,,,,,,,,,
,,,,,,,,07/13/28,,,,,09/08/28,,09/19/28,,,,,,,,,,,,,,,NO,,,,,,,,,,,,,,,,,,,,,,,,,,,,,,,,,,,,,,,
,,,,,,,,07/14/28,,,,,09/11/28,,09/20/28,,,,,,,,,,,,,,,NO,,,,,,,,,,,,,,,,,,,,,,,,,,,,,,,,,,,,,,,
,,,,,,,,07/14/28,,,,,09/11/28,,09/20/28,,,,,,,,,,,,,,,NO,,,,,,,,,,,,,,,,,,,,,,,,,,,,,,,,,,,,,,,
,,,,,,,,07/14/28,,,,,09/11/28,,09/20/28,,,,,,,,,,,,,,,NO,,,,,,,,,,,,,,,,,,,,,,,,,,,,,,,,,,,,,,,
,,,,,,,,07/17/28,,,,,09/12/28,,09/21/28,,,,,,,,,,,,,,,NO,,,,,,,,,,,,,,,,,,,,,,,,,,,,,,,,,,,,,,,
,,,,,,,,07/17/28,,,,,09/12/28,,09/21/28,,,,,,,,,,,,,,,NO,,,,,,,,,,,,,,,,,,,,,,,,,,,,,,,,,,,,,,,
,,,,,,,,07/17/28,,,,,09/12/28,,09/21/28,,,,,,,,,,,,,,,NO,,,,,,,,,,,,,,,,,,,,,,,,,,,,,,,,,,,,,,,
,,,,,,,,07/18/28,,,,,09/13/28,,09/22/28,,,,,,,,,,,,,,,NO,,,,,,,,,,,,,,,,,,,,,,,,,,,,,,,,,,,,,,,
,,,,,,,,07/18/28,,,,,09/13/28,,09/22/28,,,,,,,,,,,,,,,NO,,,,,,,,,,,,,,,,,,,,,,,,,,,,,,,,,,,,,,,
,,,,Onskid,STOCK,,,see #1,,,,,09/13/28,,see #1,,,,,,,,,,10/05/28,,,,,NO,,,,,,,,,,,,,,,,,,,,,,,,,,,,,,,,,,,,,,,
,,,,,,,,07/19/28,,,,,09/14/28,,09/25/28,,,,,,,,,,,,,,,NO,,,,,,,,,,,,,,,,,,,,,,,,,,,,,,,,,,,,,,,
,,,,,,,,07/19/28,,,,,09/14/28,,09/25/28,,,,,,,,,,,,,,,NO,,,,,,,,,,,,,,,,,,,,,,,,,,,,,,,,,,,,,,,
,,,,,,,,07/19/28,,,,,09/14/28,,09/25/28,,,,,,,,,,,,,,,NO,,,,,,,,,,,,,,,,,,,,,,,,,,,,,,,,,,,,,,,
,,,,,,,,07/20/28,,,,,09/15/28,,09/26/28,,,,,,,,,,,,,,,NO,,,,,,,,,,,,,,,,,,,,,,,,,,,,,,,,,,,,,,,
,,,,,,,,07/20/28,,,,,09/15/28,,09/26/28,,,,,,,,,,,,,,,NO,,,,,,,,,,,,,,,,,,,,,,,,,,,,,,,,,,,,,,,
,,,,,,,,07/20/28,,,,,09/15/28,,09/26/28,,,,,,,,,,,,,,,NO,,,,,,,,,,,,,,,,,,,,,,,,,,,,,,,,,,,,,,,
,,,,,,,,07/21/28,,,,,09/18/28,,09/27/28,,,,,,,,,,,,,,,NO,,,,,,,,,,,,,,,,,,,,,,,,,,,,,,,,,,,,,,,
,,,,,,,,07/21/28,,,,,09/18/28,,09/27/28,,,,,,,,,,,,,,,NO,,,,,,,,,,,,,,,,,,,,,,,,,,,,,,,,,,,,,,,
,,,,,,,,07/21/28,,,,,09/18/28,,09/27/28,,,,,,,,,,,,,,,NO,,,,,,,,,,,,,,,,,,,,,,,,,,,,,,,,,,,,,,,
,,,,,,,,07/24/28,,,,,09/19/28,,09/28/28,,,,,,,,,,,,,,,NO,,,,,,,,,,,,,,,,,,,,,,,,,,,,,,,,,,,,,,,
,,,,,,,,07/24/28,,,,,09/19/28,,09/28/28,,,,,,,,,,,,,,,NO,,,,,,,,,,,,,,,,,,,,,,,,,,,,,,,,,,,,,,,
,,,,,,,,07/24/28,,,,,09/19/28,,09/28/28,,,,,,,,,,,,,,,NO,,,,,,,,,,,,,,,,,,,,,,,,,,,,,,,,,,,,,,,
,,,,,,,,07/25/28,,,,,09/20/28,,09/29/28,,,,,,,,,,,,,,,NO,,,,,,,,,,,,,,,,,,,,,,,,,,,,,,,,,,,,,,,
,,,,,,,,07/25/28,,,,,09/20/28,,09/29/28,,,,,,,,,,,,,,,NO,,,,,,,,,,,,,,,,,,,,,,,,,,,,,,,,,,,,,,,
,,,,,,,,07/25/28,,,,,09/20/28,,09/29/28,,,,,,,,,,,,,,,NO,,,,,,,,,,,,,,,,,,,,,,,,,,,,,,,,,,,,,,,
,,,,,,,,07/26/28,,,,,09/21/28,,10/02/28,,,,,,,,,,,,,,,NO,,,,,,,,,,,,,,,,,,,,,,,,,,,,,,,,,,,,,,,
,,,,,,,,07/26/28,,,,,09/21/28,,10/02/28,,,,,,,,,,,,,,,NO,,,,,,,,,,,,,,,,,,,,,,,,,,,,,,,,,,,,,,,
,,,,,,,,07/26/28,,,,,09/21/28,,10/02/28,,,,,,,,,,,,,,,NO,,,,,,,,,,,,,,,,,,,,,,,,,,,,,,,,,,,,,,,
,,,,,,,,07/27/28,,,,,09/22/28,,10/03/28,,,,,,,,,,,,,,,NO,,,,,,,,,,,,,,,,,,,,,,,,,,,,,,,,,,,,,,,
,,,,,,,,07/27/28,,,,,09/22/28,,10/03/28,,,,,,,,,,,,,,,NO,,,,,,,,,,,,,,,,,,,,,,,,,,,,,,,,,,,,,,,
,,,,,,,,07/27/28,,,,,09/22/28,,10/03/28,,,,,,,,,,,,,,,NO,,,,,,,,,,,,,,,,,,,,,,,,,,,,,,,,,,,,,,,
,,,,,,,,07/28/28,,,,,09/25/28,,10/04/28,,,,,,,,,,,,,,,NO,,,,,,,,,,,,,,,,,,,,,,,,,,,,,,,,,,,,,,,
,,,,,,,,07/28/28,,,,,09/25/28,,10/04/28,,,,,,,,,,,,,,,NO,,,,,,,,,,,,,,,,,,,,,,,,,,,,,,,,,,,,,,,
,,,,,,,,07/28/28,,,,,09/25/28,,10/04/28,,,,,,,,,,,,,,,NO,,,,,,,,,,,,,,,,,,,,,,,,,,,,,,,,,,,,,,,
,,,,,,,,07/31/28,,,,,09/26/28,,10/05/28,,,,,,,,,,,,,,,NO,,,,,,,,,,,,,,,,,,,,,,,,,,,,,,,,,,,,,,,
,,,,,,,,07/31/28,,,,,09/26/28,,10/05/28,,,,,,,,,,,,,,,NO,,,,,,,,,,,,,,,,,,,,,,,,,,,,,,,,,,,,,,,
,,,,,,,,07/31/28,,,,,09/26/28,,10/05/28,,,,,,,,,,,,,,,NO,,,,,,,,,,,,,,,,,,,,,,,,,,,,,,,,,,,,,,,
,,,,,,,,08/01/28,,,,,09/27/28,,10/06/28,,,,,,,,,,,,,,,NO,,,,,,,,,,,,,,,,,,,,,,,,,,,,,,,,,,,,,,,
,,,,,,,,08/01/28,,,,,09/27/28,,10/06/28,,,,,,,,,,,,,,,NO,,,,,,,,,,,,,,,,,,,,,,,,,,,,,,,,,,,,,,,
,,,,,,,,08/01/28,,,,,09/27/28,,10/06/28,,,,,,,,,,,,,,,NO,,,,,,,,,,,,,,,,,,,,,,,,,,,,,,,,,,,,,,,
,,,,,,,,08/02/28,,,,,09/28/28,,10/09/28,,,,,,,,,,,,,,,NO,,,,,,,,,,,,,,,,,,,,,,,,,,,,,,,,,,,,,,,
,,,,,,,,08/02/28,,,,,09/28/28,,10/09/28,,,,,,,,,,,,,,,NO,,,,,,,,,,,,,,,,,,,,,,,,,,,,,,,,,,,,,,,
,,,,,,,,08/02/28,,,,,09/28/28,,10/09/28,,,,,,,,,,,,,,,NO,,,,,,,,,,,,,,,,,,,,,,,,,,,,,,,,,,,,,,,
,,,,,,,,08/03/28,,,,,09/29/28,,10/10/28,,,,,,,,,,,,,,,NO,,,,,,,,,,,,,,,,,,,,,,,,,,,,,,,,,,,,,,,
,,,,,,,,08/03/28,,,,,09/29/28,,10/10/28,,,,,,,,,,,,,,,NO,,,,,,,,,,,,,,,,,,,,,,,,,,,,,,,,,,,,,,,
,,,,,,,,08/03/28,,,,,09/29/28,,10/10/28,,,,,,,,,,,,,,,NO,,,,,,,,,,,,,,,,,,,,,,,,,,,,,,,,,,,,,,,
,,,,,,,,08/04/28,,,,,10/02/28,,10/11/28,,,,,,,,,,,,,,,NO,,,,,,,,,,,,,,,,,,,,,,,,,,,,,,,,,,,,,,,
,,,,,,,,08/04/28,,,,,10/02/28,,10/11/28,,,,,,,,,,,,,,,NO,,,,,,,,,,,,,,,,,,,,,,,,,,,,,,,,,,,,,,,
,,,,,,,,08/04/28,,,,,10/02/28,,10/11/28,,,,,,,,,,,,,,,NO,,,,,,,,,,,,,,,,,,,,,,,,,,,,,,,,,,,,,,,
,,,,,,,,08/07/28,,,,,10/03/28,,10/12/28,,,,,,,,,,,,,,,NO,,,,,,,,,,,,,,,,,,,,,,,,,,,,,,,,,,,,,,,
,,,,,,,,08/07/28,,,,,10/03/28,,10/12/28,,,,,,,,,,,,,,,NO,,,,,,,,,,,,,,,,,,,,,,,,,,,,,,,,,,,,,,,
,,,,,,,,08/07/28,,,,,10/03/28,,10/12/28,,,,,,,,,,,,,,,NO,,,,,,,,,,,,,,,,,,,,,,,,,,,,,,,,,,,,,,,
,,,,,,,,08/08/28,,,,,10/04/28,,10/13/28,,,,,,,,,,,,,,,NO,,,,,,,,,,,,,,,,,,,,,,,,,,,,,,,,,,,,,,,
,,,,,,,,08/08/28,,,,,10/04/28,,10/13/28,,,,,,,,,,,,,,,NO,,,,,,,,,,,,,,,,,,,,,,,,,,,,,,,,,,,,,,,
,,,,,,,,08/08/28,,,,,10/04/28,,10/13/28,,,,,,,,,,,,,,,NO,,,,,,,,,,,,,,,,,,,,,,,,,,,,,,,,,,,,,,,
,,,,,,,,08/09/28,,,,,10/05/28,,10/16/28,,,,,,,,,,,,,,,NO,,,,,,,,,,,,,,,,,,,,,,,,,,,,,,,,,,,,,,,
,,,,,,,,08/09/28,,,,,10/05/28,,10/16/28,,,,,,,,,,,,,,,NO,,,,,,,,,,,,,,,,,,,,,,,,,,,,,,,,,,,,,,,
,,,,,,,,08/09/28,,,,,10/05/28,,10/16/28,,,,,,,,,,,,,,,NO,,,,,,,,,,,,,,,,,,,,,,,,,,,,,,,,,,,,,,,
,,,,,,,,08/10/28,,,,,10/06/28,,10/17/28,,,,,,,,,,,,,,,NO,,,,,,,,,,,,,,,,,,,,,,,,,,,,,,,,,,,,,,,
,,,,,,,,08/10/28,,,,,10/06/28,,10/17/28,,,,,,,,,,,,,,,NO,,,,,,,,,,,,,,,,,,,,,,,,,,,,,,,,,,,,,,,
,,,,,,,,08/10/28,,,,,10/06/28,,10/17/28,,,,,,,,,,,,,,,NO,,,,,,,,,,,,,,,,,,,,,,,,,,,,,,,,,,,,,,,
,,,,Onskid,STOCK,,,see #1,,,,,10/09/28,,see #1,,,,,,,,,,10/31/28,,,,,NO,,,,,,,,,,,,,,,,,,,,,,,,,,,,,,,,,,,,,,,
,,,,,,,,08/11/28,,,,,10/09/28,,10/18/28,,,,,,,,,,,,,,,NO,,,,,,,,,,,,,,,,,,,,,,,,,,,,,,,,,,,,,,,
,,,,,,,,08/11/28,,,,,10/09/28,,10/18/28,,,,,,,,,,,,,,,NO,,,,,,,,,,,,,,,,,,,,,,,,,,,,,,,,,,,,,,,
,,,,,,,,08/14/28,,,,,10/10/28,,10/19/28,,,,,,,,,,,,,,,NO,,,,,,,,,,,,,,,,,,,,,,,,,,,,,,,,,,,,,,,
,,,,,,,,08/14/28,,,,,10/10/28,,10/19/28,,,,,,,,,,,,,,,NO,,,,,,,,,,,,,,,,,,,,,,,,,,,,,,,,,,,,,,,
,,,,,,,,08/14/28,,,,,10/10/28,,10/19/28,,,,,,,,,,,,,,,NO,,,,,,,,,,,,,,,,,,,,,,,,,,,,,,,,,,,,,,,
,,,,,,,,08/15/28,,,,,10/11/28,,10/20/28,,,,,,,,,,,,,,,NO,,,,,,,,,,,,,,,,,,,,,,,,,,,,,,,,,,,,,,,
,,,,,,,,08/15/28,,,,,10/11/28,,10/20/28,,,,,,,,,,,,,,,NO,,,,,,,,,,,,,,,,,,,,,,,,,,,,,,,,,,,,,,,
,,,,,,,,08/15/28,,,,,10/11/28,,10/20/28,,,,,,,,,,,,,,,NO,,,,,,,,,,,,,,,,,,,,,,,,,,,,,,,,,,,,,,,
,,,,,,,,08/16/28,,,,,10/12/28,,10/23/28,,,,,,,,,,,,,,,NO,,,,,,,,,,,,,,,,,,,,,,,,,,,,,,,,,,,,,,,
,,,,,,,,08/16/28,,,,,10/12/28,,10/23/28,,,,,,,,,,,,,,,NO,,,,,,,,,,,,,,,,,,,,,,,,,,,,,,,,,,,,,,,
,,,,,,,,08/16/28,,,,,10/12/28,,10/23/28,,,,,,,,,,,,,,,NO,,,,,,,,,,,,,,,,,,,,,,,,,,,,,,,,,,,,,,,
,,,,,,,,08/17/28,,,,,10/13/28,,10/24/28,,,,,,,,,,,,,,,NO,,,,,,,,,,,,,,,,,,,,,,,,,,,,,,,,,,,,,,,
,,,,,,,,08/17/28,,,,,10/13/28,,10/24/28,,,,,,,,,,,,,,,NO,,,,,,,,,,,,,,,,,,,,,,,,,,,,,,,,,,,,,,,
,,,,,,,,08/17/28,,,,,10/13/28,,10/24/28,,,,,,,,,,,,,,,NO,,,,,,,,,,,,,,,,,,,,,,,,,,,,,,,,,,,,,,,
,,,,,,,,08/18/28,,,,,10/16/28,,10/25/28,,,,,,,,,,,,,,,NO,,,,,,,,,,,,,,,,,,,,,,,,,,,,,,,,,,,,,,,
,,,,,,,,08/18/28,,,,,10/16/28,,10/25/28,,,,,,,,,,,,,,,NO,,,,,,,,,,,,,,,,,,,,,,,,,,,,,,,,,,,,,,,
,,,,,,,,08/18/28,,,,,10/16/28,,10/25/28,,,,,,,,,,,,,,,NO,,,,,,,,,,,,,,,,,,,,,,,,,,,,,,,,,,,,,,,
,,,,,,,,08/21/28,,,,,10/17/28,,10/26/28,,,,,,,,,,,,,,,NO,,,,,,,,,,,,,,,,,,,,,,,,,,,,,,,,,,,,,,,
,,,,,,,,08/21/28,,,,,10/17/28,,10/26/28,,,,,,,,,,,,,,,NO,,,,,,,,,,,,,,,,,,,,,,,,,,,,,,,,,,,,,,,
,,,,,,,,08/21/28,,,,,10/17/28,,10/26/28,,,,,,,,,,,,,,,NO,,,,,,,,,,,,,,,,,,,,,,,,,,,,,,,,,,,,,,,
,,,,,,,,08/22/28,,,,,10/18/28,,10/27/28,,,,,,,,,,,,,,,NO,,,,,,,,,,,,,,,,,,,,,,,,,,,,,,,,,,,,,,,
,,,,,,,,08/22/28,,,,,10/18/28,,10/27/28,,,,,,,,,,,,,,,NO,,,,,,,,,,,,,,,,,,,,,,,,,,,,,,,,,,,,,,,
,,,,,,,,08/22/28,,,,,10/18/28,,10/27/28,,,,,,,,,,,,,,,NO,,,,,,,,,,,,,,,,,,,,,,,,,,,,,,,,,,,,,,,
,,,,,,,,08/23/28,,,,,10/19/28,,10/30/28,,,,,,,,,,,,,,,NO,,,,,,,,,,,,,,,,,,,,,,,,,,,,,,,,,,,,,,,
,,,,,,,,08/23/28,,,,,10/19/28,,10/30/28,,,,,,,,,,,,,,,NO,,,,,,,,,,,,,,,,,,,,,,,,,,,,,,,,,,,,,,,
,,,,,,,,08/23/28,,,,,10/19/28,,10/30/28,,,,,,,,,,,,,,,NO,,,,,,,,,,,,,,,,,,,,,,,,,,,,,,,,,,,,,,,
,,,,,,,,08/24/28,,,,,10/20/28,,10/31/28,,,,,,,,,,,,,,,NO,,,,,,,,,,,,,,,,,,,,,,,,,,,,,,,,,,,,,,,
,,,,,,,,08/24/28,,,,,10/20/28,,10/31/28,,,,,,,,,,,,,,,NO,,,,,,,,,,,,,,,,,,,,,,,,,,,,,,,,,,,,,,,
,,,,,,,,08/24/28,,,,,10/20/28,,10/31/28,,,,,,,,,,,,,,,NO,,,,,,,,,,,,,,,,,,,,,,,,,,,,,,,,,,,,,,,
,,,,,,,,08/25/28,,,,,10/23/28,,11/01/28,,,,,,,,,,,,,,,NO,,,,,,,,,,,,,,,,,,,,,,,,,,,,,,,,,,,,,,,
,,,,,,,,08/25/28,,,,,10/23/28,,11/01/28,,,,,,,,,,,,,,,NO,,,,,,,,,,,,,,,,,,,,,,,,,,,,,,,,,,,,,,,
,,,,,,,,08/25/28,,,,,10/23/28,,11/01/28,,,,,,,,,,,,,,,NO,,,,,,,,,,,,,,,,,,,,,,,,,,,,,,,,,,,,,,,
,,,,,,,,08/28/28,,,,,10/24/28,,11/02/28,,,,,,,,,,,,,,,NO,,,,,,,,,,,,,,,,,,,,,,,,,,,,,,,,,,,,,,,
,,,,,,,,08/28/28,,,,,10/24/28,,11/02/28,,,,,,,,,,,,,,,NO,,,,,,,,,,,,,,,,,,,,,,,,,,,,,,,,,,,,,,,
,,,,,,,,08/28/28,,,,,10/24/28,,11/02/28,,,,,,,,,,,,,,,NO,,,,,,,,,,,,,,,,,,,,,,,,,,,,,,,,,,,,,,,
,,,,,,,,08/29/28,,,,,10/25/28,,11/03/28,,,,,,,,,,,,,,,NO,,,,,,,,,,,,,,,,,,,,,,,,,,,,,,,,,,,,,,,
,,,,,,,,08/29/28,,,,,10/25/28,,11/03/28,,,,,,,,,,,,,,,NO,,,,,,,,,,,,,,,,,,,,,,,,,,,,,,,,,,,,,,,
,,,,,,,,08/29/28,,,,,10/25/28,,11/03/28,,,,,,,,,,,,,,,NO,,,,,,,,,,,,,,,,,,,,,,,,,,,,,,,,,,,,,,,
,,,,,,,,08/30/28,,,,,10/26/28,,11/06/28,,,,,,,,,,,,,,,NO,,,,,,,,,,,,,,,,,,,,,,,,,,,,,,,,,,,,,,,
,,,,,,,,08/30/28,,,,,10/26/28,,11/06/28,,,,,,,,,,,,,,,NO,,,,,,,,,,,,,,,,,,,,,,,,,,,,,,,,,,,,,,,
,,,,,,,,08/30/28,,,,,10/26/28,,11/06/28,,,,,,,,,,,,,,,NO,,,,,,,,,,,,,,,,,,,,,,,,,,,,,,,,,,,,,,,
,,,,,,,,08/31/28,,,,,10/27/28,,11/07/28,,,,,,,,,,,,,,,NO,,,,,,,,,,,,,,,,,,,,,,,,,,,,,,,,,,,,,,,
,,,,,,,,08/31/28,,,,,10/27/28,,11/07/28,,,,,,,,,,,,,,,NO,,,,,,,,,,,,,,,,,,,,,,,,,,,,,,,,,,,,,,,
,,,,,,,,08/31/28,,,,,10/27/28,,11/07/28,,,,,,,,,,,,,,,NO,,,,,,,,,,,,,,,,,,,,,,,,,,,,,,,,,,,,,,,
,,,,,,,,09/01/28,,,,,10/30/28,,11/08/28,,,,,,,,,,,,,,,NO,,,,,,,,,,,,,,,,,,,,,,,,,,,,,,,,,,,,,,,
,,,,,,,,09/01/28,,,,,10/30/28,,11/08/28,,,,,,,,,,,,,,,NO,,,,,,,,,,,,,,,,,,,,,,,,,,,,,,,,,,,,,,,
,,,,,,,,09/01/28,,,,,10/30/28,,11/08/28,,,,,,,,,,,,,,,NO,,,,,,,,,,,,,,,,,,,,,,,,,,,,,,,,,,,,,,,
,,,,,,,,09/05/28,,,,,10/31/28,,11/09/28,,,,,,,,,,,,,,,NO,,,,,,,,,,,,,,,,,,,,,,,,,,,,,,,,,,,,,,,
,,,,,,,,09/05/28,,,,,10/31/28,,11/09/28,,,,,,,,,,,,,,,NO,,,,,,,,,,,,,,,,,,,,,,,,,,,,,,,,,,,,,,,
,,,,,,,,09/05/28,,,,,10/31/28,,11/09/28,,,,,,,,,,,,,,,NO,,,,,,,,,,,,,,,,,,,,,,,,,,,,,,,,,,,,,,,
,,,,,,,,09/06/28,,,,,11/01/28,,11/10/28,,,,,,,,,,,,,,,NO,,,,,,,,,,,,,,,,,,,,,,,,,,,,,,,,,,,,,,,
,,,,,,,,09/06/28,,,,,11/01/28,,11/10/28,,,,,,,,,,,,,,,NO,,,,,,,,,,,,,,,,,,,,,,,,,,,,,,,,,,,,,,,
,,,,,,,,09/06/28,,,,,11/01/28,,11/10/28,,,,,,,,,,,,,,,NO,,,,,,,,,,,,,,,,,,,,,,,,,,,,,,,,,,,,,,,
,,,,,,,,09/07/28,,,,,11/02/28,,11/13/28,,,,,,,,,,,,,,,NO,,,,,,,,,,,,,,,,,,,,,,,,,,,,,,,,,,,,,,,
,,,,,,,,09/07/28,,,,,11/02/28,,11/13/28,,,,,,,,,,,,,,,NO,,,,,,,,,,,,,,,,,,,,,,,,,,,,,,,,,,,,,,,
,,,,,,,,09/07/28,,,,,11/02/28,,11/13/28,,,,,,,,,,,,,,,NO,,,,,,,,,,,,,,,,,,,,,,,,,,,,,,,,,,,,,,,
,,,,,,,,09/08/28,,,,,11/03/28,,11/14/28,,,,,,,,,,,,,,,NO,,,,,,,,,,,,,,,,,,,,,,,,,,,,,,,,,,,,,,,
,,,,,,,,09/08/28,,,,,11/03/28,,11/14/28,,,,,,,,,,,,,,,NO,,,,,,,,,,,,,,,,,,,,,,,,,,,,,,,,,,,,,,,
,,,,,,,,09/08/28,,,,,11/03/28,,11/14/28,,,,,,,,,,,,,,,NO,,,,,,,,,,,,,,,,,,,,,,,,,,,,,,,,,,,,,,,
,,,,,,,,09/11/28,,,,,11/06/28,,11/15/28,,,,,,,,,,,,,,,NO,,,,,,,,,,,,,,,,,,,,,,,,,,,,,,,,,,,,,,,
,,,,,,,,09/11/28,,,,,11/06/28,,11/15/28,,,,,,,,,,,,,,,NO,,,,,,,,,,,,,,,,,,,,,,,,,,,,,,,,,,,,,,,
,,,,,,,,09/11/28,,,,,11/06/28,,11/15/28,,,,,,,,,,,,,,,NO,,,,,,,,,,,,,,,,,,,,,,,,,,,,,,,,,,,,,,,
,,,,,,,,09/12/28,,,,,11/07/28,,11/16/28,,,,,,,,,,,,,,,NO,,,,,,,,,,,,,,,,,,,,,,,,,,,,,,,,,,,,,,,
,,,,,,,,09/12/28,,,,,11/07/28,,11/16/28,,,,,,,,,,,,,,,NO,,,,,,,,,,,,,,,,,,,,,,,,,,,,,,,,,,,,,,,
,,,,,,,,09/12/28,,,,,11/07/28,,11/16/28,,,,,,,,,,,,,,,NO,,,,,,,,,,,,,,,,,,,,,,,,,,,,,,,,,,,,,,,
,,,,,,,,09/13/28,,,,,11/08/28,,11/17/28,,,,,,,,,,,,,,,NO,,,,,,,,,,,,,,,,,,,,,,,,,,,,,,,,,,,,,,,
,,,,,,,,09/13/28,,,,,11/08/28,,11/17/28,,,,,,,,,,,,,,,NO,,,,,,,,,,,,,,,,,,,,,,,,,,,,,,,,,,,,,,,
,,,,,,,,09/13/28,,,,,11/08/28,,11/17/28,,,,,,,,,,,,,,,NO,,,,,,,,,,,,,,,,,,,,,,,,,,,,,,,,,,,,,,,
