LWC,PROJECT,UNIT,PD#,CONDEF,LEGALS,SW,BRAND LIST,BRAND WIRE,CONCSH WO OPEN,PROJ KITTED,PTION-LINE,CONLAY,CONASY,TEST 1ST PASS,CONCUS,PWRCHK,D380 FINAL-BIQ,NEW COMMMIT,BIQ COMP
Onskid,SOU-FLN,1,4N171,01/14/26,03/05/26A,03/31/26C,03/05/26,03/12/26,03/12/26,03/16/26,03/25/26,03/16/26,03/27/26,04/01/26,none,04/01/26,04/03/26,04/03/26,04/03/26
Onskid,PROP-88,1,4M191,01/15/26,03/06/26C,03/24/26C,03/06/26,03/13/26,03/13/26,03/14/26,03/23/26,03/16/26,03/25/26,03/30/26,none,04/02/26,04/06/26,04/06/26,04/06/26
NTB,SHL-GMG,3,4M401,see #1,see #1,see #1,see #1,03/13/26,03/13/26,03/14/26,see #1,03/12/26,03/13/26,03/19/26,none,03/23/26,03/13/26,03/13/26,03/13/26
Onskid,STOCK,1,ANG01,01/16/26,02/24/26A,03/25/26C,03/09/26,03/16/26,03/16/26,03/18/26,03/25/26,03/18/26,03/27/26,04/07/26,none,04/10/26,04/10/26,04/10/26,04/10/26
Onskid,STOCK2,2,ANG02,see #1,see #1,see #1,see #1,03/16/26,03/16/26,03/17/26,see #1,03/18/26,03/26/26,04/02/26,none,04/10/26,04/13/26,04/13/26,04/13/26
New,EMMC,1,J1600CC,01/16/26,03/06/26A,03/30/26C,03/09/26,03/16/26,03/16/26,03/17/26,03/25/26,03/18/26,03/27/26,04/03/26,none,04/10/26,04/13/26,04/13/26,04/13/26
Onskid,WP-AD,1,4M031,01/20/26,03/10/26A,03/26/26A,03/10/26,03/17/26,03/17/26,03/17/26,03/26/26,03/19/26,03/30/26,04/03/26,none,04/09/26,04/09/26,04/09/26,04/09/26
Onskid,SR-SEEP,1,4M071,01/20/26,03/10/26A,03/23/26A,03/10/26,03/17/26,03/17/26,03/18/26,03/27/26,03/19/26,03/31/26,04/14/26,none,04/16/26,04/20/26,04/20/26,04/20/26
Onskid,STOCK,2,ANG01,see #1,see #1,see #1,see #1,03/17/26,03/17/26,03/18/26,see #1,03/19/26,03/31/26,04/07/26,none,04/10/26,04/10/26,04/14/26,04/14/26
Offskid,SHL-GMG,1,4M401,01/21/26,02/23/26A,03/27/26C,03/11/26,03/18/26,03/18/26,03/20/26,03/30/26,03/20/26,04/01/26,04/07/26,none,04/09/26,04/10/26,04/10/26,04/10/26
Offskid,FLOAT, ,FLOAT,see #1,#N/A,#N/A,see #1,03/18/26,03/18/26,03/19/26,see #1,03/20/26,03/31/26,04/06/26,#N/A,04/08/26,04/09/26,,04/09/26
Onskid,STOCK,3,ANG01,see #1,see #1,see #1,see #1,03/19/26,03/19/26,03/19/26,see #1,03/23/26,04/02/26,04/09/26,none,04/10/26,04/15/26,04/15/26,04/15/26
Offskid,SHL-GMG,2,4M401,see #1,see #1,03/05/26,see #1,03/20/26,03/20/26,03/20/26,see #1,03/24/26,04/03/26,04/10/26,none,04/14/26,04/16/26,04/16/26,04/16/26
Offskid,FLOAT, ,FLOAT,see #1,see #1,see #1,see #1,03/20/26,03/20/26,03/21/26,see #1,03/24/26,04/02/26,04/08/26,#N/A,04/10/26,04/13/26,,04/13/26
Onskid,STOCK,4,ANG01,see #1,see #1,see #1,see #1,03/23/26,03/23/26,03/23/26,see #1,03/25/26,04/03/26,04/09/26,none,04/10/26,04/14/26,04/14/26,04/14/26
Onskid,PROP-89,1,4M201,01/26/26,see #1,03/31/26C,03/16/26,03/23/26,03/23/26,03/23/26,04/01/26,03/25/26,04/03/26,04/13/26,none,04/14/26,04/16/26,04/16/26,04/16/26
Onskid,WP-AD,2,4M031,see #1,see #1,see #1,see #1,03/23/26,03/23/26,03/24/26,see #1,03/25/26,04/06/26,04/11/26,none,04/15/26,04/18/26,04/18/26,04/18/26
Offskid,PSX-GLDSC STAT,1,4N298CS,01/27/26,03/10/26A,04/03/26C,03/17/26,03/24/26,03/24/26,03/26/26,04/03/26,03/27/26,04/07/26,04/17/26,none,04/20/26,04/21/26,04/21/26,04/21/26
Onskid,TRP-FA2,1,4N092,01/28/26,03/10/26A,03/09/26A,03/18/26,03/25/26,03/25/26,03/25/26,04/03/26,03/27/26,04/07/26,04/09/26,none,04/09/26,04/10/26,04/10/26,04/10/26
Offskid,NOC 130,3,G9440CC,see #1,see #1,see #1,see #1,03/26/26,03/26/26,03/27/26,see #1,03/30/26,04/14/26,04/23/26,none,05/08/26,05/11/26,,05/11/26
Offskid,FLOAT, ,FLOAT,see #1,see #1,see #1,see #1,03/26/26,03/26/26,03/27/26,see #1,03/30/26,04/08/26,04/14/26,#N/A,04/16/26,04/17/26,,04/17/26
Onskid,MER-SOL,11,4M371,see #1,see #1,see #1,see #1,03/26/26,03/26/26,03/26/26,see #1,03/30/26,04/08/26,04/15/26,none,04/15/26,04/17/26,04/17/26,04/17/26
Onskid,STOCK,5,ANG01,see #1,see #1,see #1,see #1,03/27/26,03/27/26,03/30/26,see #1,03/31/26,04/09/26,04/14/26,none,04/16/26,04/16/26,04/16/26,04/16/26
Offskid,SHL-GMG,3,4M401,see #1,see #1,see #1,see #1,03/27/26,03/27/26,03/30/26,see #1,03/31/26,04/14/26,04/21/26,none,04/30/26,05/01/26,04/30/26,04/30/26
Offskid,FLOAT, ,FLOAT,see #1,see #1,see #1,see #1,03/27/26,03/27/26,03/28/26,see #1,03/31/26,04/09/26,04/15/26,#N/A,04/17/26,04/20/26,,04/20/26
Onskid,ET-TRI,2,4M481,see #1,see #1,see #1,see #1,03/30/26,03/30/26,03/28/26,see #1,04/01/26,04/03/26,04/07/26,none,04/07/26,04/08/26,04/08/26,04/08/26
Onskid,PROP-90,1,4M211,02/02/26,03/23/26C,04/08/26C,03/23/26,03/30/26,03/30/26,04/01/26,04/08/26,04/01/26,04/10/26,04/30/26,none,04/30/26,05/01/26,,05/01/26
Onskid,TRP-FA3,1,4N093,02/02/26,03/24/26A,03/09/26A,03/23/26,03/30/26,03/30/26,03/31/26,04/08/26,04/01/26,04/10/26,04/16/26,none,04/16/26,04/20/26,04/20/26,04/20/26
Onskid,STOCK,6,ANG01,see #1,see #1,see #1,see #1,03/31/26,03/31/26,04/01/26,see #1,04/02/26,04/13/26,04/17/26,none,04/17/26,04/22/26,04/22/26,04/22/26
NTB,ENI-K,2,4M511,see #1,see #1,see #1,see #1,03/31/26,03/31/26,04/01/26,see #1,04/02/26,04/09/26,04/10/26,none,04/10/26,04/10/26,04/10/26,04/10/26
Offskid,TALOS EW1003,1,J1640CC,02/04/26,03/23/26A,04/10/26C,03/25/26,04/01/26,04/01/26,04/02/26,04/16/26,04/03/26,04/18/26,04/26/26,none,05/06/26,05/07/26,,05/07/26
Offskid,TALOS EW1003,2,J1640CC,see #1,see #1,see #1,see #1,04/01/26,04/01/26,04/03/26,see #1,04/03/26,05/07/26,05/13/26,none,05/15/26,05/18/26,,05/18/26
Onskid,STOCK2,3,ANG02,see #1,03/23/26A,see #1,see #1,04/02/26,04/02/26,04/03/26,see #1,04/06/26,04/15/26,04/20/26,none,04/20/26,04/22/26,04/22/26,04/22/26
Onskid,TRP-NAU,1,4M575,02/06/26,03/23/26A,see #1,03/27/26,04/03/26,04/03/26,04/04/26,04/14/26,04/07/26,04/16/26,04/21/26,none,04/22/26,04/23/26,04/23/26,04/23/26
Onskid,S60-86,1,4N671,02/09/26,see #1,04/15/26C,03/30/26,04/06/26,04/06/26,04/06/26,04/15/26,04/08/26,04/17/26,04/26/26,none,04/27/26,04/29/26,04/29/26,04/29/26
Onskid,S60-87,1,4N681,02/09/26,03/18/26,04/15/26C,03/30/26,04/06/26,04/06/26,04/06/26,04/15/26,04/08/26,04/17/26,04/26/26,none,04/27/26,04/28/26,04/28/26,04/28/26
Offskid,LT2E-SC,1,4M368CS,02/10/26,03/23/26A,04/27/26C,03/31/26,04/07/26,04/07/26,04/07/26,04/20/26,04/09/26,04/22/26,05/04/26,none,05/06/26,05/07/26,,05/07/26
Onskid,STOCK2,4,ANG02,see #1,03/23/26A,see #1,see #1,04/08/26,04/08/26,04/08/26,see #1,04/10/26,04/21/26,04/22/26,none,04/23/26,04/24/26,04/24/26,04/24/26
Onskid,S60-88,1,4N691,02/11/26,see #1,04/17/26C,04/01/26,04/08/26,04/08/26,04/08/26,04/17/26,04/10/26,04/21/26,04/28/26,none,04/28/26,04/30/26,04/30/26,04/30/26
Onskid,S60-89,1,4N701,02/11/26,03/18/26,04/17/26C,04/01/26,04/08/26,04/08/26,04/09/26,04/17/26,04/10/26,04/21/26,04/27/26,none,04/28/26,04/29/26,04/29/26,04/29/26
Onskid,STOCK,7,ANG01,see #1,see #1,see #1,see #1,04/09/26,04/09/26,04/09/26,see #1,04/13/26,04/22/26,04/27/26,none,04/28/26,04/29/26,04/29/26,04/29/26
Onskid,MER-SOL,12,4M371,see #1,see #1,see #1,see #1,04/09/26,04/09/26,04/09/26,see #1,04/13/26,04/23/26,04/28/26,none,04/29/26,04/30/26,04/30/26,04/30/26
Onskid,DTE-CAL,1,4K761,02/13/26,03/18/26,04/23/26C,04/03/26,04/10/26,04/10/26,04/10/26,04/22/26,04/14/26,04/24/26,05/01/26,none,05/05/26,05/06/26,,05/06/26
Onskid,PROP-91,1,4M221,02/13/26,03/18/26,04/21/26C,04/03/26,04/10/26,04/10/26,04/13/26,04/22/26,04/14/26,04/24/26,05/01/26,none,05/05/26,05/06/26,,05/06/26
Onskid,TRP-NWY,1,4M576,02/13/26,03/18/26,04/14/26A,04/03/26,04/10/26,04/10/26,04/11/26,04/21/26,04/14/26,04/23/26,04/27/26,none,04/28/26,04/30/26,04/30/26,04/30/26
Onskid,VEST-B,1,4P271,02/17/26,03/18/26,04/16/26A,04/07/26,04/14/26,04/14/26,04/13/26,04/28/26,04/16/26,04/30/26,05/06/26,none,05/08/26,05/11/26,,05/11/26
Offskid,WOODSIDE GOODWYNN,1,J1848CS,02/17/26,04/15/26,04/28/26C,04/07/26,04/14/26,04/14/26,04/16/26,04/23/26,04/16/26,04/27/26,04/30/26,05/13/26,05/13/26,05/13/26,,05/13/26
Onskid,DTE-CAL,2,4K761,see #1,see #1,see #1,see #1,04/15/26,04/15/26,04/15/26,see #1,04/17/26,04/28/26,05/04/26,none,05/06/26,05/07/26,,05/07/26
Onskid,STOCK,8,ANG01,see #1,see #1,see #1,see #1,04/15/26,04/15/26,04/15/26,see #1,04/17/26,04/28/26,04/30/26,none,05/04/26,05/05/26,,05/05/26
Onskid,STOCK2,5,ANG02,see #1,see #1,see #1,see #1,04/16/26,04/16/26,04/17/26,see #1,04/20/26,04/30/26,05/06/26,none,05/08/26,05/11/26,,05/11/26
Onskid,TCM-70,1,4P441,02/19/26,04/09/26A,04/27/26A,04/09/26,04/16/26,04/16/26,04/18/26,04/27/26,04/20/26,04/29/26,05/05/26,none,05/07/26,05/08/26,,05/08/26
Offskid,WWM-BWSC,1,4N117CS,02/20/26,04/13/26A,04/28/26C,04/10/26,04/17/26,04/17/26,04/18/26,04/28/26,04/21/26,04/30/26,05/06/26,none,05/08/26,05/11/26,,05/11/26
NTB,ONE-E1,1,4N711,02/23/26,04/27/26A,06/03/26C,04/13/26,04/20/26,04/20/26,05/01/26,05/08/26,05/01/26,05/12/26,05/18/26,none,05/20/26,05/21/26,,05/21/26
Onskid,S60-90,1,4P571,02/23/26,04/13/26C,04/29/26C,04/13/26,04/20/26,04/20/26,04/21/26,04/29/26,04/22/26,05/01/26,05/07/26,none,05/11/26,05/12/26,,05/12/26
Onskid,VOLTAGD,1,4M891,02/24/26,04/14/26A,04/30/26C,04/14/26,04/21/26,04/21/26,04/21/26,04/30/26,04/23/26,05/04/26,05/08/26,none,05/12/26,05/13/26,,05/13/26
NTB,SHL-GMM,1,4M501,02/24/26,05/04/26C,06/22/26C,04/14/26,04/21/26,04/21/26,04/22/26,04/30/26,04/23/26,05/04/26,05/08/26,none,05/12/26,05/13/26,,05/13/26
Onskid,PROP-92,1,4M231,02/24/26,04/14/26C,04/30/26C,04/14/26,04/21/26,04/21/26,04/22/26,04/30/26,04/23/26,05/04/26,05/08/26,none,05/12/26,05/13/26,,05/13/26
NTB,SHL-GMM,2,4M501,see #1,see #1,see #1,see #1,04/22/26,04/22/26,04/23/26,see #1,04/24/26,05/05/26,05/11/26,none,05/13/26,05/14/26,,05/14/26
Offskid,WP-HAR STA,1,4M047CS,02/25/26,04/08/26A,05/01/26C,04/15/26,04/22/26,04/22/26,04/23/26,05/01/26,04/24/26,05/05/26,05/11/26,none,05/13/26,05/14/26,,05/14/26
Offskid,WWM-WSC,1,4N127CS,02/26/26,04/16/26A,05/04/26C,04/16/26,04/23/26,04/23/26,04/23/26,05/04/26,04/27/26,05/06/26,05/12/26,none,05/14/26,05/15/26,,05/15/26
Onskid,MER-SOL,13,4M371,see #1,see #1,see #1,see #1,04/23/26,04/23/26,04/23/26,see #1,04/27/26,05/06/26,05/12/26,none,05/14/26,05/15/26,,05/15/26
Onskid,VOLTAGD,2,4M891,see #1,see #1,see #1,see #1,04/24/26,04/24/26,04/25/26,see #1,04/28/26,05/07/26,05/13/26,none,05/15/26,05/18/26,,05/18/26
Onskid,STOCK,9,ANG01,see #1,see #1,see #1,see #1,04/24/26,04/24/26,04/25/26,see #1,04/28/26,05/07/26,05/13/26,none,05/15/26,05/18/26,,05/18/26
New,PERT LIMAU,1,J1970CC,02/27/26,04/07/26A,05/05/26C,04/17/26,04/24/26,04/24/26,04/25/26,05/05/26,04/28/26,05/07/26,05/13/26,none,05/15/26,05/18/26,,05/18/26
Onskid,TCM-70,2,4P441,see #1,see #1,see #1,see #1,04/27/26,04/27/26,04/28/26,see #1,04/29/26,05/08/26,05/14/26,none,05/18/26,05/19/26,,05/19/26
Onskid,VOLTAGD,3,4M891,see #1,see #1,see #1,see #1,04/29/26,04/29/26,04/29/26,see #1,05/01/26,05/12/26,05/18/26,none,05/20/26,05/21/26,,05/21/26
Onskid,TRP-SV,1,4M571,03/05/26,04/23/26A,05/11/26A,04/23/26,04/30/26,04/30/26,05/01/26,05/11/26,05/04/26,05/13/26,05/19/26,none,05/21/26,05/22/26,,05/22/26
Onskid,STOCK,10,ANG01,see #1,see #1,see #1,see #1,05/01/26,05/01/26,05/01/26,see #1,05/05/26,05/14/26,05/20/26,none,05/22/26,05/26/26,,05/26/26
Onskid,PER-BAT,1,4P062,03/06/26,04/24/26A,05/12/26C,04/24/26,05/01/26,05/01/26,05/02/26,05/12/26,05/05/26,05/14/26,05/20/26,none,05/22/26,05/26/26,,05/26/26
Onskid,VOLTAGD,4,4M891,see #1,see #1,see #1,see #1,05/04/26,05/04/26,05/05/26,see #1,05/06/26,05/15/26,05/21/26,none,05/26/26,05/27/26,,05/27/26
NTB,PVEP-DH,1,4M911,03/09/26,05/04/26C,05/20/26C,04/27/26,05/04/26,05/04/26,05/05/26,05/13/26,05/06/26,05/15/26,05/21/26,none,05/26/26,05/27/26,,05/27/26
Onskid,TRP-SHE,1,4M573,03/10/26,04/28/26A,04/14/26A,04/28/26,05/05/26,05/05/26,05/06/26,05/14/26,05/07/26,05/18/26,05/22/26,none,05/27/26,05/28/26,,05/28/26
Onskid,S60-91,1,4P581,03/10/26,04/28/26C,05/13/26C,04/28/26,05/05/26,05/05/26,05/06/26,05/14/26,05/07/26,05/18/26,05/22/26,none,05/27/26,05/28/26,,05/28/26
Onskid,NNG ALBERTA,1,J2780CC,03/11/26,04/29/26C,05/15/26C,04/29/26,05/06/26,05/06/26,05/07/26,05/15/26,05/08/26,05/19/26,05/26/26,none,05/28/26,05/29/26,,05/29/26
Onskid,PROP-93,1,4N001,03/12/26,04/30/26C,05/18/26C,04/30/26,05/07/26,05/07/26,05/08/26,05/18/26,05/11/26,05/20/26,05/27/26,none,05/29/26,06/01/26,,06/01/26
NTB,BOTAS-K,1,4M801,03/12/26,05/04/26C,05/21/26C,04/30/26,05/07/26,05/07/26,05/08/26,05/18/26,05/11/26,05/20/26,05/27/26,none,05/29/26,06/01/26,,06/01/26
Onskid,PER-M60,1,4P041,03/13/26,05/01/26C,05/19/26C,05/01/26,05/08/26,05/08/26,05/09/26,05/19/26,05/12/26,05/21/26,05/28/26,none,06/01/26,06/02/26,,06/02/26
Onskid,MER-SOL,14,4M371,see #1,see #1,see #1,see #1,05/08/26,05/08/26,05/09/26,see #1,05/12/26,05/21/26,05/28/26,none,06/01/26,06/02/26,,06/02/26
Offskid,ONE-E2,1,4N712,03/13/26,05/01/26C,05/19/26C,05/01/26,05/08/26,05/08/26,05/09/26,05/19/26,05/12/26,05/21/26,05/28/26,none,06/01/26,06/02/26,,06/02/26
Offskid,PVEP-DH,1,4M911,03/16/26,05/04/26C,05/20/26C,05/04/26,05/11/26,05/11/26,05/12/26,05/20/26,05/13/26,05/22/26,05/29/26,none,06/02/26,06/03/26,,06/03/26
Offskid,WP-ADCC STATION,1,4N597CS,03/16/26,05/04/26C,05/20/26C,05/04/26,05/11/26,05/11/26,05/12/26,05/20/26,05/13/26,05/22/26,05/29/26,none,06/02/26,06/03/26,,06/03/26
NTB,BOTAS-K,2,4M801,see #1,see #1,see #1,see #1,05/11/26,05/11/26,05/12/26,see #1,05/13/26,05/22/26,05/29/26,none,06/02/26,06/03/26,,06/03/26
Offskid,BOTAS-K,1,4M801,03/17/26,05/04/26C,05/21/26C,05/05/26,05/12/26,05/12/26,05/13/26,05/21/26,05/14/26,05/26/26,06/01/26,none,06/03/26,06/04/26,,06/04/26
Offskid,WWM-FR-SC,1,4N387CS,03/17/26,04/28/26A,05/21/26C,05/05/26,05/12/26,05/12/26,05/13/26,05/21/26,05/14/26,05/26/26,06/01/26,none,06/03/26,06/04/26,,06/04/26
Offskid,WWM-A-SC,1,4N147CS,03/17/26,01/00/00,01/00/00,05/05/26,05/12/26,05/12/26,05/13/26,05/21/26,05/14/26,05/26/26,06/01/26,none,06/03/26,06/04/26,,06/04/26
New,TCE-AHP SHIP AHEAD,1,4K522CB,03/18/26,04/29/26C,05/22/26C,05/06/26,05/13/26,05/13/26,05/14/26,05/22/26,05/15/26,05/27/26,06/02/26,none,06/04/26,06/05/26,,06/05/26
NTB,SHL-GMM,3,4M501,see #1,see #1,see #1,see #1,05/13/26,05/13/26,05/14/26,see #1,05/15/26,05/27/26,06/02/26,none,06/04/26,06/05/26,,06/05/26
Onskid,KM-SELM,1,4M631,03/18/26,05/06/26C,05/22/26C,05/06/26,05/13/26,05/13/26,05/14/26,05/22/26,05/15/26,05/27/26,06/02/26,none,06/04/26,06/05/26,,06/05/26
NTB,CUU-SU,1,4N991,03/19/26,06/01/26C,06/08/26C,05/07/26,05/14/26,05/14/26,05/15/26,05/26/26,05/18/26,05/28/26,06/03/26,none,06/05/26,06/08/26,,06/08/26
Onskid,STOCK,11,ANG01,see #1,see #1,see #1,see #1,05/14/26,05/14/26,05/15/26,see #1,05/18/26,05/28/26,06/03/26,none,06/05/26,06/08/26,,06/08/26
Offskid,PTT OFFSHORE,1,J2300CC,03/19/26,05/07/26C,05/26/26C,05/07/26,05/14/26,05/14/26,05/15/26,05/26/26,05/18/26,05/28/26,06/03/26,none,06/05/26,06/08/26,,06/08/26
Onskid,S60-92,1,4P591,03/20/26,05/08/26C,05/27/26C,05/08/26,05/15/26,05/15/26,05/16/26,05/27/26,05/19/26,05/29/26,06/04/26,,06/08/26,06/09/26,,06/09/26
Onskid,VOLTAGD,5,4M891,see #1,see #1,see #1,see #1,05/15/26,05/15/26,05/16/26,see #1,05/19/26,05/29/26,06/04/26,none,06/08/26,06/09/26,,06/09/26
Onskid,PER-BAT,2,4P062,see #1,see #1,see #1,see #1,05/15/26,05/15/26,05/16/26,see #1,05/19/26,05/29/26,06/04/26,none,06/08/26,06/09/26,,06/09/26
Offskid,BOTAS-K,2,4M801,see #1,see #1,see #1,see #1,05/18/26,05/18/26,05/19/26,see #1,05/20/26,06/01/26,06/05/26,none,06/09/26,06/10/26,,06/10/26
NTB,BBS-BE2,1,4P011,03/23/26,05/06/26C,06/10/26C,05/11/26,05/18/26,05/18/26,05/19/26,05/28/26,05/20/26,06/01/26,06/05/26,none,06/09/26,06/10/26,,06/10/26
New,P66 OKARCHE-1,1,J2230CB,03/23/26,05/04/26C,05/28/26C,05/11/26,05/18/26,05/18/26,05/19/26,05/28/26,05/20/26,06/01/26,06/05/26,none,06/09/26,06/10/26,,06/10/26
Onskid,WILKEM1,1,4M991,03/24/26,05/12/26C,05/29/26C,05/12/26,05/19/26,05/19/26,05/20/26,05/29/26,05/21/26,06/02/26,06/08/26,none,06/10/26,06/11/26,,06/11/26
Offskid,PTT OFFSHORE-1,1,J2301CC,03/24/26,05/12/26C,05/29/26C,05/12/26,05/19/26,05/19/26,05/20/26,05/29/26,05/21/26,06/02/26,06/08/26,none,06/10/26,06/11/26,,06/11/26
Onskid,VOLTAGD,6,4M891,see #1,see #1,see #1,see #1,05/20/26,05/20/26,05/21/26,see #1,05/22/26,06/03/26,06/09/26,none,06/11/26,06/12/26,,06/12/26
Onskid,S60-93,1,4P601,03/26/26,05/14/26C,05/27/26C,05/14/26,05/21/26,05/21/26,05/22/26,06/02/26,05/26/26,06/04/26,06/10/26,,06/12/26,06/15/26,,06/15/26
Onskid,PER-GAN,1,4P061,03/26/26,05/14/26C,06/02/26C,05/14/26,05/21/26,05/21/26,05/22/26,06/02/26,05/26/26,06/04/26,06/10/26,none,06/12/26,06/15/26,,06/15/26
New,P66 OKARCHE-2,1,J2231CB,03/26/26,05/07/26C,06/02/26C,05/14/26,05/21/26,05/21/26,05/22/26,06/02/26,05/26/26,06/04/26,06/10/26,none,06/12/26,06/15/26,,06/15/26
Offskid,ONE-E1,1,4N711,03/27/26,04/27/26A,06/03/26C,05/15/26,05/22/26,05/22/26,05/23/26,06/03/26,05/27/26,06/05/26,06/11/26,none,06/15/26,06/16/26,,06/16/26
Onskid,MER-SOL,15,4M371,see #1,see #1,see #1,see #1,05/22/26,05/22/26,05/23/26,see #1,05/27/26,06/05/26,06/11/26,none,06/15/26,06/16/26,,06/16/26
Onskid,KM-YORK,1,4M601,03/30/26,05/18/26C,06/04/26C,05/18/26,05/26/26,05/26/26,05/27/26,06/04/26,05/28/26,06/08/26,06/12/26,none,06/16/26,06/17/26,,06/17/26
Offskid,NOC 130,4,G9440CC,see #1,see #1,see #1,see #1,05/26/26,05/26/26,05/27/26,see #1,05/28/26,06/08/26,06/12/26,none,06/16/26,06/17/26,,06/17/26
Offskid,FLOAT, ,FLOAT,see #1,see #1,see #1,see #1,05/26/26,05/26/26,05/27/26,see #1,05/28/26,06/08/26,06/12/26,#N/A,06/16/26,06/17/26,,06/17/26
NTB,APA-U2,1,4M561,03/31/26,06/01/26C,06/17/26C,05/19/26,05/27/26,05/27/26,05/28/26,06/05/26,05/29/26,06/09/26,06/15/26,none,06/17/26,06/18/26,,06/18/26
New,NNG BELLEVILLE,1,J2890CC,03/31/26,05/12/26C,06/05/26C,05/19/26,05/27/26,05/27/26,05/28/26,06/05/26,05/29/26,06/09/26,06/15/26,none,06/17/26,06/18/26,,06/18/26
Onskid,PER-GAN,2,4P061,see #1,see #1,see #1,see #1,05/27/26,05/27/26,05/28/26,see #1,05/29/26,06/09/26,06/15/26,none,06/17/26,06/18/26,,06/18/26
New,PERTAMINA HULU,1,J2310CC,04/01/26,05/20/26C,06/08/26C,05/20/26,05/28/26,05/28/26,05/29/26,06/08/26,06/01/26,06/10/26,06/16/26,none,06/18/26,06/19/26,,06/19/26
Offskid,WWM-U-SC STATION,1,4N367CS,04/02/26,05/14/26C,06/09/26C,05/21/26,05/29/26,05/29/26,05/30/26,06/09/26,06/02/26,06/11/26,06/17/26,none,06/19/26,06/22/26,,06/22/26
NTB,BBS-BO2,1,4P013,04/02/26,04/27/26A,06/23/26C,05/21/26,05/29/26,05/29/26,05/30/26,06/09/26,06/02/26,06/11/26,06/17/26,none,06/19/26,06/22/26,,06/22/26
Onskid,PER-GAN,3,4P061,see #1,see #1,see #1,see #1,05/29/26,05/29/26,05/30/26,see #1,06/02/26,06/11/26,06/17/26,none,06/19/26,06/22/26,,06/22/26
Offskid,CUU-SU,1,4N991,04/03/26,06/01/26C,06/08/26C,05/22/26,06/01/26,06/01/26,06/02/26,06/10/26,06/03/26,06/12/26,06/18/26,none,06/22/26,06/23/26,,06/23/26
Offskid,FLOAT,1,FLOAT,04/03/26,05/15/26,06/10/26,05/22/26,06/01/26,06/01/26,06/02/26,06/10/26,06/03/26,06/12/26,06/18/26,,06/22/26,06/23/26,,06/23/26
Offskid,BBS-BE2,1,4P011,04/03/26,05/06/26C,06/10/26C,05/22/26,06/01/26,06/01/26,06/02/26,06/10/26,06/03/26,06/12/26,06/18/26,none,06/22/26,06/23/26,,06/23/26
Onskid,PROP-94,1,4N011,04/06/26,05/26/26C,06/11/26C,05/26/26,06/02/26,06/02/26,06/03/26,06/11/26,06/04/26,06/15/26,06/19/26,none,06/23/26,06/24/26,,06/24/26
Offskid,ENI-K,1,4M511,04/06/26,03/23/26A,06/11/26C,05/26/26,06/02/26,06/02/26,06/03/26,06/11/26,06/04/26,06/15/26,06/19/26,none,06/23/26,06/24/26,,06/24/26
Offskid,FLOAT,1,FLOAT,04/06/26,05/18/26,06/11/26,05/26/26,06/02/26,06/02/26,06/03/26,06/11/26,06/04/26,06/15/26,06/19/26,#N/A,06/23/26,06/24/26,,06/24/26
New,TGS SATURN-1,1,J2680CC,04/07/26,05/22/26C,06/11/26C,05/27/26,06/03/26,06/03/26,06/04/26,06/12/26,06/05/26,06/16/26,06/22/26,none,06/24/26,06/25/26,,06/25/26
Onskid,S60-94,1,4P611,04/07/26,05/27/26C,01/00/00,05/27/26,06/03/26,06/03/26,06/04/26,06/12/26,06/05/26,06/16/26,06/22/26,none,06/24/26,06/25/26,,06/25/26
New,ENB-PSNC SH,1,4M831CB,04/07/26,05/27/26C,06/12/26C,05/27/26,06/03/26,06/03/26,06/04/26,06/12/26,06/05/26,06/16/26,06/22/26,none,06/24/26,06/25/26,,06/25/26
New,ENB-PSNC SH,2,4M831CB,see #1,see #1,see #1,see #1,06/04/26,06/04/26,06/05/26,see #1,06/08/26,06/17/26,06/23/26,none,06/25/26,06/26/26,,06/26/26
New,ENB-PSNC SH,3,4M831CB,see #1,see #1,see #1,see #1,06/04/26,06/04/26,06/05/26,see #1,06/08/26,06/17/26,06/23/26,none,06/25/26,06/26/26,,06/26/26
New,PSNC-P2,1,4M832CB,04/08/26,05/20/26C,06/15/26C,05/28/26,06/04/26,06/04/26,06/05/26,06/15/26,06/08/26,06/17/26,06/23/26,none,06/25/26,06/26/26,,06/26/26
NTB,ENI-K,3,4M511,see #1,see #1,see #1,see #1,06/05/26,06/05/26,06/06/26,see #1,06/09/26,06/18/26,06/24/26,none,06/26/26,06/29/26,,06/29/26
NTB,BBS-B2,1,4P012,04/09/26,04/27/26A,07/01/26C,05/29/26,06/05/26,06/05/26,06/06/26,06/16/26,06/09/26,06/18/26,06/24/26,none,06/26/26,06/29/26,,06/29/26
NTB,BBS-KA2,1,4P014,04/09/26,05/28/26C,06/26/26C,05/29/26,06/05/26,06/05/26,06/06/26,06/16/26,06/09/26,06/18/26,06/24/26,none,06/26/26,06/29/26,,06/29/26
Onskid,MER-SOL,16,4M371,see #1,see #1,see #1,see #1,06/08/26,06/08/26,06/09/26,see #1,06/10/26,06/19/26,06/25/26,none,06/29/26,06/30/26,,06/30/26
Onskid,PROP-95,1,4N021,04/10/26,06/01/26C,06/17/26C,06/01/26,06/08/26,06/08/26,06/09/26,06/17/26,06/10/26,06/19/26,06/25/26,none,06/29/26,06/30/26,,06/30/26
Offskid,APA-U2,1,4M561,04/10/26,06/01/26C,06/17/26C,06/01/26,06/08/26,06/08/26,06/09/26,06/17/26,06/10/26,06/19/26,06/25/26,none,06/29/26,06/30/26,,06/30/26
Offskid,SHELL SHEARWATER G,1,J3010CC,04/13/26,05/26/26C,06/18/26C,06/02/26,06/09/26,06/09/26,06/10/26,06/18/26,06/11/26,06/22/26,06/26/26,none,06/30/26,07/01/26,,07/01/26
Offskid,ENI-K,2,4M511,see #1,see #1,see #1,see #1,06/09/26,06/09/26,06/10/26,see #1,06/11/26,06/22/26,06/26/26,none,06/30/26,07/01/26,,07/01/26
Offskid,FLOAT,,FLOAT,04/13/26,05/26/26,06/18/26,06/02/26,06/09/26,06/09/26,06/10/26,06/18/26,06/11/26,06/22/26,06/26/26,#N/A,06/30/26,07/01/26,,07/01/26
Onskid,WILDGT1,1,4M841,04/14/26,06/03/26C,06/19/26C,06/03/26,06/10/26,06/10/26,06/11/26,06/19/26,06/12/26,06/23/26,06/29/26,none,07/01/26,07/02/26,,07/02/26
Onskid,PROP-96,1,4N031,04/14/26,06/03/26C,06/19/26C,06/03/26,06/10/26,06/10/26,06/11/26,06/19/26,06/12/26,06/23/26,06/29/26,none,07/01/26,07/02/26,,07/02/26
New,TGS SATURN-2,1,J2681CC,04/14/26,05/27/26C,06/19/26C,06/03/26,06/10/26,06/10/26,06/11/26,06/19/26,06/12/26,06/23/26,06/29/26,none,07/01/26,07/02/26,,07/02/26
Offskid,SHL-GMM,1,4M501,04/15/26,05/04/26C,06/22/26C,06/04/26,06/11/26,06/11/26,06/12/26,06/22/26,06/15/26,06/24/26,06/30/26,none,07/02/26,07/06/26,,07/06/26
Offskid,FLOAT,,FLOAT,04/15/26,05/28/26,06/22/26,06/04/26,06/11/26,06/11/26,06/12/26,06/22/26,06/15/26,06/24/26,06/30/26,#N/A,07/02/26,07/06/26,,07/06/26
Onskid,WIL1553,1,4L392,04/15/26,06/04/26C,06/22/26C,06/04/26,06/11/26,06/11/26,06/12/26,06/22/26,06/15/26,06/24/26,06/30/26,none,07/02/26,07/06/26,,07/06/26
Onskid,PER-MBY,1,4P042,04/16/26,06/05/26C,06/23/26C,06/05/26,06/12/26,06/12/26,06/13/26,06/23/26,06/16/26,06/25/26,07/01/26,none,07/06/26,07/07/26,,07/07/26
NTB,CUU-SU,2,4N991,see #1,see #1,see #1,see #1,06/12/26,06/12/26,06/13/26,see #1,06/16/26,06/25/26,07/01/26,none,07/06/26,07/07/26,,07/07/26
Offskid,BBS-BO2,1,4P013,04/16/26,04/27/26A,06/23/26C,06/05/26,06/12/26,06/12/26,06/13/26,06/23/26,06/16/26,06/25/26,07/01/26,none,07/06/26,07/07/26,,07/07/26
Onskid,S60-95,1,4P621,04/17/26,06/08/26C,06/23/26C,06/08/26,06/15/26,06/15/26,06/16/26,06/24/26,06/17/26,06/26/26,07/02/26,none,07/07/26,07/08/26,,07/08/26
NTB,BBS-BO2,2,4P013,see #1,see #1,see #1,see #1,06/15/26,06/15/26,06/16/26,see #1,06/17/26,06/26/26,07/02/26,none,07/07/26,07/08/26,,07/08/26
Onskid,NAFTA TK6,1,J2840CC,04/17/26,06/01/26C,06/24/26C,06/08/26,06/15/26,06/15/26,06/16/26,06/24/26,06/17/26,06/26/26,07/02/26,none,07/07/26,07/08/26,,07/08/26
Onskid,WIL165,1,4L651,04/20/26,06/10/26C,06/26/26C,06/09/26,06/16/26,06/16/26,06/17/26,06/25/26,06/18/26,06/29/26,07/06/26,none,07/08/26,07/09/26,,07/09/26
Onskid,PER-MBY,2,4P042,see #1,see #1,see #1,see #1,06/17/26,06/17/26,06/18/26,see #1,06/19/26,06/30/26,07/07/26,none,07/09/26,07/10/26,,07/10/26
Offskid,BBS-KA2,1,4P014,04/21/26,05/28/26C,06/26/26C,06/10/26,06/17/26,06/17/26,06/18/26,06/26/26,06/19/26,06/30/26,07/07/26,none,07/09/26,07/10/26,,07/10/26
Onskid,WP-ADCC,1,4N591,04/21/26,06/10/26C,06/26/26C,06/10/26,06/17/26,06/17/26,06/18/26,06/26/26,06/19/26,06/30/26,07/07/26,none,07/09/26,07/10/26,,07/10/26
Onskid,WIL165,2,4L651,see #1,see #1,see #1,see #1,06/18/26,06/18/26,06/19/26,see #1,06/22/26,07/01/26,07/08/26,none,07/10/26,07/13/26,,07/13/26
Onskid,PROP100,1,4N301,04/22/26,06/11/26C,06/29/26C,06/11/26,06/18/26,06/18/26,06/19/26,06/29/26,06/22/26,07/01/26,07/08/26,none,07/10/26,07/13/26,,07/13/26
NTB,ENI-KNH,1,4M513,04/22/26,06/05/26C,07/10/26C,06/11/26,06/18/26,06/18/26,06/19/26,06/29/26,06/22/26,07/01/26,07/08/26,none,07/10/26,07/13/26,,07/13/26
Onskid,WIL1554,1,4L393,04/23/26,06/12/26C,06/30/26C,06/12/26,06/19/26,06/19/26,06/20/26,06/30/26,06/23/26,07/02/26,07/09/26,none,07/13/26,07/14/26,,07/14/26
NTB,BBS-BE2,2,4P011,see #1,see #1,see #1,see #1,06/19/26,06/19/26,06/20/26,see #1,06/23/26,07/02/26,07/09/26,none,07/13/26,07/14/26,,07/14/26
NTB,BBS-KA2,2,4P014,see #1,see #1,see #1,see #1,06/19/26,06/19/26,06/20/26,see #1,06/23/26,07/02/26,07/09/26,none,07/13/26,07/14/26,,07/14/26
Offskid,BBS-B2,1,4P012,04/24/26,04/27/26A,07/01/26C,06/15/26,06/22/26,06/22/26,06/23/26,07/01/26,06/24/26,07/06/26,07/10/26,none,07/14/26,07/15/26,,07/15/26
Onskid,CVX-DC,1,4P481,04/24/26,06/15/26C,07/01/26C,06/15/26,06/22/26,06/22/26,06/23/26,07/01/26,06/24/26,07/06/26,07/10/26,none,07/14/26,07/15/26,,07/15/26
Offskid,SHL-GMM,2,4M501,see #1,see #1,see #1,see #1,06/22/26,06/22/26,06/23/26,see #1,06/24/26,07/06/26,07/10/26,none,07/14/26,07/15/26,,07/15/26
Offskid,FLOAT,,FLOAT,04/27/26,06/09/26,07/02/26,06/16/26,06/23/26,06/23/26,06/24/26,07/02/26,06/25/26,07/07/26,07/13/26,#N/A,07/15/26,07/16/26,,07/16/26
Onskid,TRP-S70,1,4M572,04/27/26,06/16/26C,07/02/26C,06/16/26,06/23/26,06/23/26,06/24/26,07/02/26,06/25/26,07/07/26,07/13/26,none,07/15/26,07/16/26,,07/16/26
Offskid,CUU-SU,2,4N991,see #1,see #1,see #1,see #1,06/23/26,06/23/26,06/24/26,see #1,06/25/26,07/07/26,07/13/26,none,07/15/26,07/16/26,,07/16/26
Offskid,FLOAT,2,FLOAT,see #1,see #1,see #1,see #1,06/24/26,06/24/26,06/25/26,see #1,06/26/26,07/08/26,07/14/26,#N/A,07/16/26,07/17/26,,07/17/26
Onskid,VOLTAGD,7,4M891,see #1,see #1,see #1,see #1,06/24/26,06/24/26,06/25/26,see #1,06/26/26,07/08/26,07/14/26,none,07/16/26,07/17/26,,07/17/26
Onskid,HIL-Z,1,4N581,04/28/26,06/17/26C,07/06/26C,06/17/26,06/24/26,06/24/26,06/25/26,07/06/26,06/26/26,07/08/26,07/14/26,none,07/16/26,07/17/26,,07/17/26
Onskid,PROP-97,1,4N041,04/29/26,06/18/26C,07/07/26C,06/18/26,06/25/26,06/25/26,06/26/26,07/07/26,06/29/26,07/09/26,07/15/26,none,07/17/26,07/20/26,,07/20/26
NTB,BBS-B2,2,4P012,see #1,see #1,see #1,see #1,06/25/26,06/25/26,06/26/26,see #1,06/29/26,07/09/26,07/15/26,none,07/17/26,07/20/26,,07/20/26
Onskid,S60-96,1,4P631,04/29/26,06/18/26C,01/00/00,06/18/26,06/25/26,06/25/26,06/26/26,07/07/26,06/29/26,07/09/26,07/15/26,#N/A,07/17/26,07/20/26,,07/20/26
Offskid,ENI-K,3,4M511,see #1,see #1,see #1,see #1,06/26/26,06/26/26,06/27/26,see #1,06/30/26,07/10/26,07/16/26,none,07/20/26,07/21/26,,07/21/26
Offskid,WWM-RSC,1,4N137CS,04/30/26,06/19/26C,07/08/26C,06/19/26,06/26/26,06/26/26,06/27/26,07/08/26,06/30/26,07/10/26,07/16/26,none,07/20/26,07/21/26,,07/21/26
Onskid,S60-98,1,4R151,04/30/26,06/19/26C,01/00/00,06/19/26,06/26/26,06/26/26,06/27/26,07/08/26,06/30/26,07/10/26,07/16/26,none,07/20/26,07/21/26,,07/21/26
New,KINDER MORGAN GOOD,1,J3070CC,05/01/26,06/15/26C,07/09/26C,06/22/26,06/29/26,06/29/26,06/30/26,07/09/26,07/01/26,07/13/26,07/17/26,none,07/21/26,07/22/26,,07/22/26
Onskid,WIL-APO,1,4N431,05/01/26,06/08/26C,06/24/26C,06/22/26,06/29/26,06/29/26,06/30/26,07/09/26,07/01/26,07/13/26,07/17/26,none,07/21/26,07/22/26,,07/22/26
NTB,LAKES,1,4P501,05/01/26,07/16/26C,08/20/26C,06/22/26,06/29/26,06/29/26,06/30/26,07/09/26,07/01/26,07/13/26,07/17/26,none,07/21/26,07/22/26,,07/22/26
Onskid,NTS-ECO,1,4N741,05/04/26,06/23/26C,07/10/26C,06/23/26,06/30/26,06/30/26,07/01/26,07/10/26,07/02/26,07/14/26,07/20/26,none,07/22/26,07/23/26,,07/23/26
Offskid,ENI-KNH,1,4M513,05/04/26,06/05/26C,07/10/26C,06/23/26,06/30/26,06/30/26,07/01/26,07/10/26,07/02/26,07/14/26,07/20/26,none,07/22/26,07/23/26,,07/23/26
Offskid,FLOAT,,FLOAT,05/04/26,#N/A,07/10/26,06/23/26,06/30/26,06/30/26,07/01/26,07/10/26,07/02/26,07/14/26,07/20/26,#N/A,07/22/26,07/23/26,,07/23/26
New,TCE-S,1,4K011CB,05/05/26,06/24/26C,07/13/26C,06/24/26,07/01/26,07/01/26,07/02/26,07/13/26,07/06/26,07/15/26,07/21/26,none,07/23/26,07/24/26,,07/24/26
Onskid,S60-99,1,4R161,05/05/26,06/24/26C,07/13/26C,06/24/26,07/01/26,07/01/26,07/02/26,07/13/26,07/06/26,07/15/26,07/21/26,none,07/23/26,07/24/26,,07/24/26
New,CAMROSE,1,J3420CC,05/05/26,06/24/26C,07/13/26C,06/24/26,07/01/26,07/01/26,07/02/26,07/13/26,07/06/26,07/15/26,07/21/26,none,07/23/26,07/24/26,,07/24/26
Onskid,NTS-ECO,2,4N741,see #1,see #1,see #1,see #1,07/02/26,07/02/26,07/03/26,see #1,07/07/26,07/16/26,07/22/26,none,07/24/26,07/27/26,,07/27/26
Onskid,VOLTAGD,8,4M891,see #1,see #1,see #1,see #1,07/02/26,07/02/26,07/03/26,see #1,07/07/26,07/16/26,07/22/26,none,07/24/26,07/27/26,,07/27/26
Offskid,BBS-BE2,2,4P011,see #1,see #1,see #1,see #1,07/02/26,07/02/26,07/03/26,see #1,07/07/26,07/16/26,07/22/26,none,07/24/26,07/27/26,,07/27/26
Offskid,FLOAT,,FLOAT,05/07/26,06/19/26,07/15/26,06/26/26,07/06/26,07/06/26,07/07/26,07/15/26,07/08/26,07/17/26,07/23/26,#N/A,07/27/26,07/28/26,,07/28/26
Onskid,STOCK5,1,ANG05,05/07/26,06/26/26C,07/15/26C,06/26/26,07/06/26,07/06/26,07/07/26,07/15/26,07/08/26,07/17/26,07/23/26,none,07/27/26,07/28/26,,07/28/26
Onskid,WWM-RA1,1,4N141,05/08/26,06/29/26C,07/16/26C,06/29/26,07/07/26,07/07/26,07/08/26,07/16/26,07/09/26,07/20/26,07/24/26,none,07/28/26,07/29/26,,07/29/26
Offskid,SHL-GMM,3,4M501,see #1,see #1,see #1,see #1,07/07/26,07/07/26,07/08/26,see #1,07/09/26,07/20/26,07/24/26,none,07/28/26,07/29/26,,07/29/26
Offskid,FLOAT,,FLOAT,05/08/26,06/22/26,07/16/26,06/29/26,07/07/26,07/07/26,07/08/26,07/16/26,07/09/26,07/20/26,07/24/26,#N/A,07/28/26,07/29/26,,07/29/26
Onskid,STOCK5,26,ANG05,see #1,see #1,see #1,see #1,07/08/26,07/08/26,07/09/26,see #1,07/10/26,07/21/26,07/27/26,none,07/29/26,07/30/26,,07/30/26
Offskid,BBS-BO2,2,4P013,see #1,see #1,see #1,see #1,07/08/26,07/08/26,07/09/26,see #1,07/10/26,07/21/26,07/27/26,none,07/29/26,07/30/26,,07/30/26
Onskid,STOCK5,2,ANG05,see #1,see #1,see #1,see #1,07/08/26,07/08/26,07/09/26,see #1,07/10/26,07/21/26,07/27/26,none,07/29/26,07/30/26,,07/30/26
Onskid,NTS-ECO,3,4N741,see #1,see #1,see #1,see #1,07/09/26,07/09/26,07/10/26,see #1,07/13/26,07/22/26,07/28/26,none,07/30/26,07/31/26,,07/31/26
Onskid,NTS-ECO,4,4N741,see #1,see #1,see #1,see #1,07/09/26,07/09/26,07/10/26,see #1,07/13/26,07/22/26,07/28/26,none,07/30/26,07/31/26,,07/31/26
Onskid,PROP102,1,4N331,05/12/26,07/01/26C,07/20/26C,07/01/26,07/09/26,07/09/26,07/10/26,07/20/26,07/13/26,07/22/26,07/28/26,none,07/30/26,07/31/26,,07/31/26
Onskid,ENB-PSC,1,4M831,05/13/26,07/02/26C,07/21/26C,07/02/26,07/10/26,07/10/26,07/11/26,07/21/26,07/14/26,07/23/26,07/29/26,none,07/31/26,08/03/26,,08/03/26
Onskid,CLYMERS,1,4P001,05/13/26,07/02/26C,07/21/26C,07/02/26,07/10/26,07/10/26,07/11/26,07/21/26,07/14/26,07/23/26,07/29/26,none,07/31/26,08/03/26,,08/03/26
NTB,ENI-KBB,1,4M512,05/13/26,07/20/26C,08/05/26C,07/02/26,07/10/26,07/10/26,07/11/26,07/21/26,07/14/26,07/23/26,07/29/26,none,07/31/26,08/03/26,,08/03/26
Onskid,WIL145,1,4L641,05/14/26,07/06/26C,07/22/26C,07/06/26,07/13/26,07/13/26,07/14/26,07/22/26,07/15/26,07/24/26,07/30/26,none,08/03/26,08/04/26,,08/04/26
Onskid,DTE GAS,1,J3360CC,05/14/26,06/26/26C,07/22/26C,07/06/26,07/13/26,07/13/26,07/14/26,07/22/26,07/15/26,07/24/26,07/30/26,none,08/03/26,08/04/26,,08/04/26
Offskid,BBS-B2,2,4P012,see #1,see #1,see #1,see #1,07/13/26,07/13/26,07/14/26,see #1,07/15/26,07/24/26,07/30/26,none,08/03/26,08/04/26,,08/04/26
New,PENDING-N,1,4N141CD,05/15/26,#N/A,#N/A,07/07/26,07/14/26,07/14/26,07/15/26,07/23/26,07/16/26,07/27/26,07/31/26,#N/A,08/04/26,08/05/26,,08/05/26
Onskid,MPLX-SE,1,4N571,05/15/26,07/07/26C,07/23/26C,07/07/26,07/14/26,07/14/26,07/15/26,07/23/26,07/16/26,07/27/26,07/31/26,none,08/04/26,08/05/26,,08/05/26
Offskid,PENDING-A,1,J3060CC,05/15/26,06/29/26,07/23/26,07/07/26,07/14/26,07/14/26,07/15/26,07/23/26,07/16/26,07/27/26,07/31/26,#N/A,08/04/26,08/05/26,,08/05/26
Offskid,FLOAT,,FLOAT,05/18/26,06/30/26,07/24/26,07/08/26,07/15/26,07/15/26,07/16/26,07/24/26,07/17/26,07/28/26,08/03/26,,08/05/26,08/06/26,,08/06/26
Onskid,WWM-BW,1,4N111,05/18/26,07/08/26C,07/24/26C,07/08/26,07/15/26,07/15/26,07/16/26,07/24/26,07/17/26,07/28/26,08/03/26,none,08/05/26,08/06/26,,08/06/26
Onskid,WIL1552,1,4L391,05/18/26,07/08/26C,07/24/26C,07/08/26,07/15/26,07/15/26,07/16/26,07/24/26,07/17/26,07/28/26,08/03/26,none,08/05/26,08/06/26,,08/06/26
Onskid,WWM-W,1,4N121,05/19/26,07/01/26,07/27/26,07/09/26,07/16/26,07/16/26,07/17/26,07/27/26,07/20/26,07/29/26,08/04/26,none,08/06/26,08/07/26,,08/07/26
Onskid,PENDING-A,1,MABANK,05/19/26,07/01/26,07/27/26,07/09/26,07/16/26,07/16/26,07/17/26,07/27/26,07/20/26,07/29/26,08/04/26,#N/A,08/06/26,08/07/26,,08/07/26
New,PENDING-A,1,J4000CB,05/20/26,07/02/26,07/28/26,07/10/26,07/17/26,07/17/26,07/18/26,07/28/26,07/21/26,07/30/26,08/05/26,,08/07/26,08/10/26,,08/10/26
Offskid,BBS-KA2,2,4P014,see #1,see #1,see #1,see #1,07/17/26,07/17/26,07/18/26,see #1,07/21/26,07/30/26,08/05/26,none,08/07/26,08/10/26,,08/10/26
Onskid,WIL1503,1,4L381,05/20/26,07/02/26,07/28/26,07/10/26,07/17/26,07/17/26,07/18/26,07/28/26,07/21/26,07/30/26,08/05/26,none,08/07/26,08/10/26,,08/10/26
Onskid,SUNFLWR,1,4M431,05/21/26,07/06/26,07/29/26,07/13/26,07/20/26,07/20/26,07/21/26,07/29/26,07/22/26,07/31/26,08/06/26,none,08/10/26,08/11/26,,08/11/26
Onskid,STOCK5,27,ANG05,see #1,see #1,see #1,see #1,07/20/26,07/20/26,07/21/26,see #1,07/22/26,07/31/26,08/06/26,none,08/10/26,08/11/26,,08/11/26
Onskid,WIL-APO,2,4N431,see #1,see #1,see #1,see #1,07/20/26,07/20/26,07/21/26,see #1,07/22/26,07/31/26,08/06/26,,08/10/26,08/11/26,,08/11/26
Onskid,KM-HALL,1,4M621,05/22/26,07/07/26,07/30/26,07/14/26,07/21/26,07/21/26,07/22/26,07/30/26,07/23/26,08/03/26,08/07/26,none,08/11/26,08/12/26,,08/12/26
Onskid,EOG-130,1,4N251,05/22/26,07/07/26,07/30/26,07/14/26,07/21/26,07/21/26,07/22/26,07/30/26,07/23/26,08/03/26,08/07/26,,08/11/26,08/12/26,,08/12/26
Onskid,WIL145,2,4L641,see #1,see #1,see #1,see #1,07/22/26,07/22/26,07/23/26,see #1,07/24/26,08/04/26,08/10/26,none,08/12/26,08/13/26,,08/13/26
Offskid,PENDING-A,1,MABANK,05/26/26,07/08/26,07/31/26,07/15/26,07/22/26,07/22/26,07/23/26,07/31/26,07/24/26,08/04/26,08/10/26,#N/A,08/12/26,08/13/26,,08/13/26
Onskid,WIL-APO,3,4N431,see #1,see #1,see #1,see #1,07/22/26,07/22/26,07/23/26,see #1,07/24/26,08/04/26,08/10/26,,08/12/26,08/13/26,,08/13/26
Offskid,FLOAT, ,FLOAT,see #1,see #1,see #1,see #1,07/23/26,07/23/26,07/24/26,see #1,07/27/26,08/05/26,08/11/26,#N/A,08/13/26,08/14/26,,08/14/26
Onskid,STOCK5,28,ANG05,see #1,see #1,see #1,see #1,07/23/26,07/23/26,07/24/26,see #1,07/27/26,08/05/26,08/11/26,none,08/13/26,08/14/26,,08/14/26
Onskid,S60-100,1,4R171,05/27/26,07/09/26,08/03/26,07/16/26,07/23/26,07/23/26,07/24/26,08/03/26,07/27/26,08/05/26,08/11/26,none,08/13/26,08/14/26,,08/14/26
Onskid,VOLTAGD,9,4M891,see #1,see #1,see #1,see #1,07/24/26,07/24/26,07/25/26,see #1,07/28/26,08/06/26,08/12/26,none,08/14/26,08/17/26,,08/17/26
Onskid,WIL145,3,4L641,see #1,see #1,see #1,see #1,07/24/26,07/24/26,07/25/26,see #1,07/28/26,08/06/26,08/12/26,none,08/14/26,08/17/26,,08/17/26
Offskid,PENDING-A,1,CR24-86512,05/28/26,07/10/26,08/04/26,07/17/26,07/24/26,07/24/26,07/25/26,08/04/26,07/28/26,08/06/26,08/12/26,#N/A,08/14/26,08/17/26,,08/17/26
Offskid,PENDING-A,2,CR24-86512,see #1,see #1,see #1,see #1,07/27/26,07/27/26,07/28/26,see #1,07/29/26,08/07/26,08/13/26,#N/A,08/17/26,08/18/26,,08/18/26
Offskid,ENI-KBB,1,4M512,05/29/26,07/13/26,08/05/26,07/20/26,07/27/26,07/27/26,07/28/26,08/05/26,07/29/26,08/07/26,08/13/26,none,08/17/26,08/18/26,,08/18/26
Offskid,FLOAT,,FLOAT,05/29/26,07/13/26,08/05/26,07/20/26,07/27/26,07/27/26,07/28/26,08/05/26,07/29/26,08/07/26,08/13/26,#N/A,08/17/26,08/18/26,,08/18/26
Onskid,TCE-W1,1,4K001,06/01/26,07/14/26,08/06/26,07/21/26,07/28/26,07/28/26,07/29/26,08/06/26,07/30/26,08/10/26,08/14/26,none,08/18/26,08/19/26,,08/19/26
Onskid,WWM-BW,2,4N111,see #1,see #1,see #1,see #1,07/28/26,07/28/26,07/29/26,see #1,07/30/26,08/10/26,08/14/26,none,08/18/26,08/19/26,,08/19/26
Onskid,STOCK,12,ANG01,see #1,see #1,see #1,see #1,07/28/26,07/28/26,07/29/26,see #1,07/30/26,08/10/26,08/14/26,none,08/18/26,08/19/26,,08/19/26
Onskid,VOLTAGD,10,4M891,see #1,see #1,see #1,see #1,07/29/26,07/29/26,07/30/26,see #1,07/31/26,08/11/26,08/17/26,none,08/19/26,08/20/26,,08/20/26
Onskid,MPUA-F,1,4N731,06/02/26,07/15/26,08/07/26,07/22/26,07/29/26,07/29/26,07/30/26,08/07/26,07/31/26,08/11/26,08/17/26,none,08/19/26,08/20/26,,08/20/26
Onskid,WIL-APO,4,4N431,see #1,see #1,see #1,see #1,07/29/26,07/29/26,07/30/26,see #1,07/31/26,08/11/26,08/17/26,,08/19/26,08/20/26,,08/20/26
Onskid,LINY-HP,4,4F891,see #1,see #1,see #1,see #1,07/30/26,07/30/26,07/31/26,see #1,08/03/26,08/12/26,08/18/26,none,08/20/26,08/21/26,,08/21/26
Onskid,PROP101,1,4N321,06/03/26,07/16/26,08/10/26,07/23/26,07/30/26,07/30/26,07/31/26,08/10/26,08/03/26,08/12/26,08/18/26,,08/20/26,08/21/26,,08/21/26
New,PENDING-A,1,J3490CC,06/03/26,07/16/26,08/10/26,07/23/26,07/30/26,07/30/26,07/31/26,08/10/26,08/03/26,08/12/26,08/18/26,#N/A,08/20/26,08/21/26,,08/21/26
Onskid,TCE-W2,1,4K002,06/04/26,07/17/26,08/11/26,07/24/26,07/31/26,07/31/26,08/01/26,08/11/26,08/04/26,08/13/26,08/19/26,none,08/21/26,08/24/26,,08/24/26
Onskid,ENB-PSC,2,4M831,see #1,see #1,see #1,see #1,07/31/26,07/31/26,08/01/26,see #1,08/04/26,08/13/26,08/19/26,none,08/21/26,08/24/26,,08/24/26
Offskid,WWM-TIVSC,1,4P457CS,06/05/26,07/20/26,08/12/26,07/27/26,08/03/26,08/03/26,08/04/26,08/12/26,08/05/26,08/14/26,08/20/26,none,08/24/26,08/25/26,,08/25/26
Offskid,WWM-ELSC,1,4P467CS,06/05/26,07/20/26,08/12/26,07/27/26,08/03/26,08/03/26,08/04/26,08/12/26,08/05/26,08/14/26,08/20/26,none,08/24/26,08/25/26,,08/25/26
Onskid,MBYA-P,1,4P044,06/08/26,07/21/26,08/13/26,07/28/26,08/04/26,08/04/26,08/05/26,08/13/26,08/06/26,08/17/26,08/21/26,none,08/25/26,08/26/26,,08/26/26
Onskid,CVX-DC,2,4P481,see #1,see #1,see #1,see #1,08/04/26,08/04/26,08/05/26,see #1,08/06/26,08/17/26,08/21/26,none,08/25/26,08/26/26,,08/26/26
Onskid,STOCK5,29,ANG05,see #1,see #1,see #1,see #1,08/05/26,08/05/26,08/06/26,see #1,08/07/26,08/18/26,08/24/26,none,08/26/26,08/27/26,,08/27/26
Onskid,STOCK5,30,ANG05,see #1,see #1,see #1,see #1,08/10/26,08/10/26,08/11/26,see #1,08/12/26,08/21/26,08/27/26,none,08/31/26,09/01/26,,09/01/26
Onskid,PENDING-A,1,J3720CC,06/12/26,07/27/26,08/19/26,08/03/26,08/10/26,08/10/26,08/11/26,08/19/26,08/12/26,08/21/26,08/27/26,#N/A,08/31/26,09/01/26,,09/01/26
Offskid,LAKES,1,4P501,06/15/26,07/28/26,08/20/26,08/04/26,08/11/26,08/11/26,08/12/26,08/20/26,08/13/26,08/24/26,08/28/26,none,09/01/26,09/02/26,,09/02/26
Onskid,STOCK,13,ANG01,see #1,see #1,see #1,see #1,08/11/26,08/11/26,08/12/26,see #1,08/13/26,08/24/26,08/28/26,none,09/01/26,09/02/26,,09/02/26
Onskid,STOCK3,1,ANG03,06/16/26,07/29/26,08/21/26,08/05/26,08/12/26,08/12/26,08/13/26,08/21/26,08/14/26,08/25/26,08/31/26,none,09/02/26,09/03/26,,09/03/26
NTB,WTE-MHP,1,4L762,06/16/26,07/29/26,08/21/26,08/05/26,08/12/26,08/12/26,08/13/26,08/21/26,08/14/26,08/25/26,08/31/26,none,09/02/26,09/03/26,,09/03/26
Onskid,PROP-98,1,4N051,06/16/26,07/29/26,08/21/26,08/05/26,08/12/26,08/12/26,08/13/26,08/21/26,08/14/26,08/25/26,08/31/26,none,09/02/26,09/03/26,,09/03/26
Onskid,WWM-FR,1,4N381,06/17/26,07/30/26,08/24/26,08/06/26,08/13/26,08/13/26,08/14/26,08/24/26,08/17/26,08/26/26,09/01/26,none,09/03/26,09/04/26,,09/04/26
Onskid,,,,06/17/26,07/30/26,08/24/26,08/06/26,08/13/26,08/13/26,08/14/26,08/24/26,08/17/26,08/26/26,09/01/26,,09/03/26,09/04/26,,09/04/26
Onskid,EPD-OR,1,4P811,06/17/26,07/30/26,08/24/26,08/06/26,08/13/26,08/13/26,08/14/26,08/24/26,08/17/26,08/26/26,09/01/26,none,09/03/26,09/04/26,,09/04/26
Onskid,VOLTAGD,11,4M891,see #1,see #1,see #1,see #1,08/14/26,08/14/26,08/15/26,see #1,08/18/26,08/27/26,09/02/26,none,09/04/26,09/08/26,,09/08/26
Onskid,EPD-OR,2,4P811,see #1,see #1,see #1,see #1,08/14/26,08/14/26,08/15/26,see #1,08/18/26,08/27/26,09/02/26,none,09/04/26,09/08/26,,09/08/26
Onskid,PENDING-A,1,J4010CC,06/19/26,08/03/26,08/26/26,08/10/26,08/17/26,08/17/26,08/18/26,08/26/26,08/19/26,08/28/26,09/03/26,#N/A,09/08/26,09/09/26,,09/09/26
Onskid,KM-AUBU,1,4M641,06/19/26,08/03/26,08/26/26,08/10/26,08/17/26,08/17/26,08/18/26,08/26/26,08/19/26,08/28/26,09/03/26,none,09/08/26,09/09/26,,09/09/26
Onskid,MBYA-P,2,4P044,see #1,see #1,see #1,see #1,08/17/26,08/17/26,08/18/26,see #1,08/19/26,08/28/26,09/03/26,none,09/08/26,09/09/26,,09/09/26
Onskid,STOCK5,31,ANG05,see #1,see #1,see #1,see #1,08/18/26,08/18/26,08/19/26,see #1,08/20/26,08/31/26,09/04/26,none,09/09/26,09/10/26,,09/10/26
Onskid,SUNFLWR,2,4M431,see #1,see #1,see #1,see #1,08/18/26,08/18/26,08/19/26,see #1,08/20/26,08/31/26,09/04/26,none,09/09/26,09/10/26,,09/10/26
Onskid,WWM-FR,2,4N381,see #1,see #1,see #1,see #1,08/18/26,08/18/26,08/19/26,see #1,08/20/26,08/31/26,09/04/26,none,09/09/26,09/10/26,,09/10/26
Onskid,VOLTAGD,12,4M891,see #1,see #1,see #1,see #1,08/19/26,08/19/26,08/20/26,see #1,08/21/26,09/01/26,09/08/26,none,09/10/26,09/11/26,,09/11/26
Offskid,SUNUAPA STAT,1,J3667CS,06/23/26,08/05/26,08/28/26,08/12/26,08/19/26,08/19/26,08/20/26,08/28/26,08/21/26,09/01/26,09/08/26,none,09/10/26,09/11/26,,09/11/26
New,WTE-MLP,1,4L761,06/24/26,08/06/26,08/31/26,08/13/26,08/20/26,08/20/26,08/21/26,08/31/26,08/24/26,09/02/26,09/09/26,none,09/11/26,09/14/26,,09/14/26
Onskid,STOCK3,2,ANG03,see #1,see #1,see #1,see #1,08/20/26,08/20/26,08/21/26,see #1,08/24/26,09/02/26,09/09/26,none,09/11/26,09/14/26,,09/14/26
Onskid,PROP-99,1,4N061,06/24/26,08/06/26,08/31/26,08/13/26,08/20/26,08/20/26,08/21/26,08/31/26,08/24/26,09/02/26,09/09/26,none,09/11/26,09/14/26,,09/14/26
Onskid,,,,06/25/26,08/07/26,09/01/26,08/14/26,08/21/26,08/21/26,08/22/26,09/01/26,08/25/26,09/03/26,09/10/26,,09/14/26,09/15/26,,09/15/26
Onskid,WWM-A,1,4N131,06/25/26,08/07/26,09/01/26,08/14/26,08/21/26,08/21/26,08/22/26,09/01/26,08/25/26,09/03/26,09/10/26,none,09/14/26,09/15/26,,09/15/26
Onskid,TGN-BIB,1,4P691,06/25/26,08/07/26,09/01/26,08/14/26,08/21/26,08/21/26,08/22/26,09/01/26,08/25/26,09/03/26,09/10/26,none,09/14/26,09/15/26,,09/15/26
Onskid,DTM-BC,1,4P711,06/26/26,08/10/26,09/02/26,08/17/26,08/24/26,08/24/26,08/25/26,09/02/26,08/26/26,09/04/26,09/11/26,none,09/15/26,09/16/26,,09/16/26
Offskid,PENDING-A,1,J3880CC,06/29/26,08/11/26,09/03/26,08/18/26,08/25/26,08/25/26,08/26/26,09/03/26,08/27/26,09/08/26,09/14/26,#N/A,09/16/26,09/17/26,,09/17/26
Onskid,ENB-PSC,3,4M831,see #1,see #1,see #1,see #1,08/26/26,08/26/26,08/27/26,see #1,08/28/26,09/09/26,09/15/26,none,09/17/26,09/18/26,,09/18/26
Onskid,STOCK3,3,ANG03,see #1,see #1,see #1,see #1,08/26/26,08/26/26,08/27/26,see #1,08/28/26,09/09/26,09/15/26,none,09/17/26,09/18/26,,09/18/26
Onskid,,,,06/30/26,08/12/26,09/04/26,08/19/26,08/26/26,08/26/26,08/27/26,09/04/26,08/28/26,09/09/26,09/15/26,,09/17/26,09/18/26,,09/18/26
Onskid,EPD-OR,3,4P811,see #1,see #1,see #1,see #1,08/27/26,08/27/26,08/28/26,see #1,08/31/26,09/10/26,09/16/26,none,09/18/26,09/21/26,,09/21/26
Onskid,TGN-POD,1,4P692,07/01/26,08/13/26,09/08/26,08/20/26,08/27/26,08/27/26,08/28/26,09/08/26,08/31/26,09/10/26,09/16/26,none,09/18/26,09/21/26,,09/21/26
Onskid,BWP-YOU,1,4N231,07/01/26,08/13/26,09/08/26,08/20/26,08/27/26,08/27/26,08/28/26,09/08/26,08/31/26,09/10/26,09/16/26,none,09/18/26,09/21/26,,09/21/26
Offskid,WTE-MHP,1,4L762,07/06/26,08/17/26,09/10/26,08/24/26,08/31/26,08/31/26,09/01/26,09/10/26,09/02/26,09/14/26,09/18/26,none,09/22/26,09/23/26,,09/23/26
Onskid,STOCK5,32,ANG05,see #1,see #1,see #1,see #1,08/31/26,08/31/26,09/01/26,see #1,09/02/26,09/14/26,09/18/26,none,09/22/26,09/23/26,,09/23/26
Onskid,WWM-W,2,4N121,see #1,see #1,see #1,see #1,08/31/26,08/31/26,09/01/26,see #1,09/02/26,09/14/26,09/18/26,none,09/22/26,09/23/26,,09/23/26
NTB,PTT-P,1,4P651,07/07/26,08/18/26,09/11/26,08/25/26,09/01/26,09/01/26,09/02/26,09/11/26,09/03/26,09/15/26,09/21/26,none,09/23/26,09/24/26,,09/24/26
Onskid,CVX-DC,3,4P481,see #1,see #1,see #1,see #1,09/01/26,09/01/26,09/02/26,see #1,09/03/26,09/15/26,09/21/26,none,09/23/26,09/24/26,,09/24/26
Onskid,STOCK5,33,ANG05,see #1,see #1,see #1,see #1,09/02/26,09/02/26,09/03/26,see #1,09/04/26,09/16/26,09/22/26,none,09/24/26,09/25/26,,09/25/26
Onskid,ATMOS-H,1,4P941,07/08/26,08/19/26,09/14/26,08/26/26,09/02/26,09/02/26,09/03/26,09/14/26,09/04/26,09/16/26,09/22/26,none,09/24/26,09/25/26,,09/25/26
Onskid,SOLAR-1,1,4N341,07/09/26,08/20/26,09/15/26,08/27/26,09/03/26,09/03/26,09/04/26,09/15/26,09/08/26,09/17/26,09/23/26,none,09/25/26,09/28/26,,09/28/26
Offskid,WTE-MLP,1,4L761,07/09/26,08/20/26,09/15/26,08/27/26,09/03/26,09/03/26,09/04/26,09/15/26,09/08/26,09/17/26,09/23/26,none,09/25/26,09/28/26,,09/28/26
Onskid,ARC-A,1,4K781,07/10/26,08/21/26,09/16/26,08/28/26,09/04/26,09/04/26,09/05/26,09/16/26,09/09/26,09/18/26,09/24/26,none,09/28/26,09/29/26,,09/29/26
Onskid,DTM-BC,2,4P711,see #1,see #1,see #1,see #1,09/04/26,09/04/26,09/05/26,see #1,09/09/26,09/18/26,09/24/26,none,09/28/26,09/29/26,,09/29/26
NTB,MITSY-W,1,4P701,07/13/26,08/24/26,09/17/26,08/31/26,09/08/26,09/08/26,09/09/26,09/17/26,09/10/26,09/21/26,09/25/26,none,09/29/26,09/30/26,,09/30/26
Offskid,TRANSWESTERN BLOOM,1,H2060CC,07/13/26,08/24/26,09/17/26,08/31/26,09/08/26,09/08/26,09/09/26,09/17/26,09/10/26,09/21/26,09/25/26,none,09/29/26,09/30/26,,09/30/26
Onskid,WIL-APO,5,4N431,see #1,see #1,see #1,see #1,09/08/26,09/08/26,09/09/26,see #1,09/10/26,09/21/26,09/25/26,,09/29/26,09/30/26,,09/30/26
Onskid,SOLAR-2,1,4N351,07/14/26,08/25/26,09/18/26,09/01/26,09/09/26,09/09/26,09/10/26,09/18/26,09/11/26,09/22/26,09/28/26,none,09/30/26,10/01/26,,10/01/26
Onskid,SOU-FLN,2,4N171,see #1,see #1,see #1,see #1,09/10/26,09/10/26,09/11/26,see #1,09/14/26,09/23/26,09/29/26,none,10/01/26,10/02/26,,10/02/26
Onskid,ATMOS-H,2,4P941,see #1,see #1,see #1,see #1,09/11/26,09/11/26,09/12/26,see #1,09/15/26,09/24/26,09/30/26,none,10/02/26,10/05/26,,10/05/26
Onskid,ATCO-Y,1,4P751,07/16/26,08/27/26,09/22/26,09/03/26,09/11/26,09/11/26,09/12/26,09/22/26,09/15/26,09/24/26,09/30/26,none,10/02/26,10/05/26,,10/05/26
Onskid,ATCO-Y,2,4P751,see #1,see #1,see #1,see #1,09/11/26,09/11/26,09/12/26,see #1,09/15/26,09/24/26,09/30/26,none,10/02/26,10/05/26,,10/05/26
Onskid,STOCK5,34,ANG05,see #1,see #1,see #1,see #1,09/14/26,09/14/26,09/15/26,see #1,09/16/26,09/25/26,10/01/26,none,10/05/26,10/06/26,,10/06/26
Onskid,WWM-A,2,                                   ,see #1,see #1,see #1,see #1,09/14/26,09/14/26,09/15/26,see #1,09/16/26,09/25/26,10/01/26,none,10/05/26,10/06/26,,10/06/26
Onskid,PENDING-A,1,AE23-69001,07/17/26,08/28/26,09/23/26,09/04/26,09/14/26,09/14/26,09/15/26,09/23/26,09/16/26,09/25/26,10/01/26,#N/A,10/05/26,10/06/26,,10/06/26
Offskid,LAKESSC,1,4P508CS,07/20/26,08/31/26,09/24/26,09/08/26,09/15/26,09/15/26,09/16/26,09/24/26,09/17/26,09/28/26,10/02/26,none,10/06/26,10/07/26,,10/07/26
Onskid,SOU-FLN,3,4N171,see #1,see #1,see #1,see #1,09/15/26,09/15/26,09/16/26,see #1,09/17/26,09/28/26,10/02/26,none,10/06/26,10/07/26,,10/07/26
Onskid,MPW-CHP,1,4K701,07/20/26,08/31/26,09/24/26,09/08/26,09/15/26,09/15/26,09/16/26,09/24/26,09/17/26,09/28/26,10/02/26,none,10/06/26,10/07/26,,10/07/26
Offskid,PTT-P,1,4P651,07/21/26,09/01/26,09/25/26,09/09/26,09/16/26,09/16/26,09/17/26,09/25/26,09/18/26,09/29/26,10/05/26,none,10/07/26,10/08/26,,10/08/26
Offskid,FLOAT,,FLOAT,07/21/26,09/01/26,09/25/26,09/09/26,09/16/26,09/16/26,09/17/26,09/25/26,09/18/26,09/29/26,10/05/26,#N/A,10/07/26,10/08/26,,10/08/26
Onskid,STOCK3,4,ANG03,see #1,see #1,see #1,see #1,09/17/26,09/17/26,09/18/26,see #1,09/21/26,09/30/26,10/06/26,none,10/08/26,10/09/26,,10/09/26
Offskid,NORTH OIL-A,1,J2181CC,07/23/26,09/03/26,09/29/26,09/11/26,09/18/26,09/18/26,09/19/26,09/29/26,09/22/26,10/01/26,10/07/26,none,10/09/26,10/12/26,,10/12/26
Offskid,NORTH OIL-A,2,J2181CC,see #1,see #1,see #1,see #1,09/18/26,09/18/26,09/19/26,see #1,09/22/26,10/01/26,10/07/26,none,10/09/26,10/12/26,,10/12/26
Onskid,STOCK3,5,ANG03,see #1,see #1,see #1,see #1,09/18/26,09/18/26,09/19/26,see #1,09/22/26,10/01/26,10/07/26,none,10/09/26,10/12/26,,10/12/26
Offskid,MITSY-W,1,4P701,07/24/26,09/04/26,09/30/26,09/14/26,09/21/26,09/21/26,09/22/26,09/30/26,09/23/26,10/02/26,10/08/26,none,10/12/26,10/13/26,,10/13/26
Offskid,FLOAT,1,FLOAT,07/24/26,09/04/26,09/30/26,09/14/26,09/21/26,09/21/26,09/22/26,09/30/26,09/23/26,10/02/26,10/08/26,#N/A,10/12/26,10/13/26,,10/13/26
Onskid,WIL-APO,6,4N431,see #1,see #1,see #1,see #1,09/22/26,09/22/26,09/23/26,see #1,09/24/26,10/05/26,10/09/26,,10/13/26,10/14/26,,10/14/26
NTB,QE-CP8S,1,4M612,07/28/26,09/09/26,10/02/26,09/16/26,09/23/26,09/23/26,09/24/26,10/02/26,09/25/26,10/06/26,10/12/26,none,10/14/26,10/15/26,,10/15/26
Offskid,LOST,1,MABANK,07/29/26,09/10/26,10/05/26,09/17/26,09/24/26,09/24/26,09/25/26,10/05/26,09/28/26,10/07/26,10/13/26,#N/A,10/15/26,10/16/26,,10/16/26
Offskid,WWM-O-SC,1,4N377CS,07/30/26,09/11/26,10/06/26,09/18/26,09/25/26,09/25/26,09/26/26,10/06/26,09/29/26,10/08/26,10/14/26,,10/16/26,10/19/26,,10/19/26
Onskid,STOCK3,6,ANG03,see #1,see #1,see #1,see #1,09/25/26,09/25/26,09/26/26,see #1,09/29/26,10/08/26,10/14/26,none,10/16/26,10/19/26,,10/19/26
NTB,QE-CP8S,2,4M612,see #1,see #1,see #1,see #1,09/25/26,09/25/26,09/26/26,see #1,09/29/26,10/08/26,10/14/26,none,10/16/26,10/19/26,,10/19/26
Onskid,DTM-BC,3,4P711,see #1,see #1,see #1,see #1,09/28/26,09/28/26,09/29/26,see #1,09/30/26,10/09/26,10/15/26,none,10/19/26,10/20/26,,10/20/26
Onskid,SUNFLWR,3,4M431,see #1,see #1,see #1,see #1,09/30/26,09/30/26,10/01/26,see #1,10/02/26,10/13/26,10/19/26,none,10/21/26,10/22/26,,10/22/26
Onskid,SOLAR-3,1,4N441,08/04/26,09/16/26,10/09/26,09/23/26,09/30/26,09/30/26,10/01/26,10/09/26,10/02/26,10/13/26,10/19/26,none,10/21/26,10/22/26,,10/22/26
Onskid,BOC-TUB,1,4G922,08/05/26,09/17/26,10/12/26,09/24/26,10/01/26,10/01/26,10/02/26,10/12/26,10/05/26,10/14/26,10/20/26,none,10/22/26,10/23/26,,10/23/26
Offskid,WWM-EC-SC,1,4N167CS,08/05/26,09/17/26,10/12/26,09/24/26,10/01/26,10/01/26,10/02/26,10/12/26,10/05/26,10/14/26,10/20/26,none,10/22/26,10/23/26,,10/23/26
NTB,QE-CP8S,3,4M612,see #1,see #1,see #1,see #1,10/01/26,10/01/26,10/02/26,see #1,10/05/26,10/14/26,10/20/26,none,10/22/26,10/23/26,,10/23/26
Offskid,PENDING-A,1,MABANK,08/06/26,09/18/26,10/13/26,09/25/26,10/02/26,10/02/26,10/03/26,10/13/26,10/06/26,10/15/26,10/21/26,#N/A,10/23/26,10/26/26,,10/26/26
Onskid,GB-GBE,1,4P971,08/07/26,09/21/26,10/14/26,09/28/26,10/05/26,10/05/26,10/06/26,10/14/26,10/07/26,10/16/26,10/22/26,none,10/26/26,10/27/26,,10/27/26
NTB,QE-CP8S,4,4M612,see #1,see #1,see #1,see #1,10/06/26,10/06/26,10/07/26,see #1,10/08/26,10/19/26,10/23/26,none,10/27/26,10/28/26,,10/28/26
Onskid,SOLAR-4,1,4N451,08/11/26,09/23/26,10/16/26,09/30/26,10/07/26,10/07/26,10/08/26,10/16/26,10/09/26,10/20/26,10/26/26,none,10/28/26,10/29/26,,10/29/26
Offskid,QE-CP8S,1,4M612,08/11/26,09/23/26,10/16/26,09/30/26,10/07/26,10/07/26,10/08/26,10/16/26,10/09/26,10/20/26,10/26/26,none,10/28/26,10/29/26,,10/29/26
Onskid,TCE-GAP,1,4K731,08/12/26,09/24/26,10/19/26,10/01/26,10/08/26,10/08/26,10/09/26,10/19/26,10/12/26,10/21/26,10/27/26,none,10/29/26,10/30/26,,10/30/26
New,PENDING-A,1,MABANK,08/12/26,09/24/26,10/19/26,10/01/26,10/08/26,10/08/26,10/09/26,10/19/26,10/12/26,10/21/26,10/27/26,#N/A,10/29/26,10/30/26,,10/30/26
Onskid,WIL-APO,7,4N431,see #1,see #1,see #1,see #1,10/08/26,10/08/26,10/09/26,see #1,10/12/26,10/21/26,10/27/26,,10/29/26,10/30/26,,10/30/26
NTB,WISON-S,1,4P531,08/13/26,09/25/26,10/20/26,10/02/26,10/09/26,10/09/26,10/10/26,10/20/26,10/13/26,10/22/26,10/28/26,none,10/30/26,11/02/26,,11/02/26
NTB,QE-CP4N,1,4M611,08/14/26,09/28/26,10/21/26,10/05/26,10/12/26,10/12/26,10/13/26,10/21/26,10/14/26,10/23/26,10/29/26,none,11/02/26,11/03/26,,11/03/26
Offskid,QE-CP8S,2,4M612,see #1,see #1,see #1,see #1,10/12/26,10/12/26,10/13/26,see #1,10/14/26,10/23/26,10/29/26,none,11/02/26,11/03/26,,11/03/26
Onskid,PENDING-A,1,MABANK,08/14/26,09/28/26,10/21/26,10/05/26,10/12/26,10/12/26,10/13/26,10/21/26,10/14/26,10/23/26,10/29/26,#N/A,11/02/26,11/03/26,,11/03/26
Onskid,EGTS-50,1,4K581,08/17/26,09/29/26,10/22/26,10/06/26,10/13/26,10/13/26,10/14/26,10/22/26,10/15/26,10/26/26,10/30/26,none,11/03/26,11/04/26,,11/04/26
Onskid,WWM-O,1,4N371,08/17/26,09/29/26,10/22/26,10/06/26,10/13/26,10/13/26,10/14/26,10/22/26,10/15/26,10/26/26,10/30/26,none,11/03/26,11/04/26,,11/04/26
Onskid,S60-97,1,4P641,08/17/26,09/29/26,10/22/26,10/06/26,10/13/26,10/13/26,10/14/26,10/22/26,10/15/26,10/26/26,10/30/26,none,11/03/26,11/04/26,,11/04/26
Onskid,EOG-250,1,4M881,08/18/26,09/30/26,10/23/26,10/07/26,10/14/26,10/14/26,10/15/26,10/23/26,10/16/26,10/27/26,11/02/26,none,11/04/26,11/05/26,,11/05/26
Onskid,EGTS-C,1,4L551,08/18/26,09/30/26,10/23/26,10/07/26,10/14/26,10/14/26,10/15/26,10/23/26,10/16/26,10/27/26,11/02/26,none,11/04/26,11/05/26,,11/05/26
Onskid,CVX-DC,4,4P481,see #1,see #1,see #1,see #1,10/14/26,10/14/26,10/15/26,see #1,10/16/26,10/27/26,11/02/26,none,11/04/26,11/05/26,,11/05/26
Onskid,TCE-AHP,1,4K522,08/19/26,10/01/26,10/26/26,10/08/26,10/15/26,10/15/26,10/16/26,10/26/26,10/19/26,10/28/26,11/03/26,none,11/05/26,11/06/26,,11/06/26
NTB,CCU-GS,1,4P541,08/19/26,10/01/26,10/26/26,10/08/26,10/15/26,10/15/26,10/16/26,10/26/26,10/19/26,10/28/26,11/03/26,none,11/05/26,11/06/26,,11/06/26
Offskid,QE-CP8S,3,4M612,see #1,see #1,see #1,see #1,10/15/26,10/15/26,10/16/26,see #1,10/19/26,10/28/26,11/03/26,none,11/05/26,11/06/26,,11/06/26
Onskid,TCE-S,1,4K011,08/20/26,10/02/26,10/27/26,10/09/26,10/16/26,10/16/26,10/17/26,10/27/26,10/20/26,10/29/26,11/04/26,none,11/06/26,11/09/26,,11/09/26
Onskid,WIL-APO,8,4N431,see #1,see #1,see #1,see #1,10/16/26,10/16/26,10/17/26,see #1,10/20/26,10/29/26,11/04/26,,11/06/26,11/09/26,,11/09/26
Onskid,PENDING-A,1,MABANK,08/21/26,10/05/26,10/28/26,10/12/26,10/19/26,10/19/26,10/20/26,10/28/26,10/21/26,10/30/26,11/05/26,#N/A,11/09/26,11/10/26,,11/10/26
Onskid,SOLAR-5,1,4N471,08/21/26,10/05/26,10/28/26,10/12/26,10/19/26,10/19/26,10/20/26,10/28/26,10/21/26,10/30/26,11/05/26,none,11/09/26,11/10/26,,11/10/26
Onskid,EGTS-LE,1,4L561,08/21/26,10/05/26,10/28/26,10/12/26,10/19/26,10/19/26,10/20/26,10/28/26,10/21/26,10/30/26,11/05/26,none,11/09/26,11/10/26,,11/10/26
Offskid,QE-CP8S,4,4M612,see #1,see #1,see #1,see #1,10/20/26,10/20/26,10/21/26,see #1,10/22/26,11/02/26,11/06/26,none,11/10/26,11/11/26,,11/11/26
Onskid,STKAE1,1,AED01,08/25/26,10/07/26,10/30/26,10/14/26,10/21/26,10/21/26,10/22/26,10/30/26,10/23/26,11/03/26,11/09/26,,11/11/26,11/12/26,,11/12/26
Onskid,WILGLL1,1,4P021,08/25/26,10/07/26,10/30/26,10/14/26,10/21/26,10/21/26,10/22/26,10/30/26,10/23/26,11/03/26,11/09/26,none,11/11/26,11/12/26,,11/12/26
Onskid,WWM-O,2,4N371,see #1,see #1,see #1,see #1,10/21/26,10/21/26,10/22/26,see #1,10/23/26,11/03/26,11/09/26,none,11/11/26,11/12/26,,11/12/26
Onskid,SOLAR-6,1,4N481,08/26/26,10/08/26,11/02/26,10/15/26,10/22/26,10/22/26,10/23/26,11/02/26,10/26/26,11/04/26,11/10/26,none,11/12/26,11/13/26,,11/13/26
Offskid,PENDING-A,1,MABANK,08/26/26,10/08/26,11/02/26,10/15/26,10/22/26,10/22/26,10/23/26,11/02/26,10/26/26,11/04/26,11/10/26,#N/A,11/12/26,11/13/26,,11/13/26
Onskid,ETP-OA,1,4P901,08/26/26,10/08/26,11/02/26,10/15/26,10/22/26,10/22/26,10/23/26,11/02/26,10/26/26,11/04/26,11/10/26,none,11/12/26,11/13/26,,11/13/26
Onskid,ETP-OA,2,4P901,see #1,see #1,see #1,see #1,10/23/26,10/23/26,10/24/26,see #1,10/27/26,11/05/26,11/11/26,none,11/13/26,11/16/26,,11/16/26
Onskid,STOCK2,6,ANG02,see #1,see #1,see #1,see #1,10/23/26,10/23/26,10/24/26,see #1,10/27/26,11/05/26,11/11/26,,11/13/26,11/16/26,,11/16/26
Offskid,PENDING-A,1,MABANK 4 BAY,08/27/26,10/09/26,11/03/26,10/16/26,10/23/26,10/23/26,10/24/26,11/03/26,10/27/26,11/05/26,11/11/26,none,11/13/26,11/16/26,,11/16/26
Offskid,FLOAT, ,FLOAT,see #1,see #1,see #1,see #1,10/26/26,10/26/26,10/27/26,see #1,10/28/26,11/06/26,11/12/26,,11/16/26,11/17/26,,11/17/26
Offskid,FLOAT, ,FLOAT,see #1,see #1,see #1,see #1,10/26/26,10/26/26,10/27/26,see #1,10/28/26,11/06/26,11/12/26,#N/A,11/16/26,11/17/26,,11/17/26
Onskid,WWM-RA3,1,4N161,08/31/26,10/13/26,11/05/26,10/20/26,10/27/26,10/27/26,10/28/26,11/05/26,10/29/26,11/09/26,11/13/26,none,11/17/26,11/18/26,,11/18/26
Onskid,BWP-HAR,1,4P391,08/31/26,10/13/26,11/05/26,10/20/26,10/27/26,10/27/26,10/28/26,11/05/26,10/29/26,11/09/26,11/13/26,none,11/17/26,11/18/26,,11/18/26
Onskid,ENB-T70,1,4P731,08/31/26,10/13/26,11/05/26,10/20/26,10/27/26,10/27/26,10/28/26,11/05/26,10/29/26,11/09/26,11/13/26,none,11/17/26,11/18/26,,11/18/26
Onskid,ENB-T70,2,4P731,see #1,see #1,see #1,see #1,10/28/26,10/28/26,10/29/26,see #1,10/30/26,11/10/26,11/16/26,none,11/18/26,11/19/26,,11/19/26
Onskid,STOCK2,7,ANG02,see #1,see #1,see #1,see #1,10/28/26,10/28/26,10/29/26,see #1,10/30/26,11/10/26,11/16/26,none,11/18/26,11/19/26,,11/19/26
Offskid,QE-CP4N,1,4M611,09/01/26,10/14/26,11/06/26,10/21/26,10/28/26,10/28/26,10/29/26,11/06/26,10/30/26,11/10/26,11/16/26,none,11/18/26,11/19/26,,11/19/26
NTB,QE-CP4N,2,4M611,see #1,see #1,see #1,see #1,10/29/26,10/29/26,10/30/26,see #1,11/02/26,11/11/26,11/17/26,none,11/19/26,11/20/26,,11/20/26
Offskid,WWM-F-SC,1,4N157CS,09/02/26,10/15/26,11/09/26,10/22/26,10/29/26,10/29/26,10/30/26,11/09/26,11/02/26,11/11/26,11/17/26,none,11/19/26,11/20/26,,11/20/26
Offskid,PENDING-A,1,MABANK 4 BAY,09/03/26,10/16/26,11/10/26,10/23/26,10/30/26,10/30/26,10/31/26,11/10/26,11/03/26,11/12/26,11/18/26,,11/20/26,11/23/26,,11/23/26
Offskid,FLOAT, ,FLOAT,see #1,see #1,see #1,see #1,10/30/26,10/30/26,10/31/26,see #1,11/03/26,11/12/26,11/18/26,,11/20/26,11/23/26,,11/23/26
Offskid,FLOAT, ,FLOAT,see #1,see #1,see #1,see #1,10/30/26,10/30/26,10/31/26,see #1,11/03/26,11/12/26,11/18/26,,11/20/26,11/23/26,,11/23/26
NTB,TRID-T,1,4P671,09/04/26,10/19/26,11/11/26,10/26/26,11/02/26,11/02/26,11/03/26,11/11/26,11/04/26,11/13/26,11/19/26,none,11/23/26,11/24/26,,11/24/26
Offskid,PENDING-A,1,MABANK,09/04/26,10/19/26,11/11/26,10/26/26,11/02/26,11/02/26,11/03/26,11/11/26,11/04/26,11/13/26,11/19/26,#N/A,11/23/26,11/24/26,,11/24/26
Onskid,S60-101,1,4R181,09/04/26,10/19/26,11/11/26,10/26/26,11/02/26,11/02/26,11/03/26,11/11/26,11/04/26,11/13/26,11/19/26,none,11/23/26,11/24/26,,11/24/26
Onskid,PER-M60,2,4P041,see #1,see #1,see #1,see #1,11/03/26,11/03/26,11/04/26,see #1,11/05/26,11/16/26,11/20/26,none,11/24/26,11/25/26,,11/25/26
Onskid,PER-M60,2,4P041,see #1,see #1,see #1,see #1,11/03/26,11/03/26,11/04/26,see #1,11/05/26,11/16/26,11/20/26,none,11/24/26,11/25/26,,11/25/26
Onskid,S60-102,1,4R191,09/08/26,10/20/26,11/12/26,10/27/26,11/03/26,11/03/26,11/04/26,11/12/26,11/05/26,11/16/26,11/20/26,none,11/24/26,11/25/26,,11/25/26
Onskid,ENB-D,1,4K891,09/09/26,10/21/26,11/13/26,10/28/26,11/04/26,11/04/26,11/05/26,11/13/26,11/06/26,11/17/26,11/23/26,none,11/25/26,11/30/26,,11/30/26
New,PENDING-A,1,MABANK,09/09/26,10/21/26,11/13/26,10/28/26,11/04/26,11/04/26,11/05/26,11/13/26,11/06/26,11/17/26,11/23/26,#N/A,11/25/26,11/30/26,,11/30/26
Onskid,STOCK,14,ANG01,see #1,see #1,see #1,see #1,11/04/26,11/04/26,11/05/26,see #1,11/06/26,11/17/26,11/23/26,none,11/25/26,11/30/26,,11/30/26
NTB,TRID-60,1,4P981,09/10/26,10/22/26,11/16/26,10/29/26,11/05/26,11/05/26,11/06/26,11/16/26,11/09/26,11/18/26,11/24/26,none,11/30/26,12/01/26,,12/01/26
Offskid,QE-CP4N,2,4M611,see #1,see #1,see #1,see #1,11/05/26,11/05/26,11/06/26,see #1,11/09/26,11/18/26,11/24/26,none,11/30/26,12/01/26,,12/01/26
Onskid,STOCK2,8,ANG02,see #1,see #1,see #1,see #1,11/05/26,11/05/26,11/06/26,see #1,11/09/26,11/18/26,11/24/26,none,11/30/26,12/01/26,,12/01/26
Onskid,ENB-D,2,4K891,see #1,see #1,see #1,see #1,11/06/26,11/06/26,11/07/26,see #1,11/10/26,11/19/26,11/25/26,none,12/01/26,12/02/26,,12/02/26
Onskid,LOST,1,MABANK,09/11/26,10/23/26,11/17/26,10/30/26,11/06/26,11/06/26,11/07/26,11/17/26,11/10/26,11/19/26,11/25/26,#N/A,12/01/26,12/02/26,,12/02/26
Onskid,CVX-DC,5,4P481,see #1,see #1,see #1,see #1,11/06/26,11/06/26,11/07/26,see #1,11/10/26,11/19/26,11/25/26,none,12/01/26,12/02/26,,12/02/26
Onskid,BWP-SOR,1,4N221,09/14/26,10/26/26,11/18/26,11/02/26,11/09/26,11/09/26,11/10/26,11/18/26,11/11/26,11/20/26,11/30/26,none,12/02/26,12/03/26,,12/03/26
Offskid,NORTH OIL-B,1,J2180CC,09/14/26,10/26/26,11/18/26,11/02/26,11/09/26,11/09/26,11/10/26,11/18/26,11/11/26,11/20/26,11/30/26,none,12/02/26,12/03/26,,12/03/26
Offskid,NORTH OIL-B,2,J2180CC,see #1,see #1,see #1,see #1,11/09/26,11/09/26,11/10/26,see #1,11/11/26,11/20/26,11/30/26,none,12/02/26,12/03/26,,12/03/26
Offskid,NORTH OIL-B,3,J2180CC,see #1,see #1,see #1,see #1,11/10/26,11/10/26,11/11/26,see #1,11/12/26,11/23/26,12/01/26,none,12/03/26,12/04/26,,12/04/26
Offskid,NORTH OIL-B,4,J2180CC,see #1,see #1,see #1,see #1,11/10/26,11/10/26,11/11/26,see #1,11/12/26,11/23/26,12/01/26,none,12/03/26,12/04/26,,12/04/26
Offskid,WISON-S,1,4P531,09/15/26,10/27/26,11/19/26,11/03/26,11/10/26,11/10/26,11/11/26,11/19/26,11/12/26,11/23/26,12/01/26,none,12/03/26,12/04/26,,12/04/26
Offskid,FLOAT, ,FLOAT,see #1,see #1,see #1,see #1,11/11/26,11/11/26,11/12/26,see #1,11/13/26,11/24/26,12/02/26,#N/A,12/04/26,12/07/26,,12/07/26
Onskid,REDSUN1,1,4T381,09/16/26,10/28/26,11/20/26,11/04/26,11/11/26,11/11/26,11/12/26,11/20/26,11/13/26,11/24/26,12/02/26,#N/A,12/04/26,12/07/26,,12/07/26
Onskid,STOCK,15,ANG01,see #1,see #1,see #1,see #1,11/11/26,11/11/26,11/12/26,see #1,11/13/26,11/24/26,12/02/26,none,12/04/26,12/07/26,,12/07/26
NTB,QE-CP4N,3,4M611,see #1,see #1,see #1,see #1,11/12/26,11/12/26,11/13/26,see #1,11/16/26,11/25/26,12/03/26,none,12/07/26,12/08/26,,12/08/26
Onskid,S60-103,1,4R201,09/17/26,10/29/26,11/23/26,11/05/26,11/12/26,11/12/26,11/13/26,11/23/26,11/16/26,11/25/26,12/03/26,none,12/07/26,12/08/26,,12/08/26
Onskid,REDSUN1,1,4T381,09/17/26,10/29/26,11/23/26,11/05/26,11/12/26,11/12/26,11/13/26,11/23/26,11/16/26,11/25/26,12/03/26,#N/A,12/07/26,12/08/26,,12/08/26
NTB,WISON-S,2,4P531,see #1,see #1,see #1,see #1,11/13/26,11/13/26,11/14/26,see #1,11/17/26,11/30/26,12/04/26,none,12/08/26,12/09/26,,12/09/26
Onskid,SOLAR-7,1,4N491,09/18/26,10/30/26,11/24/26,11/06/26,11/13/26,11/13/26,11/14/26,11/24/26,11/17/26,11/30/26,12/04/26,none,12/08/26,12/09/26,,12/09/26
Onskid,STOCK2,9,ANG02,see #1,see #1,see #1,see #1,11/13/26,11/13/26,11/14/26,see #1,11/17/26,11/30/26,12/04/26,none,12/08/26,12/09/26,,12/09/26
NTB,PTT-CO2,1,4P661,09/21/26,11/02/26,11/25/26,11/09/26,11/16/26,11/16/26,11/17/26,11/25/26,11/18/26,12/01/26,12/07/26,none,12/09/26,12/10/26,,12/10/26
Onskid,LONGT60,1,4J232,09/21/26,11/02/26,11/25/26,11/09/26,11/16/26,11/16/26,11/17/26,11/25/26,11/18/26,12/01/26,12/07/26,none,12/09/26,12/10/26,,12/10/26
NTB,CCU-GS,2,4P541,see #1,see #1,see #1,see #1,11/16/26,11/16/26,11/17/26,see #1,11/18/26,12/01/26,12/07/26,none,12/09/26,12/10/26,,12/10/26
Onskid,LOST,1,MABANK,09/22/26,11/03/26,11/30/26,11/10/26,11/17/26,11/17/26,11/18/26,11/30/26,11/19/26,12/02/26,12/08/26,#N/A,12/10/26,12/11/26,,12/11/26
Onskid,S60-104,1,4R211,09/22/26,11/03/26,11/30/26,11/10/26,11/17/26,11/17/26,11/18/26,11/30/26,11/19/26,12/02/26,12/08/26,none,12/10/26,12/11/26,,12/11/26
Offskid,TRID-T,1,4P671,09/23/26,11/04/26,12/01/26,11/11/26,11/18/26,11/18/26,11/19/26,12/01/26,11/20/26,12/03/26,12/09/26,none,12/11/26,12/14/26,,12/14/26
Offskid,TRID-60,1,4P981,09/23/26,11/04/26,12/01/26,11/11/26,11/18/26,11/18/26,11/19/26,12/01/26,11/20/26,12/03/26,12/09/26,none,12/11/26,12/14/26,,12/14/26
Onskid,SOLAR -8,1,4N501,09/25/26,11/06/26,12/03/26,11/13/26,11/20/26,11/20/26,11/21/26,12/03/26,11/24/26,12/07/26,12/11/26,none,12/15/26,12/16/26,,12/16/26
Onskid,WIL2001,1,4P861,09/25/26,11/06/26,12/03/26,11/13/26,11/20/26,11/20/26,11/21/26,12/03/26,11/24/26,12/07/26,12/11/26,none,12/15/26,12/16/26,,12/16/26
Onskid,PGMSK33,1,4L001,09/28/26,11/09/26,12/04/26,11/16/26,11/23/26,11/23/26,11/24/26,12/04/26,11/25/26,12/08/26,12/14/26,#N/A,12/16/26,12/17/26,,12/17/26
New,,, ,09/28/26,11/09/26,12/04/26,11/16/26,11/23/26,11/23/26,11/24/26,12/04/26,11/25/26,12/08/26,12/14/26,,12/16/26,12/17/26,,12/17/26
Offskid,CCU-GS,1,4P541,09/28/26,11/09/26,12/04/26,11/16/26,11/23/26,11/23/26,11/24/26,12/04/26,11/25/26,12/08/26,12/14/26,none,12/16/26,12/17/26,,12/17/26
Offskid,CCU-GS,2,4P541,see #1,see #1,see #1,see #1,11/24/26,11/24/26,11/25/26,see #1,11/30/26,12/09/26,12/15/26,none,12/17/26,12/18/26,,12/18/26
New,PENDING-A,1,MABANK,09/29/26,11/10/26,12/07/26,11/17/26,11/24/26,11/24/26,11/25/26,12/07/26,11/30/26,12/09/26,12/15/26,#N/A,12/17/26,12/18/26,,12/18/26
Onskid,DTE-TAG,1,4P931,09/29/26,11/10/26,12/07/26,11/17/26,11/24/26,11/24/26,11/25/26,12/07/26,11/30/26,12/09/26,12/15/26,none,12/17/26,12/18/26,,12/18/26
Onskid,CVX-DC,6,4P481,see #1,see #1,see #1,see #1,11/25/26,11/25/26,11/26/26,see #1,12/01/26,12/10/26,12/16/26,none,12/18/26,12/21/26,,12/21/26
NTB,QE-CP4N,4,4M611,see #1,see #1,see #1,see #1,11/25/26,11/25/26,11/26/26,see #1,12/01/26,12/10/26,12/16/26,none,12/18/26,12/21/26,,12/21/26
Offskid,LOST,1,MABANK,09/30/26,11/11/26,12/08/26,11/18/26,11/25/26,11/25/26,11/26/26,12/08/26,12/01/26,12/10/26,12/16/26,#N/A,12/18/26,12/21/26,,12/21/26
Onskid,CVX-DC,7,4P481,see #1,see #1,see #1,see #1,11/30/26,11/30/26,12/01/26,see #1,12/02/26,12/11/26,12/17/26,none,12/21/26,12/22/26,,12/22/26
Offskid,PTT-CO2,1,4P661,10/01/26,11/12/26,12/09/26,11/19/26,11/30/26,11/30/26,12/01/26,12/09/26,12/02/26,12/11/26,12/17/26,none,12/21/26,12/22/26,,12/22/26
Offskid,FLOAT, ,FLOAT,see #1,see #1,see #1,see #1,11/30/26,11/30/26,12/01/26,see #1,12/02/26,12/11/26,12/17/26,#N/A,12/21/26,12/22/26,,12/22/26
Offskid,LOST,1,MABANK,10/02/26,11/13/26,12/10/26,11/20/26,12/01/26,12/01/26,12/02/26,12/10/26,12/03/26,12/14/26,12/18/26,#N/A,12/22/26,12/23/26,,12/23/26
Offskid,QE-CP4N,3,4M611,see #1,see #1,see #1,see #1,12/01/26,12/01/26,12/02/26,see #1,12/03/26,12/14/26,12/18/26,none,12/22/26,12/23/26,,12/23/26
Onskid,STKAE1,2,AED01,see #1,see #1,see #1,see #1,12/02/26,12/02/26,12/03/26,see #1,12/04/26,12/15/26,12/21/26,,12/23/26,01/04/27,,01/04/27
Offskid,WISON-S,2,4P531,see #1,see #1,see #1,see #1,12/04/26,12/04/26,12/05/26,see #1,12/08/26,12/17/26,12/23/26,none,01/05/27,01/06/27,,01/06/27
Offskid,FLOAT,,FLOAT,10/07/26,11/18/26,12/15/26,11/25/26,12/04/26,12/04/26,12/05/26,12/15/26,12/08/26,12/17/26,12/23/26,#N/A,01/05/27,01/06/27,,01/06/27
Onskid,BWP-JAS,1,4N201,10/08/26,11/19/26,12/16/26,11/30/26,12/07/26,12/07/26,12/08/26,12/16/26,12/09/26,12/18/26,01/04/27,none,01/06/27,01/07/27,,01/07/27
Offskid,WISON-S,3,4P531,see #1,see #1,see #1,see #1,12/08/26,12/08/26,12/09/26,see #1,12/10/26,12/21/26,01/05/27,none,01/07/27,01/08/27,,01/08/27
Offskid,FLOAT,,FLOAT,10/09/26,11/20/26,12/17/26,12/01/26,12/08/26,12/08/26,12/09/26,12/17/26,12/10/26,12/21/26,01/05/27,#N/A,01/07/27,01/08/27,,01/08/27
Offskid,CCU-GS STATION,1,4P548CS,10/12/26,11/23/26,12/18/26,12/02/26,12/09/26,12/09/26,12/10/26,12/18/26,12/11/26,12/22/26,01/06/27,none,01/08/27,01/11/27,,01/11/27
Onskid,DTE-TAG,2,4P931,see #1,see #1,see #1,see #1,12/09/26,12/09/26,12/10/26,see #1,12/11/26,12/22/26,01/06/27,none,01/08/27,01/11/27,,01/11/27
NTB,WISON-S,3,4P531,see #1,see #1,see #1,see #1,12/11/26,12/11/26,12/12/26,see #1,12/15/26,01/04/27,01/08/27,none,01/12/27,01/13/27,,01/13/27
Onskid,DTE-TAG,3,4P931,see #1,see #1,see #1,see #1,12/14/26,12/14/26,12/15/26,see #1,12/16/26,01/05/27,01/11/27,none,01/13/27,01/14/27,,01/14/27
Offskid,QE-CP4N,4,4M611,see #1,see #1,see #1,see #1,12/14/26,12/14/26,12/15/26,see #1,12/16/26,01/05/27,01/11/27,none,01/13/27,01/14/27,,01/14/27
Onskid,DTE-TAG,4,4P931,see #1,see #1,see #1,see #1,12/17/26,12/17/26,12/18/26,see #1,12/21/26,01/08/27,01/14/27,none,01/19/27,01/20/27,,01/20/27
Onskid,CVX-DC,8,4P481,see #1,see #1,see #1,see #1,12/18/26,12/18/26,12/19/26,see #1,12/22/26,01/11/27,01/15/27,none,01/20/27,01/21/27,,01/21/27
Onskid,EQM-H,1,4R051,10/23/26,12/08/26,01/11/27,12/15/26,12/22/26,12/22/26,12/23/26,01/11/27,01/04/27,01/13/27,01/20/27,,01/22/27,01/25/27,,01/25/27
Onskid,EQM-H,2,4R051,see #1,see #1,see #1,see #1,12/22/26,12/22/26,12/23/26,see #1,01/04/27,01/13/27,01/20/27,,01/22/27,01/25/27,,01/25/27
Onskid,STKAE1,3,AED01,see #1,see #1,see #1,see #1,01/04/27,01/04/27,01/05/27,see #1,01/06/27,01/15/27,01/22/27,,01/26/27,01/27/27,,01/27/27
Onskid,WILSTY2,1,4N461,10/28/26,12/11/26,01/14/27,12/18/26,01/05/27,01/05/27,01/06/27,01/14/27,01/07/27,01/19/27,01/25/27,#N/A,01/27/27,01/28/27,,01/28/27
Onskid,ENSTR-M,1,4N831,10/29/26,12/14/26,01/15/27,12/21/26,01/06/27,01/06/27,01/07/27,01/15/27,01/08/27,01/20/27,01/26/27,none,01/28/27,01/29/27,,01/29/27
Onskid,CVX-DC,9,4P481,see #1,see #1,see #1,see #1,01/07/27,01/07/27,01/08/27,see #1,01/11/27,01/21/27,01/27/27,none,01/29/27,02/01/27,,02/01/27
Onskid,STOCK2,10,ANG02,see #1,see #1,see #1,see #1,01/07/27,01/07/27,01/08/27,see #1,01/11/27,01/21/27,01/27/27,none,01/29/27,02/01/27,,02/01/27
Onskid,ENB-D,3,4K891,see #1,see #1,see #1,see #1,01/08/27,01/08/27,01/09/27,see #1,01/12/27,01/22/27,01/28/27,none,02/01/27,02/02/27,,02/02/27
Onskid,BWP-FOR,1,4N211,11/03/26,12/17/26,01/21/27,01/04/27,01/11/27,01/11/27,01/12/27,01/21/27,01/13/27,01/25/27,01/29/27,none,02/02/27,02/03/27,,02/03/27
Onskid,STOCK2,11,ANG02,see #1,see #1,see #1,see #1,01/12/27,01/12/27,01/13/27,see #1,01/14/27,01/26/27,02/01/27,none,02/03/27,02/04/27,,02/04/27
Onskid,ENB-ATH,1,4K871,11/05/26,12/21/26,01/25/27,01/06/27,01/13/27,01/13/27,01/14/27,01/25/27,01/15/27,01/27/27,02/02/27,none,02/04/27,02/05/27,,02/05/27
Onskid,WILSTY2,2,4N461,see #1,see #1,see #1,see #1,01/14/27,01/14/27,01/15/27,see #1,01/19/27,01/28/27,02/03/27,#N/A,02/05/27,02/08/27,,02/08/27
Onskid,EQM-H,3,4R051,see #1,see #1,see #1,see #1,01/14/27,01/14/27,01/15/27,see #1,01/19/27,01/28/27,02/03/27,,02/05/27,02/08/27,,02/08/27
Onskid,STOCK2,12,ANG02,see #1,see #1,see #1,see #1,01/15/27,01/15/27,01/16/27,see #1,01/20/27,01/29/27,02/04/27,none,02/08/27,02/09/27,,02/09/27
Onskid,ENB-ATH,2,4K871,see #1,see #1,see #1,see #1,01/19/27,01/19/27,01/20/27,see #1,01/21/27,02/01/27,02/05/27,none,02/09/27,02/10/27,,02/10/27
Onskid,CVX-DC,10,4P481,see #1,see #1,see #1,see #1,01/19/27,01/19/27,01/20/27,see #1,01/21/27,02/01/27,02/05/27,none,02/09/27,02/10/27,,02/10/27
Onskid,EQM-H,4,4R051,see #1,see #1,see #1,see #1,01/20/27,01/20/27,01/21/27,see #1,01/22/27,02/02/27,02/08/27,,02/10/27,02/11/27,,02/11/27
Onskid,STOCK2,13,ANG02,see #1,see #1,see #1,see #1,01/21/27,01/21/27,01/22/27,see #1,01/25/27,02/03/27,02/09/27,none,02/11/27,02/12/27,,02/12/27
Onskid,WILSTY2,3,4N461,see #1,see #1,see #1,see #1,01/25/27,01/25/27,01/26/27,see #1,01/27/27,02/05/27,02/11/27,#N/A,02/15/27,02/16/27,,02/16/27
Onskid,STKAE1,4,AED01,see #1,see #1,see #1,see #1,01/27/27,01/27/27,01/28/27,see #1,01/29/27,02/09/27,02/15/27,,02/17/27,02/18/27,,02/18/27
Onskid,CVX-DC,11,4P481,see #1,see #1,see #1,see #1,01/28/27,01/28/27,01/29/27,see #1,02/01/27,02/10/27,02/16/27,none,02/18/27,02/19/27,,02/19/27
NTB,BBS-BE2,3,4P011,see #1,see #1,see #1,see #1,01/29/27,01/29/27,01/30/27,see #1,02/02/27,02/11/27,02/17/27,none,02/19/27,02/22/27,,02/22/27
NTB,GUPCO-C,1,4K481,11/23/26,01/15/27,02/10/27,01/25/27,02/01/27,02/01/27,02/02/27,02/10/27,02/03/27,02/12/27,02/18/27,none,02/22/27,02/23/27,,02/23/27
Onskid,WILSTY2,4,4N461,see #1,see #1,see #1,see #1,02/01/27,02/01/27,02/02/27,see #1,02/03/27,02/12/27,02/18/27,#N/A,02/22/27,02/23/27,,02/23/27
Onskid,WILSTY2,5,4N461,see #1,see #1,see #1,see #1,02/04/27,02/04/27,02/05/27,see #1,02/08/27,02/17/27,02/23/27,#N/A,02/25/27,02/26/27,,02/26/27
Onskid,STKAE1,5,AED01,see #1,see #1,see #1,see #1,02/05/27,02/05/27,02/06/27,see #1,02/09/27,02/18/27,02/24/27,,02/26/27,03/01/27,,03/01/27
Onskid,CSW-350,1,4G412,12/02/26,01/25/27,02/17/27,02/01/27,02/08/27,02/08/27,02/09/27,02/17/27,02/10/27,02/19/27,02/25/27,none,03/01/27,03/02/27,,03/02/27
Onskid,WILSTY2,6,4N461,see #1,see #1,see #1,see #1,02/09/27,02/09/27,02/10/27,see #1,02/11/27,02/22/27,02/26/27,#N/A,03/02/27,03/03/27,,03/03/27
Offskid,GUPCO-C,1,4K481,12/07/26,01/28/27,02/22/27,02/04/27,02/11/27,02/11/27,02/12/27,02/22/27,02/15/27,02/24/27,03/02/27,none,03/04/27,03/05/27,,03/05/27
Onskid,WILSTY2,7,4N461,see #1,see #1,see #1,see #1,02/11/27,02/11/27,02/12/27,see #1,02/15/27,02/24/27,03/02/27,#N/A,03/04/27,03/05/27,,03/05/27
Onskid,TAG-I,1,4H801,12/08/26,01/29/27,02/23/27,02/05/27,02/12/27,02/12/27,02/13/27,02/23/27,02/16/27,02/25/27,03/03/27,#N/A,03/05/27,03/08/27,,03/08/27
Onskid,GCDN-C,1,4N101,12/08/26,01/29/27,02/23/27,02/05/27,02/12/27,02/12/27,02/13/27,02/23/27,02/16/27,02/25/27,03/03/27,#N/A,03/05/27,03/08/27,,03/08/27
Offskid,BBS-BE2,3,4P011,see #1,see #1,see #1,see #1,02/12/27,02/12/27,02/13/27,see #1,02/16/27,02/25/27,03/03/27,none,03/05/27,03/08/27,,03/08/27
Onskid,WILSTY2,8,4N461,see #1,see #1,see #1,see #1,02/17/27,02/17/27,02/18/27,see #1,02/19/27,03/02/27,03/08/27,#N/A,03/10/27,03/11/27,,03/11/27
Onskid,CVX-DC,12,4P481,see #1,see #1,see #1,see #1,02/17/27,02/17/27,02/18/27,see #1,02/19/27,03/02/27,03/08/27,none,03/10/27,03/11/27,,03/11/27
Onskid,TAG-I,2,4H801,see #1,see #1,see #1,see #1,02/18/27,02/18/27,02/19/27,see #1,02/22/27,03/03/27,03/09/27,#N/A,03/11/27,03/12/27,,03/12/27
Onskid,WILSTY2,9,4N461,see #1,see #1,see #1,see #1,02/22/27,02/22/27,02/23/27,see #1,02/24/27,03/05/27,03/11/27,#N/A,03/15/27,03/16/27,,03/16/27
Onskid,WILSTY2,10,4N461,see #1,see #1,see #1,see #1,02/25/27,02/25/27,02/26/27,see #1,03/01/27,03/10/27,03/16/27,#N/A,03/18/27,03/19/27,,03/19/27
Onskid,CSW-350,2,4G412,see #1,see #1,see #1,see #1,02/26/27,02/26/27,02/27/27,see #1,03/02/27,03/11/27,03/17/27,none,03/19/27,03/22/27,,03/22/27
Onskid,TAG-I,3,4H801,see #1,see #1,see #1,see #1,02/26/27,02/26/27,02/27/27,see #1,03/02/27,03/11/27,03/17/27,#N/A,03/19/27,03/22/27,,03/22/27
NTB,BBS-KA2,3,4P014,see #1,see #1,see #1,see #1,02/26/27,02/26/27,02/27/27,see #1,03/02/27,03/11/27,03/17/27,none,03/19/27,03/22/27,,03/22/27
Offskid,PENDING-N,1,4P937CS,12/23/26,02/15/27,03/10/27,02/22/27,03/01/27,03/01/27,03/02/27,03/10/27,03/03/27,03/12/27,03/18/27,#N/A,03/22/27,03/23/27,,03/23/27
Offskid,SOTHERN MINNESOTA,1,4M658CS,12/23/26,02/15/27,03/10/27,02/22/27,03/01/27,03/01/27,03/02/27,03/10/27,03/03/27,03/12/27,03/18/27,none,03/22/27,03/23/27,,03/23/27
Offskid,PENDING-N,1,4R237CS,01/04/27,02/16/27,03/11/27,02/23/27,03/02/27,03/02/27,03/03/27,03/11/27,03/04/27,03/15/27,03/19/27,#N/A,03/23/27,03/24/27,,03/24/27
Onskid,WILSTY2,11,4N461,see #1,see #1,see #1,see #1,03/05/27,03/05/27,03/06/27,see #1,03/09/27,03/18/27,03/24/27,#N/A,03/26/27,03/29/27,,03/29/27
Offskid,QE-CP4NSC STATION,1,4M618CS,01/11/27,02/23/27,03/18/27,03/02/27,03/09/27,03/09/27,03/10/27,03/18/27,03/11/27,03/22/27,03/26/27,none,03/30/27,03/31/27,,03/31/27
Offskid,QE-CP4NSC STATION,2,4M618CS,see #1,see #1,see #1,see #1,03/10/27,03/10/27,03/11/27,see #1,03/12/27,03/23/27,03/29/27,none,03/31/27,04/01/27,,04/01/27
Onskid,WILSTY2,12,4N461,see #1,see #1,see #1,see #1,03/10/27,03/10/27,03/11/27,see #1,03/12/27,03/23/27,03/29/27,#N/A,03/31/27,04/01/27,,04/01/27
Onskid,GCDN-C,2,4N101,see #1,see #1,see #1,see #1,03/11/27,03/11/27,03/12/27,see #1,03/15/27,03/24/27,03/30/27,#N/A,04/01/27,04/02/27,,04/02/27
Onskid,WWM-U,1,4N361,01/13/27,02/25/27,03/22/27,03/04/27,03/11/27,03/11/27,03/12/27,03/22/27,03/15/27,03/24/27,03/30/27,none,04/01/27,04/02/27,,04/02/27
Onskid,WWM-U,2,4N361,see #1,see #1,see #1,see #1,03/12/27,03/12/27,03/13/27,see #1,03/16/27,03/25/27,03/31/27,none,04/02/27,04/05/27,,04/05/27
Offskid,BBS-KA2,3,4P014,see #1,see #1,see #1,see #1,03/12/27,03/12/27,03/13/27,see #1,03/16/27,03/25/27,03/31/27,none,04/02/27,04/05/27,,04/05/27
Onskid,WILSTY2,13,4N461,see #1,see #1,see #1,see #1,03/15/27,03/15/27,03/16/27,see #1,03/17/27,03/26/27,04/01/27,#N/A,04/05/27,04/06/27,,04/06/27
NTB,BBS-BO2,3,4P013,see #1,see #1,see #1,see #1,03/17/27,03/17/27,03/18/27,see #1,03/19/27,03/30/27,04/05/27,none,04/07/27,04/08/27,,04/08/27
Onskid,WILSTY2,14,4N461,see #1,see #1,see #1,see #1,03/18/27,03/18/27,03/19/27,see #1,03/22/27,03/31/27,04/06/27,#N/A,04/08/27,04/09/27,,04/09/27
Onskid,WILSTY2,15,4N461,see #1,see #1,see #1,see #1,03/23/27,03/23/27,03/24/27,see #1,03/25/27,04/05/27,04/09/27,#N/A,04/13/27,04/14/27,,04/14/27
Onskid,APA-PG,1,4P551,01/27/27,03/10/27,04/02/27,03/17/27,03/24/27,03/24/27,03/25/27,04/02/27,03/26/27,04/06/27,04/12/27,none,04/14/27,04/15/27,,04/15/27
NTB,BBS-B2,3,4P012,see #1,see #1,see #1,see #1,03/26/27,03/26/27,03/27/27,see #1,03/30/27,04/08/27,04/14/27,none,04/16/27,04/19/27,,04/19/27
Onskid,STKAE1,6,AED01,see #1,see #1,see #1,see #1,03/26/27,03/26/27,03/27/27,see #1,03/30/27,04/08/27,04/14/27,,04/16/27,04/19/27,,04/19/27
Onskid,CSW-350,3,4G412,see #1,see #1,see #1,see #1,03/29/27,03/29/27,03/30/27,see #1,03/31/27,04/09/27,04/15/27,none,04/19/27,04/20/27,,04/20/27
Offskid,BBS-BO2,3,4P013,see #1,see #1,see #1,see #1,03/30/27,03/30/27,03/31/27,see #1,04/01/27,04/12/27,04/16/27,none,04/20/27,04/21/27,,04/21/27
Onskid,WILSTY2,16,4N461,see #1,see #1,see #1,see #1,03/31/27,03/31/27,04/01/27,see #1,04/02/27,04/13/27,04/19/27,#N/A,04/21/27,04/22/27,,04/22/27
Onskid,STKAE1,7,AED01,see #1,see #1,see #1,see #1,04/01/27,04/01/27,04/02/27,see #1,04/05/27,04/14/27,04/20/27,,04/22/27,04/23/27,,04/23/27
Offskid,PENDING-N,1,4R147CS,02/04/27,03/18/27,04/12/27,03/25/27,04/01/27,04/01/27,04/02/27,04/12/27,04/05/27,04/14/27,04/20/27,#N/A,04/22/27,04/23/27,,04/23/27
Onskid,CVX-J,1,4H631,02/08/27,03/22/27,04/14/27,03/29/27,04/05/27,04/05/27,04/06/27,04/14/27,04/07/27,04/16/27,04/22/27,,04/26/27,04/27/27,,04/27/27
Onskid,WILRSP4,1,4M551,02/12/27,03/26/27,04/20/27,04/02/27,04/09/27,04/09/27,04/10/27,04/20/27,04/13/27,04/22/27,04/28/27,#N/A,04/30/27,05/03/27,,05/03/27
Offskid,BBS-B2,3,4P012,see #1,see #1,see #1,see #1,04/09/27,04/09/27,04/10/27,see #1,04/13/27,04/22/27,04/28/27,none,04/30/27,05/03/27,,05/03/27
Onskid,WILRSP4,1,4M551,02/15/27,03/29/27,04/21/27,04/05/27,04/12/27,04/12/27,04/13/27,04/21/27,04/14/27,04/23/27,04/29/27,#N/A,05/03/27,05/04/27,,05/04/27
Onskid,STKAE1,8,AED01,see #1,see #1,see #1,see #1,04/21/27,04/21/27,04/22/27,see #1,04/23/27,05/04/27,05/10/27,,05/12/27,05/13/27,,05/13/27
Offskid,QE-CP4S,1,4R261,03/04/27,04/15/27,05/10/27,04/22/27,04/29/27,04/29/27,04/30/27,05/10/27,05/03/27,05/12/27,05/18/27,none,05/20/27,05/21/27,,05/21/27
Offskid,QE-CP4S,2,4R261,see #1,see #1,see #1,see #1,04/29/27,04/29/27,04/30/27,see #1,05/03/27,05/12/27,05/18/27,none,05/20/27,05/21/27,,05/21/27
Onskid,CSW-350,4,4G412,see #1,see #1,see #1,see #1,05/06/27,05/06/27,05/07/27,see #1,05/10/27,05/19/27,05/25/27,none,05/27/27,05/28/27,,05/28/27
Offskid,QE-CP4S,3,4R261,see #1,see #1,see #1,see #1,05/07/27,05/07/27,05/08/27,see #1,05/11/27,05/20/27,05/26/27,none,05/28/27,06/01/27,,06/01/27
Offskid,QE-CP4S,4,4R261,see #1,see #1,see #1,see #1,05/10/27,05/10/27,05/11/27,see #1,05/12/27,05/21/27,05/27/27,none,06/01/27,06/02/27,,06/02/27
Onskid,APA-PG,2,4P551,see #1,see #1,see #1,see #1,05/14/27,05/14/27,05/15/27,see #1,05/18/27,05/27/27,06/03/27,none,06/07/27,06/08/27,,06/08/27
Onskid,STOCK,16,ANG01,see #1,see #1,see #1,see #1,05/19/27,05/19/27,05/20/27,see #1,05/21/27,06/02/27,06/08/27,none,06/10/27,06/11/27,,06/11/27
Onskid,STOCK,17,ANG01,see #1,see #1,see #1,see #1,05/24/27,05/24/27,05/25/27,see #1,05/26/27,06/07/27,06/11/27,none,06/15/27,06/16/27,,06/16/27
Onskid,APA-PG,3,4P551,see #1,see #1,see #1,see #1,06/01/27,06/01/27,06/02/27,see #1,06/03/27,06/14/27,06/18/27,none,06/22/27,06/23/27,,06/23/27
Offskid,PENDING-N,1,4R027CS,04/05/27,05/17/27,06/10/27,05/24/27,06/01/27,06/01/27,06/02/27,06/10/27,06/03/27,06/14/27,06/18/27,#N/A,06/22/27,06/23/27,,06/23/27
Offskid,PENDING-N,1,4R037CS,04/05/27,05/17/27,06/10/27,05/24/27,06/01/27,06/01/27,06/02/27,06/10/27,06/03/27,06/14/27,06/18/27,#N/A,06/22/27,06/23/27,,06/23/27
Onskid,APA-PG,4,4P551,see #1,see #1,see #1,see #1,06/02/27,06/02/27,06/03/27,see #1,06/04/27,06/15/27,06/21/27,none,06/23/27,06/24/27,,06/24/27
Onskid,CVX-J,1,4H631,04/21/27,06/03/27,06/28/27,06/10/27,06/17/27,06/17/27,06/18/27,06/28/27,06/21/27,06/30/27,07/07/27,none,07/09/27,07/12/27,,07/12/27
Offskid,PENDING-N,1,4N787CS,05/04/27,06/16/27,07/12/27,06/23/27,06/30/27,06/30/27,07/01/27,07/12/27,07/02/27,07/14/27,07/20/27,#N/A,07/22/27,07/23/27,,07/23/27
Onskid,APA-PG,5,4P551,see #1,see #1,see #1,see #1,07/15/27,07/15/27,07/16/27,see #1,07/19/27,07/28/27,08/03/27,none,08/05/27,08/06/27,,08/06/27
Offskid,PENDING-N,1,4N777CS,06/04/27,07/19/27,08/11/27,07/26/27,08/02/27,08/02/27,08/03/27,08/11/27,08/04/27,08/13/27,08/19/27,#N/A,08/23/27,08/24/27,,08/24/27
Onskid,APA-PG,6,4P551,see #1,see #1,see #1,see #1,08/04/27,08/04/27,08/05/27,see #1,08/06/27,08/17/27,08/23/27,none,08/25/27,08/26/27,,08/26/27
Onskid,LSH70-2,1,4H261,06/09/27,07/22/27,08/16/27,07/29/27,08/05/27,08/05/27,08/06/27,08/16/27,08/09/27,08/18/27,08/24/27,none,08/26/27,08/27/27,,08/27/27
Onskid,LONG130,1,4J231,06/18/27,08/02/27,08/25/27,08/09/27,08/16/27,08/16/27,08/17/27,08/25/27,08/18/27,08/27/27,09/02/27,none,09/07/27,09/08/27,,09/08/27
Offskid,PENDING-N,1,4N767CS,08/05/27,09/17/27,10/12/27,09/24/27,10/01/27,10/01/27,10/02/27,10/12/27,10/05/27,10/14/27,10/20/27,#N/A,10/22/27,10/25/27,,10/25/27
Onskid,ARM-K,1,4P871,08/16/27,09/28/27,10/21/27,10/05/27,10/12/27,10/12/27,10/13/27,10/21/27,10/14/27,10/25/27,10/29/27,none,11/02/27,11/03/27,,11/03/27
Onskid,KM-CROP,1,4P491,09/03/27,10/18/27,11/10/27,10/25/27,11/01/27,11/01/27,11/02/27,11/10/27,11/03/27,11/12/27,11/18/27,none,11/22/27,11/23/27,,11/23/27
Onskid,ARM-K,2,4P871,see #1,see #1,see #1,see #1,11/02/27,11/02/27,11/03/27,see #1,11/04/27,11/15/27,11/19/27,none,11/23/27,11/24/27,,11/24/27
Onskid,ARM-K,3,4P871,see #1,see #1,see #1,see #1,11/02/27,11/02/27,11/03/27,see #1,11/04/27,11/15/27,11/19/27,none,11/23/27,11/24/27,,11/24/27
Onskid,ARM-K,4,4P871,see #1,see #1,see #1,see #1,11/02/27,11/02/27,11/03/27,see #1,11/04/27,11/15/27,11/19/27,none,11/23/27,11/24/27,,11/24/27
Onskid,ARM-K,5,4P871,see #1,see #1,see #1,see #1,11/03/27,11/03/27,11/04/27,see #1,11/05/27,11/16/27,11/22/27,none,11/24/27,11/29/27,,11/29/27
Onskid,CGT-CF,1,4M541,09/14/27,10/26/27,11/18/27,11/02/27,11/09/27,11/09/27,11/10/27,11/18/27,11/11/27,11/22/27,11/30/27,none,12/02/27,12/03/27,,12/03/27
Offskid,PENDING-N,1,4R047CS,09/28/27,11/09/27,12/06/27,11/16/27,11/23/27,11/23/27,11/24/27,12/06/27,11/29/27,12/08/27,12/14/27,#N/A,12/16/27,12/17/27,,12/17/27
Onskid,IPC,1,4K051,10/14/27,11/29/27,12/22/27,12/06/27,12/13/27,12/13/27,12/14/27,12/22/27,12/15/27,01/03/28,01/07/28,none,01/11/28,01/12/28,,01/12/28
Offskid,PENDING-N,1,4R767CS,10/25/27,12/08/27,01/10/28,12/15/27,12/22/27,12/22/27,12/23/27,01/10/28,01/03/28,01/12/28,01/19/28,#N/A,01/21/28,01/24/28,,01/24/28
Offskid,PENDING-N,1,4N727CS,10/25/27,12/08/27,01/10/28,12/15/27,12/22/27,12/22/27,12/23/27,01/10/28,01/03/28,01/12/28,01/19/28,#N/A,01/21/28,01/24/28,,01/24/28
Onskid,ARM-M,1,4P872,11/04/27,12/20/27,01/21/28,01/04/28,01/11/28,01/11/28,01/12/28,01/21/28,01/13/28,01/25/28,01/31/28,none,02/02/28,02/03/28,,02/03/28
Onskid,ARM-M,2,4P872,see #1,see #1,see #1,see #1,01/11/28,01/11/28,01/12/28,see #1,01/13/28,01/25/28,01/31/28,none,02/02/28,02/03/28,,02/03/28
Onskid,ARM-M,3,4P872,see #1,see #1,see #1,see #1,01/12/28,01/12/28,01/13/28,see #1,01/14/28,01/26/28,02/01/28,none,02/03/28,02/04/28,,02/04/28
Onskid,ARM-M,4,4P872,see #1,see #1,see #1,see #1,01/12/28,01/12/28,01/13/28,see #1,01/14/28,01/26/28,02/01/28,none,02/03/28,02/04/28,,02/04/28
Onskid,STOCK,18,ANG01,see #1,see #1,see #1,see #1,02/08/28,02/08/28,02/09/28,see #1,02/10/28,02/21/28,02/25/28,none,02/29/28,03/01/28,,03/01/28
Onskid,STOCK,19,ANG01,see #1,see #1,see #1,see #1,02/08/28,02/08/28,02/09/28,see #1,02/10/28,02/21/28,02/25/28,none,02/29/28,03/01/28,,03/01/28
Onskid,STOCK,20,ANG01,see #1,see #1,see #1,see #1,04/11/28,04/11/28,04/12/28,see #1,04/13/28,04/24/28,04/28/28,none,05/02/28,05/03/28,,05/03/28
Onskid,STOCK,21,ANG01,see #1,see #1,see #1,see #1,07/12/28,07/12/28,07/13/28,see #1,07/14/28,07/25/28,07/31/28,none,08/02/28,08/03/28,,08/03/28
Onskid,STOCK,22,ANG01,see #1,see #1,see #1,see #1,07/24/28,07/24/28,07/25/28,see #1,07/26/28,08/04/28,08/10/28,none,08/14/28,08/15/28,,08/15/28
Onskid,STOCK,23,ANG01,see #1,see #1,see #1,see #1,08/09/28,08/09/28,08/10/28,see #1,08/11/28,08/22/28,08/28/28,none,08/30/28,08/31/28,,08/31/28
Onskid,STOCK,24,ANG01,see #1,see #1,see #1,see #1,08/15/28,08/15/28,08/16/28,see #1,08/17/28,08/28/28,09/01/28,none,09/06/28,09/07/28,,09/07/28
Offskid,PENDING-N,1,4R787CS,07/05/28,08/16/28,09/11/28,08/23/28,08/30/28,08/30/28,08/31/28,09/11/28,09/01/28,09/13/28,09/19/28,#N/A,09/21/28,09/22/28,,09/22/28
Onskid,STOCK,25,ANG01,see #1,see #1,see #1,see #1,09/07/28,09/07/28,09/08/28,see #1,09/11/28,09/20/28,09/26/28,none,09/28/28,09/29/28,,09/29/28
Onskid,STOCK,26,ANG01,see #1,see #1,see #1,see #1,09/13/28,09/13/28,09/14/28,see #1,09/15/28,09/26/28,10/02/28,none,10/04/28,10/05/28,,10/05/28
Onskid,STOCK,27,ANG01,see #1,see #1,see #1,see #1,10/09/28,10/09/28,10/10/28,see #1,10/11/28,10/20/28,10/26/28,none,10/30/28,10/31/28,,10/31/28
LWC,PROJECT,UNIT,PD#,CONDEF,LEGALS,SW,BRAND LIST,BRAND WIRE,CONCSH WO OPEN,PROJ KITTED,PTION-LINE,CONLAY,CONASY,TEST1ST PASS,CONCUS,PWRCHK,D380 FINAL-BIQ,NEW COMMMIT,BIQ COMP
Onskid,SOU-FLN,1,4N171,01/14/26,03/05/26A,03/31/26C,03/05/26,03/12/26,03/12/26,03/16/26,03/25/26,03/16/26,03/27/26,04/01/26,none,04/01/26,04/03/26,04/03/26,04/03/26
Onskid,PROP-88,1,4M191,01/15/26,03/06/26C,03/24/26C,03/06/26,03/13/26,03/13/26,03/14/26,03/23/26,03/16/26,03/25/26,03/30/26,none,04/02/26,04/06/26,04/06/26,04/06/26
NTB,SHL-GMG,3,4M401,see #1,see #1,see #1,see #1,03/13/26,03/13/26,03/14/26,see #1,03/12/26,03/13/26,03/19/26,none,03/23/26,03/13/26,03/13/26,03/13/26
Onskid,STOCK,1,ANG01,01/16/26,02/24/26A,03/25/26C,03/09/26,03/16/26,03/16/26,03/18/26,03/25/26,03/18/26,03/27/26,04/07/26,none,04/10/26,04/10/26,04/10/26,04/10/26
Onskid,STOCK2,2,ANG02,see #1,see #1,see #1,see #1,03/16/26,03/16/26,03/17/26,see #1,03/18/26,03/26/26,04/02/26,none,04/10/26,04/13/26,04/13/26,04/13/26
New,EMMC,1,J1600CC,01/16/26,03/06/26A,03/30/26C,03/09/26,03/16/26,03/16/26,03/17/26,03/25/26,03/18/26,03/27/26,04/03/26,none,04/10/26,04/13/26,04/13/26,04/13/26
Onskid,WP-AD,1,4M031,01/20/26,03/10/26A,03/26/26A,03/10/26,03/17/26,03/17/26,03/17/26,03/26/26,03/19/26,03/30/26,04/03/26,none,04/09/26,04/09/26,04/09/26,04/09/26
Onskid,SR-SEEP,1,4M071,01/20/26,03/10/26A,03/23/26A,03/10/26,03/17/26,03/17/26,03/18/26,03/27/26,03/19/26,03/31/26,04/14/26,none,04/16/26,04/20/26,04/20/26,04/20/26
Onskid,STOCK,2,ANG01,see #1,see #1,see #1,see #1,03/17/26,03/17/26,03/18/26,see #1,03/19/26,03/31/26,04/07/26,none,04/10/26,04/10/26,04/14/26,04/14/26
Offskid,SHL-GMG,1,4M401,01/21/26,02/23/26A,03/27/26C,03/11/26,03/18/26,03/18/26,03/20/26,03/30/26,03/20/26,04/01/26,04/07/26,none,04/09/26,04/10/26,04/10/26,04/10/26
Offskid,FLOAT, ,FLOAT,see #1,#N/A,#N/A,see #1,03/18/26,03/18/26,03/19/26,see #1,03/20/26,03/31/26,04/06/26,#N/A,04/08/26,04/09/26,,04/09/26
Onskid,STOCK,3,ANG01,see #1,see #1,see #1,see #1,03/19/26,03/19/26,03/19/26,see #1,03/23/26,04/02/26,04/09/26,none,04/10/26,04/15/26,04/15/26,04/15/26
Offskid,SHL-GMG,2,4M401,see #1,see #1,03/05/26,see #1,03/20/26,03/20/26,03/20/26,see #1,03/24/26,04/03/26,04/10/26,none,04/14/26,04/16/26,04/16/26,04/16/26
Offskid,FLOAT, ,FLOAT,see #1,see #1,see #1,see #1,03/20/26,03/20/26,03/21/26,see #1,03/24/26,04/02/26,04/08/26,#N/A,04/10/26,04/13/26,,04/13/26
Onskid,STOCK,4,ANG01,see #1,see #1,see #1,see #1,03/23/26,03/23/26,03/23/26,see #1,03/25/26,04/03/26,04/09/26,none,04/10/26,04/14/26,04/14/26,04/14/26
Onskid,PROP-89,1,4M201,01/26/26,see #1,03/31/26C,03/16/26,03/23/26,03/23/26,03/23/26,04/01/26,03/25/26,04/03/26,04/13/26,none,04/14/26,04/16/26,04/16/26,04/16/26
Onskid,WP-AD,2,4M031,see #1,see #1,see #1,see #1,03/23/26,03/23/26,03/24/26,see #1,03/25/26,04/06/26,04/11/26,none,04/15/26,04/18/26,04/18/26,04/18/26
Offskid,PSX-GLDSC STAT,1,4N298CS,01/27/26,03/10/26A,04/03/26C,03/17/26,03/24/26,03/24/26,03/26/26,04/03/26,03/27/26,04/07/26,04/17/26,none,04/20/26,04/21/26,04/21/26,04/21/26
Onskid,TRP-FA2,1,4N092,01/28/26,03/10/26A,03/09/26A,03/18/26,03/25/26,03/25/26,03/25/26,04/03/26,03/27/26,04/07/26,04/09/26,none,04/09/26,04/10/26,04/10/26,04/10/26
Offskid,NOC 130,3,G9440CC,see #1,see #1,see #1,see #1,03/26/26,03/26/26,03/27/26,see #1,03/30/26,04/14/26,04/23/26,none,05/08/26,05/11/26,,05/11/26
Offskid,FLOAT, ,FLOAT,see #1,see #1,see #1,see #1,03/26/26,03/26/26,03/27/26,see #1,03/30/26,04/08/26,04/14/26,#N/A,04/16/26,04/17/26,,04/17/26
Onskid,MER-SOL,11,4M371,see #1,see #1,see #1,see #1,03/26/26,03/26/26,03/26/26,see #1,03/30/26,04/08/26,04/15/26,none,04/15/26,04/17/26,04/17/26,04/17/26
Onskid,STOCK,5,ANG01,see #1,see #1,see #1,see #1,03/27/26,03/27/26,03/30/26,see #1,03/31/26,04/09/26,04/14/26,none,04/16/26,04/16/26,04/16/26,04/16/26
Offskid,SHL-GMG,3,4M401,see #1,see #1,see #1,see #1,03/27/26,03/27/26,03/30/26,see #1,03/31/26,04/14/26,04/21/26,none,04/30/26,05/01/26,04/30/26,04/30/26
Offskid,FLOAT, ,FLOAT,see #1,see #1,see #1,see #1,03/27/26,03/27/26,03/28/26,see #1,03/31/26,04/09/26,04/15/26,#N/A,04/17/26,04/20/26,,04/20/26
Onskid,ET-TRI,2,4M481,see #1,see #1,see #1,see #1,03/30/26,03/30/26,03/28/26,see #1,04/01/26,04/03/26,04/07/26,none,04/07/26,04/08/26,04/08/26,04/08/26
Onskid,PROP-90,1,4M211,02/02/26,03/23/26C,04/08/26C,03/23/26,03/30/26,03/30/26,04/01/26,04/08/26,04/01/26,04/10/26,04/30/26,none,04/30/26,05/01/26,,05/01/26
Onskid,TRP-FA3,1,4N093,02/02/26,03/24/26A,03/09/26A,03/23/26,03/30/26,03/30/26,03/31/26,04/08/26,04/01/26,04/10/26,04/16/26,none,04/16/26,04/20/26,04/20/26,04/20/26
Onskid,STOCK,6,ANG01,see #1,see #1,see #1,see #1,03/31/26,03/31/26,04/01/26,see #1,04/02/26,04/13/26,04/17/26,none,04/17/26,04/22/26,04/22/26,04/22/26
NTB,ENI-K,2,4M511,see #1,see #1,see #1,see #1,03/31/26,03/31/26,04/01/26,see #1,04/02/26,04/09/26,04/10/26,none,04/10/26,04/10/26,04/10/26,04/10/26
Offskid,TALOS EW1003,1,J1640CC,02/04/26,03/23/26A,04/10/26C,03/25/26,04/01/26,04/01/26,04/02/26,04/16/26,04/03/26,04/18/26,04/26/26,none,05/06/26,05/07/26,,05/07/26
Offskid,TALOS EW1003,2,J1640CC,see #1,see #1,see #1,see #1,04/01/26,04/01/26,04/03/26,see #1,04/03/26,05/07/26,05/13/26,none,05/15/26,05/18/26,,05/18/26
Onskid,STOCK2,3,ANG02,see #1,03/23/26A,see #1,see #1,04/02/26,04/02/26,04/03/26,see #1,04/06/26,04/15/26,04/20/26,none,04/20/26,04/22/26,04/22/26,04/22/26
Onskid,TRP-NAU,1,4M575,02/06/26,03/23/26A,see #1,03/27/26,04/03/26,04/03/26,04/04/26,04/14/26,04/07/26,04/16/26,04/21/26,none,04/22/26,04/23/26,04/23/26,04/23/26
Onskid,S60-86,1,4N671,02/09/26,see #1,04/15/26C,03/30/26,04/06/26,04/06/26,04/06/26,04/15/26,04/08/26,04/17/26,04/26/26,none,04/27/26,04/29/26,04/29/26,04/29/26
Onskid,S60-87,1,4N681,02/09/26,03/18/26,04/15/26C,03/30/26,04/06/26,04/06/26,04/06/26,04/15/26,04/08/26,04/17/26,04/26/26,none,04/27/26,04/28/26,04/28/26,04/28/26
Offskid,LT2E-SC,1,4M368CS,02/10/26,03/23/26A,04/27/26C,03/31/26,04/07/26,04/07/26,04/07/26,04/20/26,04/09/26,04/22/26,05/04/26,none,05/06/26,05/07/26,,05/07/26
Onskid,STOCK2,4,ANG02,see #1,03/23/26A,see #1,see #1,04/08/26,04/08/26,04/08/26,see #1,04/10/26,04/21/26,04/22/26,none,04/23/26,04/24/26,04/24/26,04/24/26
Onskid,S60-88,1,4N691,02/11/26,see #1,04/17/26C,04/01/26,04/08/26,04/08/26,04/08/26,04/17/26,04/10/26,04/21/26,04/28/26,none,04/28/26,04/30/26,04/30/26,04/30/26
Onskid,S60-89,1,4N701,02/11/26,03/18/26,04/17/26C,04/01/26,04/08/26,04/08/26,04/09/26,04/17/26,04/10/26,04/21/26,04/27/26,none,04/28/26,04/29/26,04/29/26,04/29/26
Onskid,STOCK,7,ANG01,see #1,see #1,see #1,see #1,04/09/26,04/09/26,04/09/26,see #1,04/13/26,04/22/26,04/27/26,none,04/28/26,04/29/26,04/29/26,04/29/26
Onskid,MER-SOL,12,4M371,see #1,see #1,see #1,see #1,04/09/26,04/09/26,04/09/26,see #1,04/13/26,04/23/26,04/28/26,none,04/29/26,04/30/26,04/30/26,04/30/26
Onskid,DTE-CAL,1,4K761,02/13/26,03/18/26,04/23/26C,04/03/26,04/10/26,04/10/26,04/10/26,04/22/26,04/14/26,04/24/26,05/01/26,none,05/05/26,05/06/26,,05/06/26
Onskid,PROP-91,1,4M221,02/13/26,03/18/26,04/21/26C,04/03/26,04/10/26,04/10/26,04/13/26,04/22/26,04/14/26,04/24/26,05/01/26,none,05/05/26,05/06/26,,05/06/26
Onskid,TRP-NWY,1,4M576,02/13/26,03/18/26,04/14/26A,04/03/26,04/10/26,04/10/26,04/11/26,04/21/26,04/14/26,04/23/26,04/27/26,none,04/28/26,04/30/26,04/30/26,04/30/26
Onskid,VEST-B,1,4P271,02/17/26,03/18/26,04/16/26A,04/07/26,04/14/26,04/14/26,04/13/26,04/28/26,04/16/26,04/30/26,05/06/26,none,05/08/26,05/11/26,,05/11/26
Offskid,WOODSIDE GOODWYNN,1,J1848CS,02/17/26,04/15/26,04/28/26C,04/07/26,04/14/26,04/14/26,04/16/26,04/23/26,04/16/26,04/27/26,04/30/26,05/13/26,05/13/26,05/13/26,,05/13/26
Onskid,DTE-CAL,2,4K761,see #1,see #1,see #1,see #1,04/15/26,04/15/26,04/15/26,see #1,04/17/26,04/28/26,05/04/26,none,05/06/26,05/07/26,,05/07/26
Onskid,STOCK,8,ANG01,see #1,see #1,see #1,see #1,04/15/26,04/15/26,04/15/26,see #1,04/17/26,04/28/26,04/30/26,none,05/04/26,05/05/26,,05/05/26
Onskid,STOCK2,5,ANG02,see #1,see #1,see #1,see #1,04/16/26,04/16/26,04/17/26,see #1,04/20/26,04/30/26,05/06/26,none,05/08/26,05/11/26,,05/11/26
Onskid,TCM-70,1,4P441,02/19/26,04/09/26A,04/27/26A,04/09/26,04/16/26,04/16/26,04/18/26,04/27/26,04/20/26,04/29/26,05/05/26,none,05/07/26,05/08/26,,05/08/26
Offskid,WWM-BWSC,1,4N117CS,02/20/26,04/13/26A,04/28/26C,04/10/26,04/17/26,04/17/26,04/18/26,04/28/26,04/21/26,04/30/26,05/06/26,none,05/08/26,05/11/26,,05/11/26
NTB,ONE-E1,1,4N711,02/23/26,04/27/26A,06/03/26C,04/13/26,04/20/26,04/20/26,05/01/26,05/08/26,05/01/26,05/12/26,05/18/26,none,05/20/26,05/21/26,,05/21/26
Onskid,S60-90,1,4P571,02/23/26,04/13/26C,04/29/26C,04/13/26,04/20/26,04/20/26,04/21/26,04/29/26,04/22/26,05/01/26,05/07/26,none,05/11/26,05/12/26,,05/12/26
Onskid,VOLTAGD,1,4M891,02/24/26,04/14/26A,04/30/26C,04/14/26,04/21/26,04/21/26,04/21/26,04/30/26,04/23/26,05/04/26,05/08/26,none,05/12/26,05/13/26,,05/13/26
NTB,SHL-GMM,1,4M501,02/24/26,05/04/26C,06/22/26C,04/14/26,04/21/26,04/21/26,04/22/26,04/30/26,04/23/26,05/04/26,05/08/26,none,05/12/26,05/13/26,,05/13/26
Onskid,PROP-92,1,4M231,02/24/26,04/14/26C,04/30/26C,04/14/26,04/21/26,04/21/26,04/22/26,04/30/26,04/23/26,05/04/26,05/08/26,none,05/12/26,05/13/26,,05/13/26
NTB,SHL-GMM,2,4M501,see #1,see #1,see #1,see #1,04/22/26,04/22/26,04/23/26,see #1,04/24/26,05/05/26,05/11/26,none,05/13/26,05/14/26,,05/14/26
Offskid,WP-HAR STA,1,4M047CS,02/25/26,04/08/26A,05/01/26C,04/15/26,04/22/26,04/22/26,04/23/26,05/01/26,04/24/26,05/05/26,05/11/26,none,05/13/26,05/14/26,,05/14/26
Offskid,WWM-WSC,1,4N127CS,02/26/26,04/16/26A,05/04/26C,04/16/26,04/23/26,04/23/26,04/23/26,05/04/26,04/27/26,05/06/26,05/12/26,none,05/14/26,05/15/26,,05/15/26
Onskid,MER-SOL,13,4M371,see #1,see #1,see #1,see #1,04/23/26,04/23/26,04/23/26,see #1,04/27/26,05/06/26,05/12/26,none,05/14/26,05/15/26,,05/15/26
Onskid,VOLTAGD,2,4M891,see #1,see #1,see #1,see #1,04/24/26,04/24/26,04/25/26,see #1,04/28/26,05/07/26,05/13/26,none,05/15/26,05/18/26,,05/18/26
Onskid,STOCK,9,ANG01,see #1,see #1,see #1,see #1,04/24/26,04/24/26,04/25/26,see #1,04/28/26,05/07/26,05/13/26,none,05/15/26,05/18/26,,05/18/26
New,PERT LIMAU,1,J1970CC,02/27/26,04/07/26A,05/05/26C,04/17/26,04/24/26,04/24/26,04/25/26,05/05/26,04/28/26,05/07/26,05/13/26,none,05/15/26,05/18/26,,05/18/26
Onskid,TCM-70,2,4P441,see #1,see #1,see #1,see #1,04/27/26,04/27/26,04/28/26,see #1,04/29/26,05/08/26,05/14/26,none,05/18/26,05/19/26,,05/19/26
Onskid,VOLTAGD,3,4M891,see #1,see #1,see #1,see #1,04/29/26,04/29/26,04/29/26,see #1,05/01/26,05/12/26,05/18/26,none,05/20/26,05/21/26,,05/21/26
Onskid,TRP-SV,1,4M571,03/05/26,04/23/26A,05/11/26A,04/23/26,04/30/26,04/30/26,05/01/26,05/11/26,05/04/26,05/13/26,05/19/26,none,05/21/26,05/22/26,,05/22/26
Onskid,STOCK,10,ANG01,see #1,see #1,see #1,see #1,05/01/26,05/01/26,05/01/26,see #1,05/05/26,05/14/26,05/20/26,none,05/22/26,05/26/26,,05/26/26
Onskid,PER-BAT,1,4P062,03/06/26,04/24/26A,05/12/26C,04/24/26,05/01/26,05/01/26,05/02/26,05/12/26,05/05/26,05/14/26,05/20/26,none,05/22/26,05/26/26,,05/26/26
Onskid,VOLTAGD,4,4M891,see #1,see #1,see #1,see #1,05/04/26,05/04/26,05/05/26,see #1,05/06/26,05/15/26,05/21/26,none,05/26/26,05/27/26,,05/27/26
NTB,PVEP-DH,1,4M911,03/09/26,05/04/26C,05/20/26C,04/27/26,05/04/26,05/04/26,05/05/26,05/13/26,05/06/26,05/15/26,05/21/26,none,05/26/26,05/27/26,,05/27/26
Onskid,TRP-SHE,1,4M573,03/10/26,04/28/26A,04/14/26A,04/28/26,05/05/26,05/05/26,05/06/26,05/14/26,05/07/26,05/18/26,05/22/26,none,05/27/26,05/28/26,,05/28/26
Onskid,S60-91,1,4P581,03/10/26,04/28/26C,05/13/26C,04/28/26,05/05/26,05/05/26,05/06/26,05/14/26,05/07/26,05/18/26,05/22/26,none,05/27/26,05/28/26,,05/28/26
Onskid,NNG ALBERTA,1,J2780CC,03/11/26,04/29/26C,05/15/26C,04/29/26,05/06/26,05/06/26,05/07/26,05/15/26,05/08/26,05/19/26,05/26/26,none,05/28/26,05/29/26,,05/29/26
Onskid,PROP-93,1,4N001,03/12/26,04/30/26C,05/18/26C,04/30/26,05/07/26,05/07/26,05/08/26,05/18/26,05/11/26,05/20/26,05/27/26,none,05/29/26,06/01/26,,06/01/26
NTB,BOTAS-K,1,4M801,03/12/26,05/04/26C,05/21/26C,04/30/26,05/07/26,05/07/26,05/08/26,05/18/26,05/11/26,05/20/26,05/27/26,none,05/29/26,06/01/26,,06/01/26
Onskid,PER-M60,1,4P041,03/13/26,05/01/26C,05/19/26C,05/01/26,05/08/26,05/08/26,05/09/26,05/19/26,05/12/26,05/21/26,05/28/26,none,06/01/26,06/02/26,,06/02/26
Onskid,MER-SOL,14,4M371,see #1,see #1,see #1,see #1,05/08/26,05/08/26,05/09/26,see #1,05/12/26,05/21/26,05/28/26,none,06/01/26,06/02/26,,06/02/26
Offskid,ONE-E2,1,4N712,03/13/26,05/01/26C,05/19/26C,05/01/26,05/08/26,05/08/26,05/09/26,05/19/26,05/12/26,05/21/26,05/28/26,none,06/01/26,06/02/26,,06/02/26
Offskid,PVEP-DH,1,4M911,03/16/26,05/04/26C,05/20/26C,05/04/26,05/11/26,05/11/26,05/12/26,05/20/26,05/13/26,05/22/26,05/29/26,none,06/02/26,06/03/26,,06/03/26
Offskid,WP-ADCC STATION,1,4N597CS,03/16/26,05/04/26C,05/20/26C,05/04/26,05/11/26,05/11/26,05/12/26,05/20/26,05/13/26,05/22/26,05/29/26,none,06/02/26,06/03/26,,06/03/26
NTB,BOTAS-K,2,4M801,see #1,see #1,see #1,see #1,05/11/26,05/11/26,05/12/26,see #1,05/13/26,05/22/26,05/29/26,none,06/02/26,06/03/26,,06/03/26
Offskid,BOTAS-K,1,4M801,03/17/26,05/04/26C,05/21/26C,05/05/26,05/12/26,05/12/26,05/13/26,05/21/26,05/14/26,05/26/26,06/01/26,none,06/03/26,06/04/26,,06/04/26
Offskid,WWM-FR-SC,1,4N387CS,03/17/26,04/28/26A,05/21/26C,05/05/26,05/12/26,05/12/26,05/13/26,05/21/26,05/14/26,05/26/26,06/01/26,none,06/03/26,06/04/26,,06/04/26
Offskid,WWM-A-SC,1,4N147CS,03/17/26,01/00/00,01/00/00,05/05/26,05/12/26,05/12/26,05/13/26,05/21/26,05/14/26,05/26/26,06/01/26,none,06/03/26,06/04/26,,06/04/26
New,TCE-AHP SHIP AHEAD,1,4K522CB,03/18/26,04/29/26C,05/22/26C,05/06/26,05/13/26,05/13/26,05/14/26,05/22/26,05/15/26,05/27/26,06/02/26,none,06/04/26,06/05/26,,06/05/26
NTB,SHL-GMM,3,4M501,see #1,see #1,see #1,see #1,05/13/26,05/13/26,05/14/26,see #1,05/15/26,05/27/26,06/02/26,none,06/04/26,06/05/26,,06/05/26
Onskid,KM-SELM,1,4M631,03/18/26,05/06/26C,05/22/26C,05/06/26,05/13/26,05/13/26,05/14/26,05/22/26,05/15/26,05/27/26,06/02/26,none,06/04/26,06/05/26,,06/05/26
NTB,CUU-SU,1,4N991,03/19/26,06/01/26C,06/08/26C,05/07/26,05/14/26,05/14/26,05/15/26,05/26/26,05/18/26,05/28/26,06/03/26,none,06/05/26,06/08/26,,06/08/26
Onskid,STOCK,11,ANG01,see #1,see #1,see #1,see #1,05/14/26,05/14/26,05/15/26,see #1,05/18/26,05/28/26,06/03/26,none,06/05/26,06/08/26,,06/08/26
Offskid,PTT OFFSHORE,1,J2300CC,03/19/26,05/07/26C,05/26/26C,05/07/26,05/14/26,05/14/26,05/15/26,05/26/26,05/18/26,05/28/26,06/03/26,none,06/05/26,06/08/26,,06/08/26
Onskid,S60-92,1,4P591,03/20/26,05/08/26C,05/27/26C,05/08/26,05/15/26,05/15/26,05/16/26,05/27/26,05/19/26,05/29/26,06/04/26,,06/08/26,06/09/26,,06/09/26
Onskid,VOLTAGD,5,4M891,see #1,see #1,see #1,see #1,05/15/26,05/15/26,05/16/26,see #1,05/19/26,05/29/26,06/04/26,none,06/08/26,06/09/26,,06/09/26
Onskid,PER-BAT,2,4P062,see #1,see #1,see #1,see #1,05/15/26,05/15/26,05/16/26,see #1,05/19/26,05/29/26,06/04/26,none,06/08/26,06/09/26,,06/09/26
Offskid,BOTAS-K,2,4M801,see #1,see #1,see #1,see #1,05/18/26,05/18/26,05/19/26,see #1,05/20/26,06/01/26,06/05/26,none,06/09/26,06/10/26,,06/10/26
NTB,BBS-BE2,1,4P011,03/23/26,05/06/26C,06/10/26C,05/11/26,05/18/26,05/18/26,05/19/26,05/28/26,05/20/26,06/01/26,06/05/26,none,06/09/26,06/10/26,,06/10/26
New,P66 OKARCHE-1,1,J2230CB,03/23/26,05/04/26C,05/28/26C,05/11/26,05/18/26,05/18/26,05/19/26,05/28/26,05/20/26,06/01/26,06/05/26,none,06/09/26,06/10/26,,06/10/26
Onskid,WILKEM1,1,4M991,03/24/26,05/12/26C,05/29/26C,05/12/26,05/19/26,05/19/26,05/20/26,05/29/26,05/21/26,06/02/26,06/08/26,none,06/10/26,06/11/26,,06/11/26
Offskid,PTT OFFSHORE-1,1,J2301CC,03/24/26,05/12/26C,05/29/26C,05/12/26,05/19/26,05/19/26,05/20/26,05/29/26,05/21/26,06/02/26,06/08/26,none,06/10/26,06/11/26,,06/11/26
Onskid,VOLTAGD,6,4M891,see #1,see #1,see #1,see #1,05/20/26,05/20/26,05/21/26,see #1,05/22/26,06/03/26,06/09/26,none,06/11/26,06/12/26,,06/12/26
Onskid,S60-93,1,4P601,03/26/26,05/14/26C,05/27/26C,05/14/26,05/21/26,05/21/26,05/22/26,06/02/26,05/26/26,06/04/26,06/10/26,,06/12/26,06/15/26,,06/15/26
Onskid,PER-GAN,1,4P061,03/26/26,05/14/26C,06/02/26C,05/14/26,05/21/26,05/21/26,05/22/26,06/02/26,05/26/26,06/04/26,06/10/26,none,06/12/26,06/15/26,,06/15/26
New,P66 OKARCHE-2,1,J2231CB,03/26/26,05/07/26C,06/02/26C,05/14/26,05/21/26,05/21/26,05/22/26,06/02/26,05/26/26,06/04/26,06/10/26,none,06/12/26,06/15/26,,06/15/26
Offskid,ONE-E1,1,4N711,03/27/26,04/27/26A,06/03/26C,05/15/26,05/22/26,05/22/26,05/23/26,06/03/26,05/27/26,06/05/26,06/11/26,none,06/15/26,06/16/26,,06/16/26
Onskid,MER-SOL,15,4M371,see #1,see #1,see #1,see #1,05/22/26,05/22/26,05/23/26,see #1,05/27/26,06/05/26,06/11/26,none,06/15/26,06/16/26,,06/16/26
Onskid,KM-YORK,1,4M601,03/30/26,05/18/26C,06/04/26C,05/18/26,05/26/26,05/26/26,05/27/26,06/04/26,05/28/26,06/08/26,06/12/26,none,06/16/26,06/17/26,,06/17/26
Offskid,NOC 130,4,G9440CC,see #1,see #1,see #1,see #1,05/26/26,05/26/26,05/27/26,see #1,05/28/26,06/08/26,06/12/26,none,06/16/26,06/17/26,,06/17/26
Offskid,FLOAT, ,FLOAT,see #1,see #1,see #1,see #1,05/26/26,05/26/26,05/27/26,see #1,05/28/26,06/08/26,06/12/26,#N/A,06/16/26,06/17/26,,06/17/26
NTB,APA-U2,1,4M561,03/31/26,06/01/26C,06/17/26C,05/19/26,05/27/26,05/27/26,05/28/26,06/05/26,05/29/26,06/09/26,06/15/26,none,06/17/26,06/18/26,,06/18/26
New,NNG BELLEVILLE,1,J2890CC,03/31/26,05/12/26C,06/05/26C,05/19/26,05/27/26,05/27/26,05/28/26,06/05/26,05/29/26,06/09/26,06/15/26,none,06/17/26,06/18/26,,06/18/26
Onskid,PER-GAN,2,4P061,see #1,see #1,see #1,see #1,05/27/26,05/27/26,05/28/26,see #1,05/29/26,06/09/26,06/15/26,none,06/17/26,06/18/26,,06/18/26
New,PERTAMINA HULU,1,J2310CC,04/01/26,05/20/26C,06/08/26C,05/20/26,05/28/26,05/28/26,05/29/26,06/08/26,06/01/26,06/10/26,06/16/26,none,06/18/26,06/19/26,,06/19/26
Offskid,WWM-U-SC STATION,1,4N367CS,04/02/26,05/14/26C,06/09/26C,05/21/26,05/29/26,05/29/26,05/30/26,06/09/26,06/02/26,06/11/26,06/17/26,none,06/19/26,06/22/26,,06/22/26
NTB,BBS-BO2,1,4P013,04/02/26,04/27/26A,06/23/26C,05/21/26,05/29/26,05/29/26,05/30/26,06/09/26,06/02/26,06/11/26,06/17/26,none,06/19/26,06/22/26,,06/22/26
Onskid,PER-GAN,3,4P061,see #1,see #1,see #1,see #1,05/29/26,05/29/26,05/30/26,see #1,06/02/26,06/11/26,06/17/26,none,06/19/26,06/22/26,,06/22/26
Offskid,CUU-SU,1,4N991,04/03/26,06/01/26C,06/08/26C,05/22/26,06/01/26,06/01/26,06/02/26,06/10/26,06/03/26,06/12/26,06/18/26,none,06/22/26,06/23/26,,06/23/26
Offskid,FLOAT,1,FLOAT,04/03/26,05/15/26,06/10/26,05/22/26,06/01/26,06/01/26,06/02/26,06/10/26,06/03/26,06/12/26,06/18/26,,06/22/26,06/23/26,,06/23/26
Offskid,BBS-BE2,1,4P011,04/03/26,05/06/26C,06/10/26C,05/22/26,06/01/26,06/01/26,06/02/26,06/10/26,06/03/26,06/12/26,06/18/26,none,06/22/26,06/23/26,,06/23/26
Onskid,PROP-94,1,4N011,04/06/26,05/26/26C,06/11/26C,05/26/26,06/02/26,06/02/26,06/03/26,06/11/26,06/04/26,06/15/26,06/19/26,none,06/23/26,06/24/26,,06/24/26
Offskid,ENI-K,1,4M511,04/06/26,03/23/26A,06/11/26C,05/26/26,06/02/26,06/02/26,06/03/26,06/11/26,06/04/26,06/15/26,06/19/26,none,06/23/26,06/24/26,,06/24/26
Offskid,FLOAT,1,FLOAT,04/06/26,05/18/26,06/11/26,05/26/26,06/02/26,06/02/26,06/03/26,06/11/26,06/04/26,06/15/26,06/19/26,#N/A,06/23/26,06/24/26,,06/24/26
New,TGS SATURN-1,1,J2680CC,04/07/26,05/22/26C,06/11/26C,05/27/26,06/03/26,06/03/26,06/04/26,06/12/26,06/05/26,06/16/26,06/22/26,none,06/24/26,06/25/26,,06/25/26
Onskid,S60-94,1,4P611,04/07/26,05/27/26C,01/00/00,05/27/26,06/03/26,06/03/26,06/04/26,06/12/26,06/05/26,06/16/26,06/22/26,none,06/24/26,06/25/26,,06/25/26
New,ENB-PSNC SH,1,4M831CB,04/07/26,05/27/26C,06/12/26C,05/27/26,06/03/26,06/03/26,06/04/26,06/12/26,06/05/26,06/16/26,06/22/26,none,06/24/26,06/25/26,,06/25/26
New,ENB-PSNC SH,2,4M831CB,see #1,see #1,see #1,see #1,06/04/26,06/04/26,06/05/26,see #1,06/08/26,06/17/26,06/23/26,none,06/25/26,06/26/26,,06/26/26
New,ENB-PSNC SH,3,4M831CB,see #1,see #1,see #1,see #1,06/04/26,06/04/26,06/05/26,see #1,06/08/26,06/17/26,06/23/26,none,06/25/26,06/26/26,,06/26/26
New,PSNC-P2,1,4M832CB,04/08/26,05/20/26C,06/15/26C,05/28/26,06/04/26,06/04/26,06/05/26,06/15/26,06/08/26,06/17/26,06/23/26,none,06/25/26,06/26/26,,06/26/26
NTB,ENI-K,3,4M511,see #1,see #1,see #1,see #1,06/05/26,06/05/26,06/06/26,see #1,06/09/26,06/18/26,06/24/26,none,06/26/26,06/29/26,,06/29/26
NTB,BBS-B2,1,4P012,04/09/26,04/27/26A,07/01/26C,05/29/26,06/05/26,06/05/26,06/06/26,06/16/26,06/09/26,06/18/26,06/24/26,none,06/26/26,06/29/26,,06/29/26
NTB,BBS-KA2,1,4P014,04/09/26,05/28/26C,06/26/26C,05/29/26,06/05/26,06/05/26,06/06/26,06/16/26,06/09/26,06/18/26,06/24/26,none,06/26/26,06/29/26,,06/29/26
Onskid,MER-SOL,16,4M371,see #1,see #1,see #1,see #1,06/08/26,06/08/26,06/09/26,see #1,06/10/26,06/19/26,06/25/26,none,06/29/26,06/30/26,,06/30/26
Onskid,PROP-95,1,4N021,04/10/26,06/01/26C,06/17/26C,06/01/26,06/08/26,06/08/26,06/09/26,06/17/26,06/10/26,06/19/26,06/25/26,none,06/29/26,06/30/26,,06/30/26
Offskid,APA-U2,1,4M561,04/10/26,06/01/26C,06/17/26C,06/01/26,06/08/26,06/08/26,06/09/26,06/17/26,06/10/26,06/19/26,06/25/26,none,06/29/26,06/30/26,,06/30/26
Offskid,SHELL SHEARWATER G,1,J3010CC,04/13/26,05/26/26C,06/18/26C,06/02/26,06/09/26,06/09/26,06/10/26,06/18/26,06/11/26,06/22/26,06/26/26,none,06/30/26,07/01/26,,07/01/26
Offskid,ENI-K,2,4M511,see #1,see #1,see #1,see #1,06/09/26,06/09/26,06/10/26,see #1,06/11/26,06/22/26,06/26/26,none,06/30/26,07/01/26,,07/01/26
Offskid,FLOAT,,FLOAT,04/13/26,05/26/26,06/18/26,06/02/26,06/09/26,06/09/26,06/10/26,06/18/26,06/11/26,06/22/26,06/26/26,#N/A,06/30/26,07/01/26,,07/01/26
Onskid,WILDGT1,1,4M841,04/14/26,06/03/26C,06/19/26C,06/03/26,06/10/26,06/10/26,06/11/26,06/19/26,06/12/26,06/23/26,06/29/26,none,07/01/26,07/02/26,,07/02/26
Onskid,PROP-96,1,4N031,04/14/26,06/03/26C,06/19/26C,06/03/26,06/10/26,06/10/26,06/11/26,06/19/26,06/12/26,06/23/26,06/29/26,none,07/01/26,07/02/26,,07/02/26
New,TGS SATURN-2,1,J2681CC,04/14/26,05/27/26C,06/19/26C,06/03/26,06/10/26,06/10/26,06/11/26,06/19/26,06/12/26,06/23/26,06/29/26,none,07/01/26,07/02/26,,07/02/26
Offskid,SHL-GMM,1,4M501,04/15/26,05/04/26C,06/22/26C,06/04/26,06/11/26,06/11/26,06/12/26,06/22/26,06/15/26,06/24/26,06/30/26,none,07/02/26,07/06/26,,07/06/26
Offskid,FLOAT,,FLOAT,04/15/26,05/28/26,06/22/26,06/04/26,06/11/26,06/11/26,06/12/26,06/22/26,06/15/26,06/24/26,06/30/26,#N/A,07/02/26,07/06/26,,07/06/26
Onskid,WIL1553,1,4L392,04/15/26,06/04/26C,06/22/26C,06/04/26,06/11/26,06/11/26,06/12/26,06/22/26,06/15/26,06/24/26,06/30/26,none,07/02/26,07/06/26,,07/06/26
Onskid,PER-MBY,1,4P042,04/16/26,06/05/26C,06/23/26C,06/05/26,06/12/26,06/12/26,06/13/26,06/23/26,06/16/26,06/25/26,07/01/26,none,07/06/26,07/07/26,,07/07/26
NTB,CUU-SU,2,4N991,see #1,see #1,see #1,see #1,06/12/26,06/12/26,06/13/26,see #1,06/16/26,06/25/26,07/01/26,none,07/06/26,07/07/26,,07/07/26
Offskid,BBS-BO2,1,4P013,04/16/26,04/27/26A,06/23/26C,06/05/26,06/12/26,06/12/26,06/13/26,06/23/26,06/16/26,06/25/26,07/01/26,none,07/06/26,07/07/26,,07/07/26
Onskid,S60-95,1,4P621,04/17/26,06/08/26C,06/23/26C,06/08/26,06/15/26,06/15/26,06/16/26,06/24/26,06/17/26,06/26/26,07/02/26,none,07/07/26,07/08/26,,07/08/26
NTB,BBS-BO2,2,4P013,see #1,see #1,see #1,see #1,06/15/26,06/15/26,06/16/26,see #1,06/17/26,06/26/26,07/02/26,none,07/07/26,07/08/26,,07/08/26
Onskid,NAFTA TK6,1,J2840CC,04/17/26,06/01/26C,06/24/26C,06/08/26,06/15/26,06/15/26,06/16/26,06/24/26,06/17/26,06/26/26,07/02/26,none,07/07/26,07/08/26,,07/08/26
Onskid,WIL165,1,4L651,04/20/26,06/10/26C,06/26/26C,06/09/26,06/16/26,06/16/26,06/17/26,06/25/26,06/18/26,06/29/26,07/06/26,none,07/08/26,07/09/26,,07/09/26
Onskid,PER-MBY,2,4P042,see #1,see #1,see #1,see #1,06/17/26,06/17/26,06/18/26,see #1,06/19/26,06/30/26,07/07/26,none,07/09/26,07/10/26,,07/10/26
Offskid,BBS-KA2,1,4P014,04/21/26,05/28/26C,06/26/26C,06/10/26,06/17/26,06/17/26,06/18/26,06/26/26,06/19/26,06/30/26,07/07/26,none,07/09/26,07/10/26,,07/10/26
Onskid,WP-ADCC,1,4N591,04/21/26,06/10/26C,06/26/26C,06/10/26,06/17/26,06/17/26,06/18/26,06/26/26,06/19/26,06/30/26,07/07/26,none,07/09/26,07/10/26,,07/10/26
Onskid,WIL165,2,4L651,see #1,see #1,see #1,see #1,06/18/26,06/18/26,06/19/26,see #1,06/22/26,07/01/26,07/08/26,none,07/10/26,07/13/26,,07/13/26
Onskid,PROP100,1,4N301,04/22/26,06/11/26C,06/29/26C,06/11/26,06/18/26,06/18/26,06/19/26,06/29/26,06/22/26,07/01/26,07/08/26,none,07/10/26,07/13/26,,07/13/26
NTB,ENI-KNH,1,4M513,04/22/26,06/05/26C,07/10/26C,06/11/26,06/18/26,06/18/26,06/19/26,06/29/26,06/22/26,07/01/26,07/08/26,none,07/10/26,07/13/26,,07/13/26
Onskid,WIL1554,1,4L393,04/23/26,06/12/26C,06/30/26C,06/12/26,06/19/26,06/19/26,06/20/26,06/30/26,06/23/26,07/02/26,07/09/26,none,07/13/26,07/14/26,,07/14/26
NTB,BBS-BE2,2,4P011,see #1,see #1,see #1,see #1,06/19/26,06/19/26,06/20/26,see #1,06/23/26,07/02/26,07/09/26,none,07/13/26,07/14/26,,07/14/26
NTB,BBS-KA2,2,4P014,see #1,see #1,see #1,see #1,06/19/26,06/19/26,06/20/26,see #1,06/23/26,07/02/26,07/09/26,none,07/13/26,07/14/26,,07/14/26
Offskid,BBS-B2,1,4P012,04/24/26,04/27/26A,07/01/26C,06/15/26,06/22/26,06/22/26,06/23/26,07/01/26,06/24/26,07/06/26,07/10/26,none,07/14/26,07/15/26,,07/15/26
Onskid,CVX-DC,1,4P481,04/24/26,06/15/26C,07/01/26C,06/15/26,06/22/26,06/22/26,06/23/26,07/01/26,06/24/26,07/06/26,07/10/26,none,07/14/26,07/15/26,,07/15/26
Offskid,SHL-GMM,2,4M501,see #1,see #1,see #1,see #1,06/22/26,06/22/26,06/23/26,see #1,06/24/26,07/06/26,07/10/26,none,07/14/26,07/15/26,,07/15/26
Offskid,FLOAT,,FLOAT,04/27/26,06/09/26,07/02/26,06/16/26,06/23/26,06/23/26,06/24/26,07/02/26,06/25/26,07/07/26,07/13/26,#N/A,07/15/26,07/16/26,,07/16/26
Onskid,TRP-S70,1,4M572,04/27/26,06/16/26C,07/02/26C,06/16/26,06/23/26,06/23/26,06/24/26,07/02/26,06/25/26,07/07/26,07/13/26,none,07/15/26,07/16/26,,07/16/26
Offskid,CUU-SU,2,4N991,see #1,see #1,see #1,see #1,06/23/26,06/23/26,06/24/26,see #1,06/25/26,07/07/26,07/13/26,none,07/15/26,07/16/26,,07/16/26
Offskid,FLOAT,2,FLOAT,see #1,see #1,see #1,see #1,06/24/26,06/24/26,06/25/26,see #1,06/26/26,07/08/26,07/14/26,#N/A,07/16/26,07/17/26,,07/17/26
Onskid,VOLTAGD,7,4M891,see #1,see #1,see #1,see #1,06/24/26,06/24/26,06/25/26,see #1,06/26/26,07/08/26,07/14/26,none,07/16/26,07/17/26,,07/17/26
Onskid,HIL-Z,1,4N581,04/28/26,06/17/26C,07/06/26C,06/17/26,06/24/26,06/24/26,06/25/26,07/06/26,06/26/26,07/08/26,07/14/26,none,07/16/26,07/17/26,,07/17/26
Onskid,PROP-97,1,4N041,04/29/26,06/18/26C,07/07/26C,06/18/26,06/25/26,06/25/26,06/26/26,07/07/26,06/29/26,07/09/26,07/15/26,none,07/17/26,07/20/26,,07/20/26
NTB,BBS-B2,2,4P012,see #1,see #1,see #1,see #1,06/25/26,06/25/26,06/26/26,see #1,06/29/26,07/09/26,07/15/26,none,07/17/26,07/20/26,,07/20/26
Onskid,S60-96,1,4P631,04/29/26,06/18/26C,01/00/00,06/18/26,06/25/26,06/25/26,06/26/26,07/07/26,06/29/26,07/09/26,07/15/26,#N/A,07/17/26,07/20/26,,07/20/26
Offskid,ENI-K,3,4M511,see #1,see #1,see #1,see #1,06/26/26,06/26/26,06/27/26,see #1,06/30/26,07/10/26,07/16/26,none,07/20/26,07/21/26,,07/21/26
Offskid,WWM-RSC,1,4N137CS,04/30/26,06/19/26C,07/08/26C,06/19/26,06/26/26,06/26/26,06/27/26,07/08/26,06/30/26,07/10/26,07/16/26,none,07/20/26,07/21/26,,07/21/26
Onskid,S60-98,1,4R151,04/30/26,06/19/26C,01/00/00,06/19/26,06/26/26,06/26/26,06/27/26,07/08/26,06/30/26,07/10/26,07/16/26,none,07/20/26,07/21/26,,07/21/26
New,KINDER MORGAN GOOD,1,J3070CC,05/01/26,06/15/26C,07/09/26C,06/22/26,06/29/26,06/29/26,06/30/26,07/09/26,07/01/26,07/13/26,07/17/26,none,07/21/26,07/22/26,,07/22/26
Onskid,WIL-APO,1,4N431,05/01/26,06/08/26C,06/24/26C,06/22/26,06/29/26,06/29/26,06/30/26,07/09/26,07/01/26,07/13/26,07/17/26,none,07/21/26,07/22/26,,07/22/26
NTB,LAKES,1,4P501,05/01/26,07/16/26C,08/20/26C,06/22/26,06/29/26,06/29/26,06/30/26,07/09/26,07/01/26,07/13/26,07/17/26,none,07/21/26,07/22/26,,07/22/26
Onskid,NTS-ECO,1,4N741,05/04/26,06/23/26C,07/10/26C,06/23/26,06/30/26,06/30/26,07/01/26,07/10/26,07/02/26,07/14/26,07/20/26,none,07/22/26,07/23/26,,07/23/26
Offskid,ENI-KNH,1,4M513,05/04/26,06/05/26C,07/10/26C,06/23/26,06/30/26,06/30/26,07/01/26,07/10/26,07/02/26,07/14/26,07/20/26,none,07/22/26,07/23/26,,07/23/26
Offskid,FLOAT,,FLOAT,05/04/26,#N/A,07/10/26,06/23/26,06/30/26,06/30/26,07/01/26,07/10/26,07/02/26,07/14/26,07/20/26,#N/A,07/22/26,07/23/26,,07/23/26
New,TCE-S,1,4K011CB,05/05/26,06/24/26C,07/13/26C,06/24/26,07/01/26,07/01/26,07/02/26,07/13/26,07/06/26,07/15/26,07/21/26,none,07/23/26,07/24/26,,07/24/26
Onskid,S60-99,1,4R161,05/05/26,06/24/26C,07/13/26C,06/24/26,07/01/26,07/01/26,07/02/26,07/13/26,07/06/26,07/15/26,07/21/26,none,07/23/26,07/24/26,,07/24/26
New,CAMROSE,1,J3420CC,05/05/26,06/24/26C,07/13/26C,06/24/26,07/01/26,07/01/26,07/02/26,07/13/26,07/06/26,07/15/26,07/21/26,none,07/23/26,07/24/26,,07/24/26
Onskid,NTS-ECO,2,4N741,see #1,see #1,see #1,see #1,07/02/26,07/02/26,07/03/26,see #1,07/07/26,07/16/26,07/22/26,none,07/24/26,07/27/26,,07/27/26
Onskid,VOLTAGD,8,4M891,see #1,see #1,see #1,see #1,07/02/26,07/02/26,07/03/26,see #1,07/07/26,07/16/26,07/22/26,none,07/24/26,07/27/26,,07/27/26
Offskid,BBS-BE2,2,4P011,see #1,see #1,see #1,see #1,07/02/26,07/02/26,07/03/26,see #1,07/07/26,07/16/26,07/22/26,none,07/24/26,07/27/26,,07/27/26
Offskid,FLOAT,,FLOAT,05/07/26,06/19/26,07/15/26,06/26/26,07/06/26,07/06/26,07/07/26,07/15/26,07/08/26,07/17/26,07/23/26,#N/A,07/27/26,07/28/26,,07/28/26
Onskid,STOCK5,1,ANG05,05/07/26,06/26/26C,07/15/26C,06/26/26,07/06/26,07/06/26,07/07/26,07/15/26,07/08/26,07/17/26,07/23/26,none,07/27/26,07/28/26,,07/28/26
Onskid,WWM-RA1,1,4N141,05/08/26,06/29/26C,07/16/26C,06/29/26,07/07/26,07/07/26,07/08/26,07/16/26,07/09/26,07/20/26,07/24/26,none,07/28/26,07/29/26,,07/29/26
Offskid,SHL-GMM,3,4M501,see #1,see #1,see #1,see #1,07/07/26,07/07/26,07/08/26,see #1,07/09/26,07/20/26,07/24/26,none,07/28/26,07/29/26,,07/29/26
Offskid,FLOAT,,FLOAT,05/08/26,06/22/26,07/16/26,06/29/26,07/07/26,07/07/26,07/08/26,07/16/26,07/09/26,07/20/26,07/24/26,#N/A,07/28/26,07/29/26,,07/29/26
Onskid,STOCK5,26,ANG05,see #1,see #1,see #1,see #1,07/08/26,07/08/26,07/09/26,see #1,07/10/26,07/21/26,07/27/26,none,07/29/26,07/30/26,,07/30/26
Offskid,BBS-BO2,2,4P013,see #1,see #1,see #1,see #1,07/08/26,07/08/26,07/09/26,see #1,07/10/26,07/21/26,07/27/26,none,07/29/26,07/30/26,,07/30/26
Onskid,STOCK5,2,ANG05,see #1,see #1,see #1,see #1,07/08/26,07/08/26,07/09/26,see #1,07/10/26,07/21/26,07/27/26,none,07/29/26,07/30/26,,07/30/26
Onskid,NTS-ECO,3,4N741,see #1,see #1,see #1,see #1,07/09/26,07/09/26,07/10/26,see #1,07/13/26,07/22/26,07/28/26,none,07/30/26,07/31/26,,07/31/26
Onskid,NTS-ECO,4,4N741,see #1,see #1,see #1,see #1,07/09/26,07/09/26,07/10/26,see #1,07/13/26,07/22/26,07/28/26,none,07/30/26,07/31/26,,07/31/26
Onskid,PROP102,1,4N331,05/12/26,07/01/26C,07/20/26C,07/01/26,07/09/26,07/09/26,07/10/26,07/20/26,07/13/26,07/22/26,07/28/26,none,07/30/26,07/31/26,,07/31/26
Onskid,ENB-PSC,1,4M831,05/13/26,07/02/26C,07/21/26C,07/02/26,07/10/26,07/10/26,07/11/26,07/21/26,07/14/26,07/23/26,07/29/26,none,07/31/26,08/03/26,,08/03/26
Onskid,CLYMERS,1,4P001,05/13/26,07/02/26C,07/21/26C,07/02/26,07/10/26,07/10/26,07/11/26,07/21/26,07/14/26,07/23/26,07/29/26,none,07/31/26,08/03/26,,08/03/26
NTB,ENI-KBB,1,4M512,05/13/26,07/20/26C,08/05/26C,07/02/26,07/10/26,07/10/26,07/11/26,07/21/26,07/14/26,07/23/26,07/29/26,none,07/31/26,08/03/26,,08/03/26
Onskid,WIL145,1,4L641,05/14/26,07/06/26C,07/22/26C,07/06/26,07/13/26,07/13/26,07/14/26,07/22/26,07/15/26,07/24/26,07/30/26,none,08/03/26,08/04/26,,08/04/26
Onskid,DTE GAS,1,J3360CC,05/14/26,06/26/26C,07/22/26C,07/06/26,07/13/26,07/13/26,07/14/26,07/22/26,07/15/26,07/24/26,07/30/26,none,08/03/26,08/04/26,,08/04/26
Offskid,BBS-B2,2,4P012,see #1,see #1,see #1,see #1,07/13/26,07/13/26,07/14/26,see #1,07/15/26,07/24/26,07/30/26,none,08/03/26,08/04/26,,08/04/26
New,PENDING-N,1,4N141CD,05/15/26,#N/A,#N/A,07/07/26,07/14/26,07/14/26,07/15/26,07/23/26,07/16/26,07/27/26,07/31/26,#N/A,08/04/26,08/05/26,,08/05/26
Onskid,MPLX-SE,1,4N571,05/15/26,07/07/26C,07/23/26C,07/07/26,07/14/26,07/14/26,07/15/26,07/23/26,07/16/26,07/27/26,07/31/26,none,08/04/26,08/05/26,,08/05/26
Offskid,PENDING-A,1,J3060CC,05/15/26,06/29/26,07/23/26,07/07/26,07/14/26,07/14/26,07/15/26,07/23/26,07/16/26,07/27/26,07/31/26,#N/A,08/04/26,08/05/26,,08/05/26
Offskid,FLOAT,,FLOAT,05/18/26,06/30/26,07/24/26,07/08/26,07/15/26,07/15/26,07/16/26,07/24/26,07/17/26,07/28/26,08/03/26,,08/05/26,08/06/26,,08/06/26
Onskid,WWM-BW,1,4N111,05/18/26,07/08/26C,07/24/26C,07/08/26,07/15/26,07/15/26,07/16/26,07/24/26,07/17/26,07/28/26,08/03/26,none,08/05/26,08/06/26,,08/06/26
Onskid,WIL1552,1,4L391,05/18/26,07/08/26C,07/24/26C,07/08/26,07/15/26,07/15/26,07/16/26,07/24/26,07/17/26,07/28/26,08/03/26,none,08/05/26,08/06/26,,08/06/26
Onskid,WWM-W,1,4N121,05/19/26,07/01/26,07/27/26,07/09/26,07/16/26,07/16/26,07/17/26,07/27/26,07/20/26,07/29/26,08/04/26,none,08/06/26,08/07/26,,08/07/26
Onskid,PENDING-A,1,MABANK,05/19/26,07/01/26,07/27/26,07/09/26,07/16/26,07/16/26,07/17/26,07/27/26,07/20/26,07/29/26,08/04/26,#N/A,08/06/26,08/07/26,,08/07/26
New,PENDING-A,1,J4000CB,05/20/26,07/02/26,07/28/26,07/10/26,07/17/26,07/17/26,07/18/26,07/28/26,07/21/26,07/30/26,08/05/26,,08/07/26,08/10/26,,08/10/26
Offskid,BBS-KA2,2,4P014,see #1,see #1,see #1,see #1,07/17/26,07/17/26,07/18/26,see #1,07/21/26,07/30/26,08/05/26,none,08/07/26,08/10/26,,08/10/26
Onskid,WIL1503,1,4L381,05/20/26,07/02/26,07/28/26,07/10/26,07/17/26,07/17/26,07/18/26,07/28/26,07/21/26,07/30/26,08/05/26,none,08/07/26,08/10/26,,08/10/26
Onskid,SUNFLWR,1,4M431,05/21/26,07/06/26,07/29/26,07/13/26,07/20/26,07/20/26,07/21/26,07/29/26,07/22/26,07/31/26,08/06/26,none,08/10/26,08/11/26,,08/11/26
Onskid,STOCK5,27,ANG05,see #1,see #1,see #1,see #1,07/20/26,07/20/26,07/21/26,see #1,07/22/26,07/31/26,08/06/26,none,08/10/26,08/11/26,,08/11/26
Onskid,WIL-APO,2,4N431,see #1,see #1,see #1,see #1,07/20/26,07/20/26,07/21/26,see #1,07/22/26,07/31/26,08/06/26,,08/10/26,08/11/26,,08/11/26
Onskid,KM-HALL,1,4M621,05/22/26,07/07/26,07/30/26,07/14/26,07/21/26,07/21/26,07/22/26,07/30/26,07/23/26,08/03/26,08/07/26,none,08/11/26,08/12/26,,08/12/26
Onskid,EOG-130,1,4N251,05/22/26,07/07/26,07/30/26,07/14/26,07/21/26,07/21/26,07/22/26,07/30/26,07/23/26,08/03/26,08/07/26,,08/11/26,08/12/26,,08/12/26
Onskid,WIL145,2,4L641,see #1,see #1,see #1,see #1,07/22/26,07/22/26,07/23/26,see #1,07/24/26,08/04/26,08/10/26,none,08/12/26,08/13/26,,08/13/26
Offskid,PENDING-A,1,MABANK,05/26/26,07/08/26,07/31/26,07/15/26,07/22/26,07/22/26,07/23/26,07/31/26,07/24/26,08/04/26,08/10/26,#N/A,08/12/26,08/13/26,,08/13/26
Onskid,WIL-APO,3,4N431,see #1,see #1,see #1,see #1,07/22/26,07/22/26,07/23/26,see #1,07/24/26,08/04/26,08/10/26,,08/12/26,08/13/26,,08/13/26
Offskid,FLOAT, ,FLOAT,see #1,see #1,see #1,see #1,07/23/26,07/23/26,07/24/26,see #1,07/27/26,08/05/26,08/11/26,#N/A,08/13/26,08/14/26,,08/14/26
Onskid,STOCK5,28,ANG05,see #1,see #1,see #1,see #1,07/23/26,07/23/26,07/24/26,see #1,07/27/26,08/05/26,08/11/26,none,08/13/26,08/14/26,,08/14/26
Onskid,S60-100,1,4R171,05/27/26,07/09/26,08/03/26,07/16/26,07/23/26,07/23/26,07/24/26,08/03/26,07/27/26,08/05/26,08/11/26,none,08/13/26,08/14/26,,08/14/26
Onskid,VOLTAGD,9,4M891,see #1,see #1,see #1,see #1,07/24/26,07/24/26,07/25/26,see #1,07/28/26,08/06/26,08/12/26,none,08/14/26,08/17/26,,08/17/26
Onskid,WIL145,3,4L641,see #1,see #1,see #1,see #1,07/24/26,07/24/26,07/25/26,see #1,07/28/26,08/06/26,08/12/26,none,08/14/26,08/17/26,,08/17/26
Offskid,PENDING-A,1,CR24-86512,05/28/26,07/10/26,08/04/26,07/17/26,07/24/26,07/24/26,07/25/26,08/04/26,07/28/26,08/06/26,08/12/26,#N/A,08/14/26,08/17/26,,08/17/26
Offskid,PENDING-A,2,CR24-86512,see #1,see #1,see #1,see #1,07/27/26,07/27/26,07/28/26,see #1,07/29/26,08/07/26,08/13/26,#N/A,08/17/26,08/18/26,,08/18/26
Offskid,ENI-KBB,1,4M512,05/29/26,07/13/26,08/05/26,07/20/26,07/27/26,07/27/26,07/28/26,08/05/26,07/29/26,08/07/26,08/13/26,none,08/17/26,08/18/26,,08/18/26
Offskid,FLOAT,,FLOAT,05/29/26,07/13/26,08/05/26,07/20/26,07/27/26,07/27/26,07/28/26,08/05/26,07/29/26,08/07/26,08/13/26,#N/A,08/17/26,08/18/26,,08/18/26
Onskid,TCE-W1,1,4K001,06/01/26,07/14/26,08/06/26,07/21/26,07/28/26,07/28/26,07/29/26,08/06/26,07/30/26,08/10/26,08/14/26,none,08/18/26,08/19/26,,08/19/26
Onskid,WWM-BW,2,4N111,see #1,see #1,see #1,see #1,07/28/26,07/28/26,07/29/26,see #1,07/30/26,08/10/26,08/14/26,none,08/18/26,08/19/26,,08/19/26
Onskid,STOCK,12,ANG01,see #1,see #1,see #1,see #1,07/28/26,07/28/26,07/29/26,see #1,07/30/26,08/10/26,08/14/26,none,08/18/26,08/19/26,,08/19/26
Onskid,VOLTAGD,10,4M891,see #1,see #1,see #1,see #1,07/29/26,07/29/26,07/30/26,see #1,07/31/26,08/11/26,08/17/26,none,08/19/26,08/20/26,,08/20/26
Onskid,MPUA-F,1,4N731,06/02/26,07/15/26,08/07/26,07/22/26,07/29/26,07/29/26,07/30/26,08/07/26,07/31/26,08/11/26,08/17/26,none,08/19/26,08/20/26,,08/20/26
Onskid,WIL-APO,4,4N431,see #1,see #1,see #1,see #1,07/29/26,07/29/26,07/30/26,see #1,07/31/26,08/11/26,08/17/26,,08/19/26,08/20/26,,08/20/26
Onskid,LINY-HP,4,4F891,see #1,see #1,see #1,see #1,07/30/26,07/30/26,07/31/26,see #1,08/03/26,08/12/26,08/18/26,none,08/20/26,08/21/26,,08/21/26
Onskid,PROP101,1,4N321,06/03/26,07/16/26,08/10/26,07/23/26,07/30/26,07/30/26,07/31/26,08/10/26,08/03/26,08/12/26,08/18/26,,08/20/26,08/21/26,,08/21/26
New,PENDING-A,1,J3490CC,06/03/26,07/16/26,08/10/26,07/23/26,07/30/26,07/30/26,07/31/26,08/10/26,08/03/26,08/12/26,08/18/26,#N/A,08/20/26,08/21/26,,08/21/26
Onskid,TCE-W2,1,4K002,06/04/26,07/17/26,08/11/26,07/24/26,07/31/26,07/31/26,08/01/26,08/11/26,08/04/26,08/13/26,08/19/26,none,08/21/26,08/24/26,,08/24/26
Onskid,ENB-PSC,2,4M831,see #1,see #1,see #1,see #1,07/31/26,07/31/26,08/01/26,see #1,08/04/26,08/13/26,08/19/26,none,08/21/26,08/24/26,,08/24/26
Offskid,WWM-TIVSC,1,4P457CS,06/05/26,07/20/26,08/12/26,07/27/26,08/03/26,08/03/26,08/04/26,08/12/26,08/05/26,08/14/26,08/20/26,none,08/24/26,08/25/26,,08/25/26
Offskid,WWM-ELSC,1,4P467CS,06/05/26,07/20/26,08/12/26,07/27/26,08/03/26,08/03/26,08/04/26,08/12/26,08/05/26,08/14/26,08/20/26,none,08/24/26,08/25/26,,08/25/26
Onskid,MBYA-P,1,4P044,06/08/26,07/21/26,08/13/26,07/28/26,08/04/26,08/04/26,08/05/26,08/13/26,08/06/26,08/17/26,08/21/26,none,08/25/26,08/26/26,,08/26/26
Onskid,CVX-DC,2,4P481,see #1,see #1,see #1,see #1,08/04/26,08/04/26,08/05/26,see #1,08/06/26,08/17/26,08/21/26,none,08/25/26,08/26/26,,08/26/26
Onskid,STOCK5,29,ANG05,see #1,see #1,see #1,see #1,08/05/26,08/05/26,08/06/26,see #1,08/07/26,08/18/26,08/24/26,none,08/26/26,08/27/26,,08/27/26
Onskid,STOCK5,30,ANG05,see #1,see #1,see #1,see #1,08/10/26,08/10/26,08/11/26,see #1,08/12/26,08/21/26,08/27/26,none,08/31/26,09/01/26,,09/01/26
Onskid,PENDING-A,1,J3720CC,06/12/26,07/27/26,08/19/26,08/03/26,08/10/26,08/10/26,08/11/26,08/19/26,08/12/26,08/21/26,08/27/26,#N/A,08/31/26,09/01/26,,09/01/26
Offskid,LAKES,1,4P501,06/15/26,07/28/26,08/20/26,08/04/26,08/11/26,08/11/26,08/12/26,08/20/26,08/13/26,08/24/26,08/28/26,none,09/01/26,09/02/26,,09/02/26
Onskid,STOCK,13,ANG01,see #1,see #1,see #1,see #1,08/11/26,08/11/26,08/12/26,see #1,08/13/26,08/24/26,08/28/26,none,09/01/26,09/02/26,,09/02/26
Onskid,STOCK3,1,ANG03,06/16/26,07/29/26,08/21/26,08/05/26,08/12/26,08/12/26,08/13/26,08/21/26,08/14/26,08/25/26,08/31/26,none,09/02/26,09/03/26,,09/03/26
NTB,WTE-MHP,1,4L762,06/16/26,07/29/26,08/21/26,08/05/26,08/12/26,08/12/26,08/13/26,08/21/26,08/14/26,08/25/26,08/31/26,none,09/02/26,09/03/26,,09/03/26
Onskid,PROP-98,1,4N051,06/16/26,07/29/26,08/21/26,08/05/26,08/12/26,08/12/26,08/13/26,08/21/26,08/14/26,08/25/26,08/31/26,none,09/02/26,09/03/26,,09/03/26
Onskid,WWM-FR,1,4N381,06/17/26,07/30/26,08/24/26,08/06/26,08/13/26,08/13/26,08/14/26,08/24/26,08/17/26,08/26/26,09/01/26,none,09/03/26,09/04/26,,09/04/26
Onskid,,,,06/17/26,07/30/26,08/24/26,08/06/26,08/13/26,08/13/26,08/14/26,08/24/26,08/17/26,08/26/26,09/01/26,,09/03/26,09/04/26,,09/04/26
Onskid,EPD-OR,1,4P811,06/17/26,07/30/26,08/24/26,08/06/26,08/13/26,08/13/26,08/14/26,08/24/26,08/17/26,08/26/26,09/01/26,none,09/03/26,09/04/26,,09/04/26
Onskid,VOLTAGD,11,4M891,see #1,see #1,see #1,see #1,08/14/26,08/14/26,08/15/26,see #1,08/18/26,08/27/26,09/02/26,none,09/04/26,09/08/26,,09/08/26
Onskid,EPD-OR,2,4P811,see #1,see #1,see #1,see #1,08/14/26,08/14/26,08/15/26,see #1,08/18/26,08/27/26,09/02/26,none,09/04/26,09/08/26,,09/08/26
Onskid,PENDING-A,1,J4010CC,06/19/26,08/03/26,08/26/26,08/10/26,08/17/26,08/17/26,08/18/26,08/26/26,08/19/26,08/28/26,09/03/26,#N/A,09/08/26,09/09/26,,09/09/26
Onskid,KM-AUBU,1,4M641,06/19/26,08/03/26,08/26/26,08/10/26,08/17/26,08/17/26,08/18/26,08/26/26,08/19/26,08/28/26,09/03/26,none,09/08/26,09/09/26,,09/09/26
Onskid,MBYA-P,2,4P044,see #1,see #1,see #1,see #1,08/17/26,08/17/26,08/18/26,see #1,08/19/26,08/28/26,09/03/26,none,09/08/26,09/09/26,,09/09/26
Onskid,STOCK5,31,ANG05,see #1,see #1,see #1,see #1,08/18/26,08/18/26,08/19/26,see #1,08/20/26,08/31/26,09/04/26,none,09/09/26,09/10/26,,09/10/26
Onskid,SUNFLWR,2,4M431,see #1,see #1,see #1,see #1,08/18/26,08/18/26,08/19/26,see #1,08/20/26,08/31/26,09/04/26,none,09/09/26,09/10/26,,09/10/26
Onskid,WWM-FR,2,4N381,see #1,see #1,see #1,see #1,08/18/26,08/18/26,08/19/26,see #1,08/20/26,08/31/26,09/04/26,none,09/09/26,09/10/26,,09/10/26
Onskid,VOLTAGD,12,4M891,see #1,see #1,see #1,see #1,08/19/26,08/19/26,08/20/26,see #1,08/21/26,09/01/26,09/08/26,none,09/10/26,09/11/26,,09/11/26
Offskid,SUNUAPA STAT,1,J3667CS,06/23/26,08/05/26,08/28/26,08/12/26,08/19/26,08/19/26,08/20/26,08/28/26,08/21/26,09/01/26,09/08/26,none,09/10/26,09/11/26,,09/11/26
New,WTE-MLP,1,4L761,06/24/26,08/06/26,08/31/26,08/13/26,08/20/26,08/20/26,08/21/26,08/31/26,08/24/26,09/02/26,09/09/26,none,09/11/26,09/14/26,,09/14/26
Onskid,STOCK3,2,ANG03,see #1,see #1,see #1,see #1,08/20/26,08/20/26,08/21/26,see #1,08/24/26,09/02/26,09/09/26,none,09/11/26,09/14/26,,09/14/26
Onskid,PROP-99,1,4N061,06/24/26,08/06/26,08/31/26,08/13/26,08/20/26,08/20/26,08/21/26,08/31/26,08/24/26,09/02/26,09/09/26,none,09/11/26,09/14/26,,09/14/26
Onskid,,,,06/25/26,08/07/26,09/01/26,08/14/26,08/21/26,08/21/26,08/22/26,09/01/26,08/25/26,09/03/26,09/10/26,,09/14/26,09/15/26,,09/15/26
Onskid,WWM-A,1,4N131,06/25/26,08/07/26,09/01/26,08/14/26,08/21/26,08/21/26,08/22/26,09/01/26,08/25/26,09/03/26,09/10/26,none,09/14/26,09/15/26,,09/15/26
Onskid,TGN-BIB,1,4P691,06/25/26,08/07/26,09/01/26,08/14/26,08/21/26,08/21/26,08/22/26,09/01/26,08/25/26,09/03/26,09/10/26,none,09/14/26,09/15/26,,09/15/26
Onskid,DTM-BC,1,4P711,06/26/26,08/10/26,09/02/26,08/17/26,08/24/26,08/24/26,08/25/26,09/02/26,08/26/26,09/04/26,09/11/26,none,09/15/26,09/16/26,,09/16/26
Offskid,PENDING-A,1,J3880CC,06/29/26,08/11/26,09/03/26,08/18/26,08/25/26,08/25/26,08/26/26,09/03/26,08/27/26,09/08/26,09/14/26,#N/A,09/16/26,09/17/26,,09/17/26
Onskid,ENB-PSC,3,4M831,see #1,see #1,see #1,see #1,08/26/26,08/26/26,08/27/26,see #1,08/28/26,09/09/26,09/15/26,none,09/17/26,09/18/26,,09/18/26
Onskid,STOCK3,3,ANG03,see #1,see #1,see #1,see #1,08/26/26,08/26/26,08/27/26,see #1,08/28/26,09/09/26,09/15/26,none,09/17/26,09/18/26,,09/18/26
Onskid,,,,06/30/26,08/12/26,09/04/26,08/19/26,08/26/26,08/26/26,08/27/26,09/04/26,08/28/26,09/09/26,09/15/26,,09/17/26,09/18/26,,09/18/26
Onskid,EPD-OR,3,4P811,see #1,see #1,see #1,see #1,08/27/26,08/27/26,08/28/26,see #1,08/31/26,09/10/26,09/16/26,none,09/18/26,09/21/26,,09/21/26
Onskid,TGN-POD,1,4P692,07/01/26,08/13/26,09/08/26,08/20/26,08/27/26,08/27/26,08/28/26,09/08/26,08/31/26,09/10/26,09/16/26,none,09/18/26,09/21/26,,09/21/26
Onskid,BWP-YOU,1,4N231,07/01/26,08/13/26,09/08/26,08/20/26,08/27/26,08/27/26,08/28/26,09/08/26,08/31/26,09/10/26,09/16/26,none,09/18/26,09/21/26,,09/21/26
Offskid,WTE-MHP,1,4L762,07/06/26,08/17/26,09/10/26,08/24/26,08/31/26,08/31/26,09/01/26,09/10/26,09/02/26,09/14/26,09/18/26,none,09/22/26,09/23/26,,09/23/26
Onskid,STOCK5,32,ANG05,see #1,see #1,see #1,see #1,08/31/26,08/31/26,09/01/26,see #1,09/02/26,09/14/26,09/18/26,none,09/22/26,09/23/26,,09/23/26
Onskid,WWM-W,2,4N121,see #1,see #1,see #1,see #1,08/31/26,08/31/26,09/01/26,see #1,09/02/26,09/14/26,09/18/26,none,09/22/26,09/23/26,,09/23/26
NTB,PTT-P,1,4P651,07/07/26,08/18/26,09/11/26,08/25/26,09/01/26,09/01/26,09/02/26,09/11/26,09/03/26,09/15/26,09/21/26,none,09/23/26,09/24/26,,09/24/26
Onskid,CVX-DC,3,4P481,see #1,see #1,see #1,see #1,09/01/26,09/01/26,09/02/26,see #1,09/03/26,09/15/26,09/21/26,none,09/23/26,09/24/26,,09/24/26
Onskid,STOCK5,33,ANG05,see #1,see #1,see #1,see #1,09/02/26,09/02/26,09/03/26,see #1,09/04/26,09/16/26,09/22/26,none,09/24/26,09/25/26,,09/25/26
Onskid,ATMOS-H,1,4P941,07/08/26,08/19/26,09/14/26,08/26/26,09/02/26,09/02/26,09/03/26,09/14/26,09/04/26,09/16/26,09/22/26,none,09/24/26,09/25/26,,09/25/26
Onskid,SOLAR-1,1,4N341,07/09/26,08/20/26,09/15/26,08/27/26,09/03/26,09/03/26,09/04/26,09/15/26,09/08/26,09/17/26,09/23/26,none,09/25/26,09/28/26,,09/28/26
Offskid,WTE-MLP,1,4L761,07/09/26,08/20/26,09/15/26,08/27/26,09/03/26,09/03/26,09/04/26,09/15/26,09/08/26,09/17/26,09/23/26,none,09/25/26,09/28/26,,09/28/26
Onskid,ARC-A,1,4K781,07/10/26,08/21/26,09/16/26,08/28/26,09/04/26,09/04/26,09/05/26,09/16/26,09/09/26,09/18/26,09/24/26,none,09/28/26,09/29/26,,09/29/26
Onskid,DTM-BC,2,4P711,see #1,see #1,see #1,see #1,09/04/26,09/04/26,09/05/26,see #1,09/09/26,09/18/26,09/24/26,none,09/28/26,09/29/26,,09/29/26
NTB,MITSY-W,1,4P701,07/13/26,08/24/26,09/17/26,08/31/26,09/08/26,09/08/26,09/09/26,09/17/26,09/10/26,09/21/26,09/25/26,none,09/29/26,09/30/26,,09/30/26
Offskid,TRANSWESTERN BLOOM,1,H2060CC,07/13/26,08/24/26,09/17/26,08/31/26,09/08/26,09/08/26,09/09/26,09/17/26,09/10/26,09/21/26,09/25/26,none,09/29/26,09/30/26,,09/30/26
Onskid,WIL-APO,5,4N431,see #1,see #1,see #1,see #1,09/08/26,09/08/26,09/09/26,see #1,09/10/26,09/21/26,09/25/26,,09/29/26,09/30/26,,09/30/26
Onskid,SOLAR-2,1,4N351,07/14/26,08/25/26,09/18/26,09/01/26,09/09/26,09/09/26,09/10/26,09/18/26,09/11/26,09/22/26,09/28/26,none,09/30/26,10/01/26,,10/01/26
Onskid,SOU-FLN,2,4N171,see #1,see #1,see #1,see #1,09/10/26,09/10/26,09/11/26,see #1,09/14/26,09/23/26,09/29/26,none,10/01/26,10/02/26,,10/02/26
Onskid,ATMOS-H,2,4P941,see #1,see #1,see #1,see #1,09/11/26,09/11/26,09/12/26,see #1,09/15/26,09/24/26,09/30/26,none,10/02/26,10/05/26,,10/05/26
Onskid,ATCO-Y,1,4P751,07/16/26,08/27/26,09/22/26,09/03/26,09/11/26,09/11/26,09/12/26,09/22/26,09/15/26,09/24/26,09/30/26,none,10/02/26,10/05/26,,10/05/26
Onskid,ATCO-Y,2,4P751,see #1,see #1,see #1,see #1,09/11/26,09/11/26,09/12/26,see #1,09/15/26,09/24/26,09/30/26,none,10/02/26,10/05/26,,10/05/26
Onskid,STOCK5,34,ANG05,see #1,see #1,see #1,see #1,09/14/26,09/14/26,09/15/26,see #1,09/16/26,09/25/26,10/01/26,none,10/05/26,10/06/26,,10/06/26
Onskid,WWM-A,2,                                   ,see #1,see #1,see #1,see #1,09/14/26,09/14/26,09/15/26,see #1,09/16/26,09/25/26,10/01/26,none,10/05/26,10/06/26,,10/06/26
Onskid,PENDING-A,1,AE23-69001,07/17/26,08/28/26,09/23/26,09/04/26,09/14/26,09/14/26,09/15/26,09/23/26,09/16/26,09/25/26,10/01/26,#N/A,10/05/26,10/06/26,,10/06/26
Offskid,LAKESSC,1,4P508CS,07/20/26,08/31/26,09/24/26,09/08/26,09/15/26,09/15/26,09/16/26,09/24/26,09/17/26,09/28/26,10/02/26,none,10/06/26,10/07/26,,10/07/26
Onskid,SOU-FLN,3,4N171,see #1,see #1,see #1,see #1,09/15/26,09/15/26,09/16/26,see #1,09/17/26,09/28/26,10/02/26,none,10/06/26,10/07/26,,10/07/26
Onskid,MPW-CHP,1,4K701,07/20/26,08/31/26,09/24/26,09/08/26,09/15/26,09/15/26,09/16/26,09/24/26,09/17/26,09/28/26,10/02/26,none,10/06/26,10/07/26,,10/07/26
Offskid,PTT-P,1,4P651,07/21/26,09/01/26,09/25/26,09/09/26,09/16/26,09/16/26,09/17/26,09/25/26,09/18/26,09/29/26,10/05/26,none,10/07/26,10/08/26,,10/08/26
Offskid,FLOAT,,FLOAT,07/21/26,09/01/26,09/25/26,09/09/26,09/16/26,09/16/26,09/17/26,09/25/26,09/18/26,09/29/26,10/05/26,#N/A,10/07/26,10/08/26,,10/08/26
Onskid,STOCK3,4,ANG03,see #1,see #1,see #1,see #1,09/17/26,09/17/26,09/18/26,see #1,09/21/26,09/30/26,10/06/26,none,10/08/26,10/09/26,,10/09/26
Offskid,NORTH OIL-A,1,J2181CC,07/23/26,09/03/26,09/29/26,09/11/26,09/18/26,09/18/26,09/19/26,09/29/26,09/22/26,10/01/26,10/07/26,none,10/09/26,10/12/26,,10/12/26
Offskid,NORTH OIL-A,2,J2181CC,see #1,see #1,see #1,see #1,09/18/26,09/18/26,09/19/26,see #1,09/22/26,10/01/26,10/07/26,none,10/09/26,10/12/26,,10/12/26
Onskid,STOCK3,5,ANG03,see #1,see #1,see #1,see #1,09/18/26,09/18/26,09/19/26,see #1,09/22/26,10/01/26,10/07/26,none,10/09/26,10/12/26,,10/12/26
Offskid,MITSY-W,1,4P701,07/24/26,09/04/26,09/30/26,09/14/26,09/21/26,09/21/26,09/22/26,09/30/26,09/23/26,10/02/26,10/08/26,none,10/12/26,10/13/26,,10/13/26
Offskid,FLOAT,1,FLOAT,07/24/26,09/04/26,09/30/26,09/14/26,09/21/26,09/21/26,09/22/26,09/30/26,09/23/26,10/02/26,10/08/26,#N/A,10/12/26,10/13/26,,10/13/26
Onskid,WIL-APO,6,4N431,see #1,see #1,see #1,see #1,09/22/26,09/22/26,09/23/26,see #1,09/24/26,10/05/26,10/09/26,,10/13/26,10/14/26,,10/14/26
NTB,QE-CP8S,1,4M612,07/28/26,09/09/26,10/02/26,09/16/26,09/23/26,09/23/26,09/24/26,10/02/26,09/25/26,10/06/26,10/12/26,none,10/14/26,10/15/26,,10/15/26
Offskid,LOST,1,MABANK,07/29/26,09/10/26,10/05/26,09/17/26,09/24/26,09/24/26,09/25/26,10/05/26,09/28/26,10/07/26,10/13/26,#N/A,10/15/26,10/16/26,,10/16/26
Offskid,WWM-O-SC,1,4N377CS,07/30/26,09/11/26,10/06/26,09/18/26,09/25/26,09/25/26,09/26/26,10/06/26,09/29/26,10/08/26,10/14/26,,10/16/26,10/19/26,,10/19/26
Onskid,STOCK3,6,ANG03,see #1,see #1,see #1,see #1,09/25/26,09/25/26,09/26/26,see #1,09/29/26,10/08/26,10/14/26,none,10/16/26,10/19/26,,10/19/26
NTB,QE-CP8S,2,4M612,see #1,see #1,see #1,see #1,09/25/26,09/25/26,09/26/26,see #1,09/29/26,10/08/26,10/14/26,none,10/16/26,10/19/26,,10/19/26
Onskid,DTM-BC,3,4P711,see #1,see #1,see #1,see #1,09/28/26,09/28/26,09/29/26,see #1,09/30/26,10/09/26,10/15/26,none,10/19/26,10/20/26,,10/20/26
Onskid,SUNFLWR,3,4M431,see #1,see #1,see #1,see #1,09/30/26,09/30/26,10/01/26,see #1,10/02/26,10/13/26,10/19/26,none,10/21/26,10/22/26,,10/22/26
Onskid,SOLAR-3,1,4N441,08/04/26,09/16/26,10/09/26,09/23/26,09/30/26,09/30/26,10/01/26,10/09/26,10/02/26,10/13/26,10/19/26,none,10/21/26,10/22/26,,10/22/26
Onskid,BOC-TUB,1,4G922,08/05/26,09/17/26,10/12/26,09/24/26,10/01/26,10/01/26,10/02/26,10/12/26,10/05/26,10/14/26,10/20/26,none,10/22/26,10/23/26,,10/23/26
Offskid,WWM-EC-SC,1,4N167CS,08/05/26,09/17/26,10/12/26,09/24/26,10/01/26,10/01/26,10/02/26,10/12/26,10/05/26,10/14/26,10/20/26,none,10/22/26,10/23/26,,10/23/26
NTB,QE-CP8S,3,4M612,see #1,see #1,see #1,see #1,10/01/26,10/01/26,10/02/26,see #1,10/05/26,10/14/26,10/20/26,none,10/22/26,10/23/26,,10/23/26
Offskid,PENDING-A,1,MABANK,08/06/26,09/18/26,10/13/26,09/25/26,10/02/26,10/02/26,10/03/26,10/13/26,10/06/26,10/15/26,10/21/26,#N/A,10/23/26,10/26/26,,10/26/26
Onskid,GB-GBE,1,4P971,08/07/26,09/21/26,10/14/26,09/28/26,10/05/26,10/05/26,10/06/26,10/14/26,10/07/26,10/16/26,10/22/26,none,10/26/26,10/27/26,,10/27/26
NTB,QE-CP8S,4,4M612,see #1,see #1,see #1,see #1,10/06/26,10/06/26,10/07/26,see #1,10/08/26,10/19/26,10/23/26,none,10/27/26,10/28/26,,10/28/26
Onskid,SOLAR-4,1,4N451,08/11/26,09/23/26,10/16/26,09/30/26,10/07/26,10/07/26,10/08/26,10/16/26,10/09/26,10/20/26,10/26/26,none,10/28/26,10/29/26,,10/29/26
Offskid,QE-CP8S,1,4M612,08/11/26,09/23/26,10/16/26,09/30/26,10/07/26,10/07/26,10/08/26,10/16/26,10/09/26,10/20/26,10/26/26,none,10/28/26,10/29/26,,10/29/26
Onskid,TCE-GAP,1,4K731,08/12/26,09/24/26,10/19/26,10/01/26,10/08/26,10/08/26,10/09/26,10/19/26,10/12/26,10/21/26,10/27/26,none,10/29/26,10/30/26,,10/30/26
New,PENDING-A,1,MABANK,08/12/26,09/24/26,10/19/26,10/01/26,10/08/26,10/08/26,10/09/26,10/19/26,10/12/26,10/21/26,10/27/26,#N/A,10/29/26,10/30/26,,10/30/26
Onskid,WIL-APO,7,4N431,see #1,see #1,see #1,see #1,10/08/26,10/08/26,10/09/26,see #1,10/12/26,10/21/26,10/27/26,,10/29/26,10/30/26,,10/30/26
NTB,WISON-S,1,4P531,08/13/26,09/25/26,10/20/26,10/02/26,10/09/26,10/09/26,10/10/26,10/20/26,10/13/26,10/22/26,10/28/26,none,10/30/26,11/02/26,,11/02/26
NTB,QE-CP4N,1,4M611,08/14/26,09/28/26,10/21/26,10/05/26,10/12/26,10/12/26,10/13/26,10/21/26,10/14/26,10/23/26,10/29/26,none,11/02/26,11/03/26,,11/03/26
Offskid,QE-CP8S,2,4M612,see #1,see #1,see #1,see #1,10/12/26,10/12/26,10/13/26,see #1,10/14/26,10/23/26,10/29/26,none,11/02/26,11/03/26,,11/03/26
Onskid,PENDING-A,1,MABANK,08/14/26,09/28/26,10/21/26,10/05/26,10/12/26,10/12/26,10/13/26,10/21/26,10/14/26,10/23/26,10/29/26,#N/A,11/02/26,11/03/26,,11/03/26
Onskid,EGTS-50,1,4K581,08/17/26,09/29/26,10/22/26,10/06/26,10/13/26,10/13/26,10/14/26,10/22/26,10/15/26,10/26/26,10/30/26,none,11/03/26,11/04/26,,11/04/26
Onskid,WWM-O,1,4N371,08/17/26,09/29/26,10/22/26,10/06/26,10/13/26,10/13/26,10/14/26,10/22/26,10/15/26,10/26/26,10/30/26,none,11/03/26,11/04/26,,11/04/26
Onskid,S60-97,1,4P641,08/17/26,09/29/26,10/22/26,10/06/26,10/13/26,10/13/26,10/14/26,10/22/26,10/15/26,10/26/26,10/30/26,none,11/03/26,11/04/26,,11/04/26
Onskid,EOG-250,1,4M881,08/18/26,09/30/26,10/23/26,10/07/26,10/14/26,10/14/26,10/15/26,10/23/26,10/16/26,10/27/26,11/02/26,none,11/04/26,11/05/26,,11/05/26
Onskid,EGTS-C,1,4L551,08/18/26,09/30/26,10/23/26,10/07/26,10/14/26,10/14/26,10/15/26,10/23/26,10/16/26,10/27/26,11/02/26,none,11/04/26,11/05/26,,11/05/26
Onskid,CVX-DC,4,4P481,see #1,see #1,see #1,see #1,10/14/26,10/14/26,10/15/26,see #1,10/16/26,10/27/26,11/02/26,none,11/04/26,11/05/26,,11/05/26
Onskid,TCE-AHP,1,4K522,08/19/26,10/01/26,10/26/26,10/08/26,10/15/26,10/15/26,10/16/26,10/26/26,10/19/26,10/28/26,11/03/26,none,11/05/26,11/06/26,,11/06/26
NTB,CCU-GS,1,4P541,08/19/26,10/01/26,10/26/26,10/08/26,10/15/26,10/15/26,10/16/26,10/26/26,10/19/26,10/28/26,11/03/26,none,11/05/26,11/06/26,,11/06/26
Offskid,QE-CP8S,3,4M612,see #1,see #1,see #1,see #1,10/15/26,10/15/26,10/16/26,see #1,10/19/26,10/28/26,11/03/26,none,11/05/26,11/06/26,,11/06/26
Onskid,TCE-S,1,4K011,08/20/26,10/02/26,10/27/26,10/09/26,10/16/26,10/16/26,10/17/26,10/27/26,10/20/26,10/29/26,11/04/26,none,11/06/26,11/09/26,,11/09/26
Onskid,WIL-APO,8,4N431,see #1,see #1,see #1,see #1,10/16/26,10/16/26,10/17/26,see #1,10/20/26,10/29/26,11/04/26,,11/06/26,11/09/26,,11/09/26
Onskid,PENDING-A,1,MABANK,08/21/26,10/05/26,10/28/26,10/12/26,10/19/26,10/19/26,10/20/26,10/28/26,10/21/26,10/30/26,11/05/26,#N/A,11/09/26,11/10/26,,11/10/26
Onskid,SOLAR-5,1,4N471,08/21/26,10/05/26,10/28/26,10/12/26,10/19/26,10/19/26,10/20/26,10/28/26,10/21/26,10/30/26,11/05/26,none,11/09/26,11/10/26,,11/10/26
Onskid,EGTS-LE,1,4L561,08/21/26,10/05/26,10/28/26,10/12/26,10/19/26,10/19/26,10/20/26,10/28/26,10/21/26,10/30/26,11/05/26,none,11/09/26,11/10/26,,11/10/26
Offskid,QE-CP8S,4,4M612,see #1,see #1,see #1,see #1,10/20/26,10/20/26,10/21/26,see #1,10/22/26,11/02/26,11/06/26,none,11/10/26,11/11/26,,11/11/26
Onskid,STKAE1,1,AED01,08/25/26,10/07/26,10/30/26,10/14/26,10/21/26,10/21/26,10/22/26,10/30/26,10/23/26,11/03/26,11/09/26,,11/11/26,11/12/26,,11/12/26
Onskid,WILGLL1,1,4P021,08/25/26,10/07/26,10/30/26,10/14/26,10/21/26,10/21/26,10/22/26,10/30/26,10/23/26,11/03/26,11/09/26,none,11/11/26,11/12/26,,11/12/26
Onskid,WWM-O,2,4N371,see #1,see #1,see #1,see #1,10/21/26,10/21/26,10/22/26,see #1,10/23/26,11/03/26,11/09/26,none,11/11/26,11/12/26,,11/12/26
Onskid,SOLAR-6,1,4N481,08/26/26,10/08/26,11/02/26,10/15/26,10/22/26,10/22/26,10/23/26,11/02/26,10/26/26,11/04/26,11/10/26,none,11/12/26,11/13/26,,11/13/26
Offskid,PENDING-A,1,MABANK,08/26/26,10/08/26,11/02/26,10/15/26,10/22/26,10/22/26,10/23/26,11/02/26,10/26/26,11/04/26,11/10/26,#N/A,11/12/26,11/13/26,,11/13/26
Onskid,ETP-OA,1,4P901,08/26/26,10/08/26,11/02/26,10/15/26,10/22/26,10/22/26,10/23/26,11/02/26,10/26/26,11/04/26,11/10/26,none,11/12/26,11/13/26,,11/13/26
Onskid,ETP-OA,2,4P901,see #1,see #1,see #1,see #1,10/23/26,10/23/26,10/24/26,see #1,10/27/26,11/05/26,11/11/26,none,11/13/26,11/16/26,,11/16/26
Onskid,STOCK2,6,ANG02,see #1,see #1,see #1,see #1,10/23/26,10/23/26,10/24/26,see #1,10/27/26,11/05/26,11/11/26,,11/13/26,11/16/26,,11/16/26
Offskid,PENDING-A,1,MABANK 4 BAY,08/27/26,10/09/26,11/03/26,10/16/26,10/23/26,10/23/26,10/24/26,11/03/26,10/27/26,11/05/26,11/11/26,none,11/13/26,11/16/26,,11/16/26
Offskid,FLOAT, ,FLOAT,see #1,see #1,see #1,see #1,10/26/26,10/26/26,10/27/26,see #1,10/28/26,11/06/26,11/12/26,,11/16/26,11/17/26,,11/17/26
Offskid,FLOAT, ,FLOAT,see #1,see #1,see #1,see #1,10/26/26,10/26/26,10/27/26,see #1,10/28/26,11/06/26,11/12/26,#N/A,11/16/26,11/17/26,,11/17/26
Onskid,WWM-RA3,1,4N161,08/31/26,10/13/26,11/05/26,10/20/26,10/27/26,10/27/26,10/28/26,11/05/26,10/29/26,11/09/26,11/13/26,none,11/17/26,11/18/26,,11/18/26
Onskid,BWP-HAR,1,4P391,08/31/26,10/13/26,11/05/26,10/20/26,10/27/26,10/27/26,10/28/26,11/05/26,10/29/26,11/09/26,11/13/26,none,11/17/26,11/18/26,,11/18/26
Onskid,ENB-T70,1,4P731,08/31/26,10/13/26,11/05/26,10/20/26,10/27/26,10/27/26,10/28/26,11/05/26,10/29/26,11/09/26,11/13/26,none,11/17/26,11/18/26,,11/18/26
Onskid,ENB-T70,2,4P731,see #1,see #1,see #1,see #1,10/28/26,10/28/26,10/29/26,see #1,10/30/26,11/10/26,11/16/26,none,11/18/26,11/19/26,,11/19/26
Onskid,STOCK2,7,ANG02,see #1,see #1,see #1,see #1,10/28/26,10/28/26,10/29/26,see #1,10/30/26,11/10/26,11/16/26,none,11/18/26,11/19/26,,11/19/26
Offskid,QE-CP4N,1,4M611,09/01/26,10/14/26,11/06/26,10/21/26,10/28/26,10/28/26,10/29/26,11/06/26,10/30/26,11/10/26,11/16/26,none,11/18/26,11/19/26,,11/19/26
NTB,QE-CP4N,2,4M611,see #1,see #1,see #1,see #1,10/29/26,10/29/26,10/30/26,see #1,11/02/26,11/11/26,11/17/26,none,11/19/26,11/20/26,,11/20/26
Offskid,WWM-F-SC,1,4N157CS,09/02/26,10/15/26,11/09/26,10/22/26,10/29/26,10/29/26,10/30/26,11/09/26,11/02/26,11/11/26,11/17/26,none,11/19/26,11/20/26,,11/20/26
Offskid,PENDING-A,1,MABANK 4 BAY,09/03/26,10/16/26,11/10/26,10/23/26,10/30/26,10/30/26,10/31/26,11/10/26,11/03/26,11/12/26,11/18/26,,11/20/26,11/23/26,,11/23/26
Offskid,FLOAT, ,FLOAT,see #1,see #1,see #1,see #1,10/30/26,10/30/26,10/31/26,see #1,11/03/26,11/12/26,11/18/26,,11/20/26,11/23/26,,11/23/26
Offskid,FLOAT, ,FLOAT,see #1,see #1,see #1,see #1,10/30/26,10/30/26,10/31/26,see #1,11/03/26,11/12/26,11/18/26,,11/20/26,11/23/26,,11/23/26
NTB,TRID-T,1,4P671,09/04/26,10/19/26,11/11/26,10/26/26,11/02/26,11/02/26,11/03/26,11/11/26,11/04/26,11/13/26,11/19/26,none,11/23/26,11/24/26,,11/24/26
Offskid,PENDING-A,1,MABANK,09/04/26,10/19/26,11/11/26,10/26/26,11/02/26,11/02/26,11/03/26,11/11/26,11/04/26,11/13/26,11/19/26,#N/A,11/23/26,11/24/26,,11/24/26
Onskid,S60-101,1,4R181,09/04/26,10/19/26,11/11/26,10/26/26,11/02/26,11/02/26,11/03/26,11/11/26,11/04/26,11/13/26,11/19/26,none,11/23/26,11/24/26,,11/24/26
Onskid,PER-M60,2,4P041,see #1,see #1,see #1,see #1,11/03/26,11/03/26,11/04/26,see #1,11/05/26,11/16/26,11/20/26,none,11/24/26,11/25/26,,11/25/26
Onskid,PER-M60,2,4P041,see #1,see #1,see #1,see #1,11/03/26,11/03/26,11/04/26,see #1,11/05/26,11/16/26,11/20/26,none,11/24/26,11/25/26,,11/25/26
Onskid,S60-102,1,4R191,09/08/26,10/20/26,11/12/26,10/27/26,11/03/26,11/03/26,11/04/26,11/12/26,11/05/26,11/16/26,11/20/26,none,11/24/26,11/25/26,,11/25/26
Onskid,ENB-D,1,4K891,09/09/26,10/21/26,11/13/26,10/28/26,11/04/26,11/04/26,11/05/26,11/13/26,11/06/26,11/17/26,11/23/26,none,11/25/26,11/30/26,,11/30/26
New,PENDING-A,1,MABANK,09/09/26,10/21/26,11/13/26,10/28/26,11/04/26,11/04/26,11/05/26,11/13/26,11/06/26,11/17/26,11/23/26,#N/A,11/25/26,11/30/26,,11/30/26
Onskid,STOCK,14,ANG01,see #1,see #1,see #1,see #1,11/04/26,11/04/26,11/05/26,see #1,11/06/26,11/17/26,11/23/26,none,11/25/26,11/30/26,,11/30/26
NTB,TRID-60,1,4P981,09/10/26,10/22/26,11/16/26,10/29/26,11/05/26,11/05/26,11/06/26,11/16/26,11/09/26,11/18/26,11/24/26,none,11/30/26,12/01/26,,12/01/26
Offskid,QE-CP4N,2,4M611,see #1,see #1,see #1,see #1,11/05/26,11/05/26,11/06/26,see #1,11/09/26,11/18/26,11/24/26,none,11/30/26,12/01/26,,12/01/26
Onskid,STOCK2,8,ANG02,see #1,see #1,see #1,see #1,11/05/26,11/05/26,11/06/26,see #1,11/09/26,11/18/26,11/24/26,none,11/30/26,12/01/26,,12/01/26
Onskid,ENB-D,2,4K891,see #1,see #1,see #1,see #1,11/06/26,11/06/26,11/07/26,see #1,11/10/26,11/19/26,11/25/26,none,12/01/26,12/02/26,,12/02/26
Onskid,LOST,1,MABANK,09/11/26,10/23/26,11/17/26,10/30/26,11/06/26,11/06/26,11/07/26,11/17/26,11/10/26,11/19/26,11/25/26,#N/A,12/01/26,12/02/26,,12/02/26
Onskid,CVX-DC,5,4P481,see #1,see #1,see #1,see #1,11/06/26,11/06/26,11/07/26,see #1,11/10/26,11/19/26,11/25/26,none,12/01/26,12/02/26,,12/02/26
Onskid,BWP-SOR,1,4N221,09/14/26,10/26/26,11/18/26,11/02/26,11/09/26,11/09/26,11/10/26,11/18/26,11/11/26,11/20/26,11/30/26,none,12/02/26,12/03/26,,12/03/26
Offskid,NORTH OIL-B,1,J2180CC,09/14/26,10/26/26,11/18/26,11/02/26,11/09/26,11/09/26,11/10/26,11/18/26,11/11/26,11/20/26,11/30/26,none,12/02/26,12/03/26,,12/03/26
Offskid,NORTH OIL-B,2,J2180CC,see #1,see #1,see #1,see #1,11/09/26,11/09/26,11/10/26,see #1,11/11/26,11/20/26,11/30/26,none,12/02/26,12/03/26,,12/03/26
Offskid,NORTH OIL-B,3,J2180CC,see #1,see #1,see #1,see #1,11/10/26,11/10/26,11/11/26,see #1,11/12/26,11/23/26,12/01/26,none,12/03/26,12/04/26,,12/04/26
Offskid,NORTH OIL-B,4,J2180CC,see #1,see #1,see #1,see #1,11/10/26,11/10/26,11/11/26,see #1,11/12/26,11/23/26,12/01/26,none,12/03/26,12/04/26,,12/04/26
Offskid,WISON-S,1,4P531,09/15/26,10/27/26,11/19/26,11/03/26,11/10/26,11/10/26,11/11/26,11/19/26,11/12/26,11/23/26,12/01/26,none,12/03/26,12/04/26,,12/04/26
Offskid,FLOAT, ,FLOAT,see #1,see #1,see #1,see #1,11/11/26,11/11/26,11/12/26,see #1,11/13/26,11/24/26,12/02/26,#N/A,12/04/26,12/07/26,,12/07/26
Onskid,REDSUN1,1,4T381,09/16/26,10/28/26,11/20/26,11/04/26,11/11/26,11/11/26,11/12/26,11/20/26,11/13/26,11/24/26,12/02/26,#N/A,12/04/26,12/07/26,,12/07/26
Onskid,STOCK,15,ANG01,see #1,see #1,see #1,see #1,11/11/26,11/11/26,11/12/26,see #1,11/13/26,11/24/26,12/02/26,none,12/04/26,12/07/26,,12/07/26
NTB,QE-CP4N,3,4M611,see #1,see #1,see #1,see #1,11/12/26,11/12/26,11/13/26,see #1,11/16/26,11/25/26,12/03/26,none,12/07/26,12/08/26,,12/08/26
Onskid,S60-103,1,4R201,09/17/26,10/29/26,11/23/26,11/05/26,11/12/26,11/12/26,11/13/26,11/23/26,11/16/26,11/25/26,12/03/26,none,12/07/26,12/08/26,,12/08/26
Onskid,REDSUN1,1,4T381,09/17/26,10/29/26,11/23/26,11/05/26,11/12/26,11/12/26,11/13/26,11/23/26,11/16/26,11/25/26,12/03/26,#N/A,12/07/26,12/08/26,,12/08/26
NTB,WISON-S,2,4P531,see #1,see #1,see #1,see #1,11/13/26,11/13/26,11/14/26,see #1,11/17/26,11/30/26,12/04/26,none,12/08/26,12/09/26,,12/09/26
Onskid,SOLAR-7,1,4N491,09/18/26,10/30/26,11/24/26,11/06/26,11/13/26,11/13/26,11/14/26,11/24/26,11/17/26,11/30/26,12/04/26,none,12/08/26,12/09/26,,12/09/26
Onskid,STOCK2,9,ANG02,see #1,see #1,see #1,see #1,11/13/26,11/13/26,11/14/26,see #1,11/17/26,11/30/26,12/04/26,none,12/08/26,12/09/26,,12/09/26
NTB,PTT-CO2,1,4P661,09/21/26,11/02/26,11/25/26,11/09/26,11/16/26,11/16/26,11/17/26,11/25/26,11/18/26,12/01/26,12/07/26,none,12/09/26,12/10/26,,12/10/26
Onskid,LONGT60,1,4J232,09/21/26,11/02/26,11/25/26,11/09/26,11/16/26,11/16/26,11/17/26,11/25/26,11/18/26,12/01/26,12/07/26,none,12/09/26,12/10/26,,12/10/26
NTB,CCU-GS,2,4P541,see #1,see #1,see #1,see #1,11/16/26,11/16/26,11/17/26,see #1,11/18/26,12/01/26,12/07/26,none,12/09/26,12/10/26,,12/10/26
Onskid,LOST,1,MABANK,09/22/26,11/03/26,11/30/26,11/10/26,11/17/26,11/17/26,11/18/26,11/30/26,11/19/26,12/02/26,12/08/26,#N/A,12/10/26,12/11/26,,12/11/26
Onskid,S60-104,1,4R211,09/22/26,11/03/26,11/30/26,11/10/26,11/17/26,11/17/26,11/18/26,11/30/26,11/19/26,12/02/26,12/08/26,none,12/10/26,12/11/26,,12/11/26
Offskid,TRID-T,1,4P671,09/23/26,11/04/26,12/01/26,11/11/26,11/18/26,11/18/26,11/19/26,12/01/26,11/20/26,12/03/26,12/09/26,none,12/11/26,12/14/26,,12/14/26
Offskid,TRID-60,1,4P981,09/23/26,11/04/26,12/01/26,11/11/26,11/18/26,11/18/26,11/19/26,12/01/26,11/20/26,12/03/26,12/09/26,none,12/11/26,12/14/26,,12/14/26
Onskid,SOLAR -8,1,4N501,09/25/26,11/06/26,12/03/26,11/13/26,11/20/26,11/20/26,11/21/26,12/03/26,11/24/26,12/07/26,12/11/26,none,12/15/26,12/16/26,,12/16/26
Onskid,WIL2001,1,4P861,09/25/26,11/06/26,12/03/26,11/13/26,11/20/26,11/20/26,11/21/26,12/03/26,11/24/26,12/07/26,12/11/26,none,12/15/26,12/16/26,,12/16/26
Onskid,PGMSK33,1,4L001,09/28/26,11/09/26,12/04/26,11/16/26,11/23/26,11/23/26,11/24/26,12/04/26,11/25/26,12/08/26,12/14/26,#N/A,12/16/26,12/17/26,,12/17/26
New,,, ,09/28/26,11/09/26,12/04/26,11/16/26,11/23/26,11/23/26,11/24/26,12/04/26,11/25/26,12/08/26,12/14/26,,12/16/26,12/17/26,,12/17/26
Offskid,CCU-GS,1,4P541,09/28/26,11/09/26,12/04/26,11/16/26,11/23/26,11/23/26,11/24/26,12/04/26,11/25/26,12/08/26,12/14/26,none,12/16/26,12/17/26,,12/17/26
Offskid,CCU-GS,2,4P541,see #1,see #1,see #1,see #1,11/24/26,11/24/26,11/25/26,see #1,11/30/26,12/09/26,12/15/26,none,12/17/26,12/18/26,,12/18/26
New,PENDING-A,1,MABANK,09/29/26,11/10/26,12/07/26,11/17/26,11/24/26,11/24/26,11/25/26,12/07/26,11/30/26,12/09/26,12/15/26,#N/A,12/17/26,12/18/26,,12/18/26
Onskid,DTE-TAG,1,4P931,09/29/26,11/10/26,12/07/26,11/17/26,11/24/26,11/24/26,11/25/26,12/07/26,11/30/26,12/09/26,12/15/26,none,12/17/26,12/18/26,,12/18/26
Onskid,CVX-DC,6,4P481,see #1,see #1,see #1,see #1,11/25/26,11/25/26,11/26/26,see #1,12/01/26,12/10/26,12/16/26,none,12/18/26,12/21/26,,12/21/26
NTB,QE-CP4N,4,4M611,see #1,see #1,see #1,see #1,11/25/26,11/25/26,11/26/26,see #1,12/01/26,12/10/26,12/16/26,none,12/18/26,12/21/26,,12/21/26
Offskid,LOST,1,MABANK,09/30/26,11/11/26,12/08/26,11/18/26,11/25/26,11/25/26,11/26/26,12/08/26,12/01/26,12/10/26,12/16/26,#N/A,12/18/26,12/21/26,,12/21/26
Onskid,CVX-DC,7,4P481,see #1,see #1,see #1,see #1,11/30/26,11/30/26,12/01/26,see #1,12/02/26,12/11/26,12/17/26,none,12/21/26,12/22/26,,12/22/26
Offskid,PTT-CO2,1,4P661,10/01/26,11/12/26,12/09/26,11/19/26,11/30/26,11/30/26,12/01/26,12/09/26,12/02/26,12/11/26,12/17/26,none,12/21/26,12/22/26,,12/22/26
Offskid,FLOAT, ,FLOAT,see #1,see #1,see #1,see #1,11/30/26,11/30/26,12/01/26,see #1,12/02/26,12/11/26,12/17/26,#N/A,12/21/26,12/22/26,,12/22/26
Offskid,LOST,1,MABANK,10/02/26,11/13/26,12/10/26,11/20/26,12/01/26,12/01/26,12/02/26,12/10/26,12/03/26,12/14/26,12/18/26,#N/A,12/22/26,12/23/26,,12/23/26
Offskid,QE-CP4N,3,4M611,see #1,see #1,see #1,see #1,12/01/26,12/01/26,12/02/26,see #1,12/03/26,12/14/26,12/18/26,none,12/22/26,12/23/26,,12/23/26
Onskid,STKAE1,2,AED01,see #1,see #1,see #1,see #1,12/02/26,12/02/26,12/03/26,see #1,12/04/26,12/15/26,12/21/26,,12/23/26,01/04/27,,01/04/27
Offskid,WISON-S,2,4P531,see #1,see #1,see #1,see #1,12/04/26,12/04/26,12/05/26,see #1,12/08/26,12/17/26,12/23/26,none,01/05/27,01/06/27,,01/06/27
Offskid,FLOAT,,FLOAT,10/07/26,11/18/26,12/15/26,11/25/26,12/04/26,12/04/26,12/05/26,12/15/26,12/08/26,12/17/26,12/23/26,#N/A,01/05/27,01/06/27,,01/06/27
Onskid,BWP-JAS,1,4N201,10/08/26,11/19/26,12/16/26,11/30/26,12/07/26,12/07/26,12/08/26,12/16/26,12/09/26,12/18/26,01/04/27,none,01/06/27,01/07/27,,01/07/27
Offskid,WISON-S,3,4P531,see #1,see #1,see #1,see #1,12/08/26,12/08/26,12/09/26,see #1,12/10/26,12/21/26,01/05/27,none,01/07/27,01/08/27,,01/08/27
Offskid,FLOAT,,FLOAT,10/09/26,11/20/26,12/17/26,12/01/26,12/08/26,12/08/26,12/09/26,12/17/26,12/10/26,12/21/26,01/05/27,#N/A,01/07/27,01/08/27,,01/08/27
Offskid,CCU-GS STATION,1,4P548CS,10/12/26,11/23/26,12/18/26,12/02/26,12/09/26,12/09/26,12/10/26,12/18/26,12/11/26,12/22/26,01/06/27,none,01/08/27,01/11/27,,01/11/27
Onskid,DTE-TAG,2,4P931,see #1,see #1,see #1,see #1,12/09/26,12/09/26,12/10/26,see #1,12/11/26,12/22/26,01/06/27,none,01/08/27,01/11/27,,01/11/27
NTB,WISON-S,3,4P531,see #1,see #1,see #1,see #1,12/11/26,12/11/26,12/12/26,see #1,12/15/26,01/04/27,01/08/27,none,01/12/27,01/13/27,,01/13/27
Onskid,DTE-TAG,3,4P931,see #1,see #1,see #1,see #1,12/14/26,12/14/26,12/15/26,see #1,12/16/26,01/05/27,01/11/27,none,01/13/27,01/14/27,,01/14/27
Offskid,QE-CP4N,4,4M611,see #1,see #1,see #1,see #1,12/14/26,12/14/26,12/15/26,see #1,12/16/26,01/05/27,01/11/27,none,01/13/27,01/14/27,,01/14/27
Onskid,DTE-TAG,4,4P931,see #1,see #1,see #1,see #1,12/17/26,12/17/26,12/18/26,see #1,12/21/26,01/08/27,01/14/27,none,01/19/27,01/20/27,,01/20/27
Onskid,CVX-DC,8,4P481,see #1,see #1,see #1,see #1,12/18/26,12/18/26,12/19/26,see #1,12/22/26,01/11/27,01/15/27,none,01/20/27,01/21/27,,01/21/27
Onskid,EQM-H,1,4R051,10/23/26,12/08/26,01/11/27,12/15/26,12/22/26,12/22/26,12/23/26,01/11/27,01/04/27,01/13/27,01/20/27,,01/22/27,01/25/27,,01/25/27
Onskid,EQM-H,2,4R051,see #1,see #1,see #1,see #1,12/22/26,12/22/26,12/23/26,see #1,01/04/27,01/13/27,01/20/27,,01/22/27,01/25/27,,01/25/27
Onskid,STKAE1,3,AED01,see #1,see #1,see #1,see #1,01/04/27,01/04/27,01/05/27,see #1,01/06/27,01/15/27,01/22/27,,01/26/27,01/27/27,,01/27/27
Onskid,WILSTY2,1,4N461,10/28/26,12/11/26,01/14/27,12/18/26,01/05/27,01/05/27,01/06/27,01/14/27,01/07/27,01/19/27,01/25/27,#N/A,01/27/27,01/28/27,,01/28/27
Onskid,ENSTR-M,1,4N831,10/29/26,12/14/26,01/15/27,12/21/26,01/06/27,01/06/27,01/07/27,01/15/27,01/08/27,01/20/27,01/26/27,none,01/28/27,01/29/27,,01/29/27
Onskid,CVX-DC,9,4P481,see #1,see #1,see #1,see #1,01/07/27,01/07/27,01/08/27,see #1,01/11/27,01/21/27,01/27/27,none,01/29/27,02/01/27,,02/01/27
Onskid,STOCK2,10,ANG02,see #1,see #1,see #1,see #1,01/07/27,01/07/27,01/08/27,see #1,01/11/27,01/21/27,01/27/27,none,01/29/27,02/01/27,,02/01/27
Onskid,ENB-D,3,4K891,see #1,see #1,see #1,see #1,01/08/27,01/08/27,01/09/27,see #1,01/12/27,01/22/27,01/28/27,none,02/01/27,02/02/27,,02/02/27
Onskid,BWP-FOR,1,4N211,11/03/26,12/17/26,01/21/27,01/04/27,01/11/27,01/11/27,01/12/27,01/21/27,01/13/27,01/25/27,01/29/27,none,02/02/27,02/03/27,,02/03/27
Onskid,STOCK2,11,ANG02,see #1,see #1,see #1,see #1,01/12/27,01/12/27,01/13/27,see #1,01/14/27,01/26/27,02/01/27,none,02/03/27,02/04/27,,02/04/27
Onskid,ENB-ATH,1,4K871,11/05/26,12/21/26,01/25/27,01/06/27,01/13/27,01/13/27,01/14/27,01/25/27,01/15/27,01/27/27,02/02/27,none,02/04/27,02/05/27,,02/05/27
Onskid,WILSTY2,2,4N461,see #1,see #1,see #1,see #1,01/14/27,01/14/27,01/15/27,see #1,01/19/27,01/28/27,02/03/27,#N/A,02/05/27,02/08/27,,02/08/27
Onskid,EQM-H,3,4R051,see #1,see #1,see #1,see #1,01/14/27,01/14/27,01/15/27,see #1,01/19/27,01/28/27,02/03/27,,02/05/27,02/08/27,,02/08/27
Onskid,STOCK2,12,ANG02,see #1,see #1,see #1,see #1,01/15/27,01/15/27,01/16/27,see #1,01/20/27,01/29/27,02/04/27,none,02/08/27,02/09/27,,02/09/27
Onskid,ENB-ATH,2,4K871,see #1,see #1,see #1,see #1,01/19/27,01/19/27,01/20/27,see #1,01/21/27,02/01/27,02/05/27,none,02/09/27,02/10/27,,02/10/27
Onskid,CVX-DC,10,4P481,see #1,see #1,see #1,see #1,01/19/27,01/19/27,01/20/27,see #1,01/21/27,02/01/27,02/05/27,none,02/09/27,02/10/27,,02/10/27
Onskid,EQM-H,4,4R051,see #1,see #1,see #1,see #1,01/20/27,01/20/27,01/21/27,see #1,01/22/27,02/02/27,02/08/27,,02/10/27,02/11/27,,02/11/27
Onskid,STOCK2,13,ANG02,see #1,see #1,see #1,see #1,01/21/27,01/21/27,01/22/27,see #1,01/25/27,02/03/27,02/09/27,none,02/11/27,02/12/27,,02/12/27
Onskid,WILSTY2,3,4N461,see #1,see #1,see #1,see #1,01/25/27,01/25/27,01/26/27,see #1,01/27/27,02/05/27,02/11/27,#N/A,02/15/27,02/16/27,,02/16/27
Onskid,STKAE1,4,AED01,see #1,see #1,see #1,see #1,01/27/27,01/27/27,01/28/27,see #1,01/29/27,02/09/27,02/15/27,,02/17/27,02/18/27,,02/18/27
Onskid,CVX-DC,11,4P481,see #1,see #1,see #1,see #1,01/28/27,01/28/27,01/29/27,see #1,02/01/27,02/10/27,02/16/27,none,02/18/27,02/19/27,,02/19/27
NTB,BBS-BE2,3,4P011,see #1,see #1,see #1,see #1,01/29/27,01/29/27,01/30/27,see #1,02/02/27,02/11/27,02/17/27,none,02/19/27,02/22/27,,02/22/27
NTB,GUPCO-C,1,4K481,11/23/26,01/15/27,02/10/27,01/25/27,02/01/27,02/01/27,02/02/27,02/10/27,02/03/27,02/12/27,02/18/27,none,02/22/27,02/23/27,,02/23/27
Onskid,WILSTY2,4,4N461,see #1,see #1,see #1,see #1,02/01/27,02/01/27,02/02/27,see #1,02/03/27,02/12/27,02/18/27,#N/A,02/22/27,02/23/27,,02/23/27
Onskid,WILSTY2,5,4N461,see #1,see #1,see #1,see #1,02/04/27,02/04/27,02/05/27,see #1,02/08/27,02/17/27,02/23/27,#N/A,02/25/27,02/26/27,,02/26/27
Onskid,STKAE1,5,AED01,see #1,see #1,see #1,see #1,02/05/27,02/05/27,02/06/27,see #1,02/09/27,02/18/27,02/24/27,,02/26/27,03/01/27,,03/01/27
Onskid,CSW-350,1,4G412,12/02/26,01/25/27,02/17/27,02/01/27,02/08/27,02/08/27,02/09/27,02/17/27,02/10/27,02/19/27,02/25/27,none,03/01/27,03/02/27,,03/02/27
Onskid,WILSTY2,6,4N461,see #1,see #1,see #1,see #1,02/09/27,02/09/27,02/10/27,see #1,02/11/27,02/22/27,02/26/27,#N/A,03/02/27,03/03/27,,03/03/27
Offskid,GUPCO-C,1,4K481,12/07/26,01/28/27,02/22/27,02/04/27,02/11/27,02/11/27,02/12/27,02/22/27,02/15/27,02/24/27,03/02/27,none,03/04/27,03/05/27,,03/05/27
Onskid,WILSTY2,7,4N461,see #1,see #1,see #1,see #1,02/11/27,02/11/27,02/12/27,see #1,02/15/27,02/24/27,03/02/27,#N/A,03/04/27,03/05/27,,03/05/27
Onskid,TAG-I,1,4H801,12/08/26,01/29/27,02/23/27,02/05/27,02/12/27,02/12/27,02/13/27,02/23/27,02/16/27,02/25/27,03/03/27,#N/A,03/05/27,03/08/27,,03/08/27
Onskid,GCDN-C,1,4N101,12/08/26,01/29/27,02/23/27,02/05/27,02/12/27,02/12/27,02/13/27,02/23/27,02/16/27,02/25/27,03/03/27,#N/A,03/05/27,03/08/27,,03/08/27
Offskid,BBS-BE2,3,4P011,see #1,see #1,see #1,see #1,02/12/27,02/12/27,02/13/27,see #1,02/16/27,02/25/27,03/03/27,none,03/05/27,03/08/27,,03/08/27
Onskid,WILSTY2,8,4N461,see #1,see #1,see #1,see #1,02/17/27,02/17/27,02/18/27,see #1,02/19/27,03/02/27,03/08/27,#N/A,03/10/27,03/11/27,,03/11/27
Onskid,CVX-DC,12,4P481,see #1,see #1,see #1,see #1,02/17/27,02/17/27,02/18/27,see #1,02/19/27,03/02/27,03/08/27,none,03/10/27,03/11/27,,03/11/27
Onskid,TAG-I,2,4H801,see #1,see #1,see #1,see #1,02/18/27,02/18/27,02/19/27,see #1,02/22/27,03/03/27,03/09/27,#N/A,03/11/27,03/12/27,,03/12/27
Onskid,WILSTY2,9,4N461,see #1,see #1,see #1,see #1,02/22/27,02/22/27,02/23/27,see #1,02/24/27,03/05/27,03/11/27,#N/A,03/15/27,03/16/27,,03/16/27
Onskid,WILSTY2,10,4N461,see #1,see #1,see #1,see #1,02/25/27,02/25/27,02/26/27,see #1,03/01/27,03/10/27,03/16/27,#N/A,03/18/27,03/19/27,,03/19/27
Onskid,CSW-350,2,4G412,see #1,see #1,see #1,see #1,02/26/27,02/26/27,02/27/27,see #1,03/02/27,03/11/27,03/17/27,none,03/19/27,03/22/27,,03/22/27
Onskid,TAG-I,3,4H801,see #1,see #1,see #1,see #1,02/26/27,02/26/27,02/27/27,see #1,03/02/27,03/11/27,03/17/27,#N/A,03/19/27,03/22/27,,03/22/27
NTB,BBS-KA2,3,4P014,see #1,see #1,see #1,see #1,02/26/27,02/26/27,02/27/27,see #1,03/02/27,03/11/27,03/17/27,none,03/19/27,03/22/27,,03/22/27
Offskid,PENDING-N,1,4P937CS,12/23/26,02/15/27,03/10/27,02/22/27,03/01/27,03/01/27,03/02/27,03/10/27,03/03/27,03/12/27,03/18/27,#N/A,03/22/27,03/23/27,,03/23/27
Offskid,SOTHERN MINNESOTA,1,4M658CS,12/23/26,02/15/27,03/10/27,02/22/27,03/01/27,03/01/27,03/02/27,03/10/27,03/03/27,03/12/27,03/18/27,none,03/22/27,03/23/27,,03/23/27
Offskid,PENDING-N,1,4R237CS,01/04/27,02/16/27,03/11/27,02/23/27,03/02/27,03/02/27,03/03/27,03/11/27,03/04/27,03/15/27,03/19/27,#N/A,03/23/27,03/24/27,,03/24/27
Onskid,WILSTY2,11,4N461,see #1,see #1,see #1,see #1,03/05/27,03/05/27,03/06/27,see #1,03/09/27,03/18/27,03/24/27,#N/A,03/26/27,03/29/27,,03/29/27
Offskid,QE-CP4NSC STATION,1,4M618CS,01/11/27,02/23/27,03/18/27,03/02/27,03/09/27,03/09/27,03/10/27,03/18/27,03/11/27,03/22/27,03/26/27,none,03/30/27,03/31/27,,03/31/27
Offskid,QE-CP4NSC STATION,2,4M618CS,see #1,see #1,see #1,see #1,03/10/27,03/10/27,03/11/27,see #1,03/12/27,03/23/27,03/29/27,none,03/31/27,04/01/27,,04/01/27
Onskid,WILSTY2,12,4N461,see #1,see #1,see #1,see #1,03/10/27,03/10/27,03/11/27,see #1,03/12/27,03/23/27,03/29/27,#N/A,03/31/27,04/01/27,,04/01/27
Onskid,GCDN-C,2,4N101,see #1,see #1,see #1,see #1,03/11/27,03/11/27,03/12/27,see #1,03/15/27,03/24/27,03/30/27,#N/A,04/01/27,04/02/27,,04/02/27
Onskid,WWM-U,1,4N361,01/13/27,02/25/27,03/22/27,03/04/27,03/11/27,03/11/27,03/12/27,03/22/27,03/15/27,03/24/27,03/30/27,none,04/01/27,04/02/27,,04/02/27
Onskid,WWM-U,2,4N361,see #1,see #1,see #1,see #1,03/12/27,03/12/27,03/13/27,see #1,03/16/27,03/25/27,03/31/27,none,04/02/27,04/05/27,,04/05/27
Offskid,BBS-KA2,3,4P014,see #1,see #1,see #1,see #1,03/12/27,03/12/27,03/13/27,see #1,03/16/27,03/25/27,03/31/27,none,04/02/27,04/05/27,,04/05/27
Onskid,WILSTY2,13,4N461,see #1,see #1,see #1,see #1,03/15/27,03/15/27,03/16/27,see #1,03/17/27,03/26/27,04/01/27,#N/A,04/05/27,04/06/27,,04/06/27
NTB,BBS-BO2,3,4P013,see #1,see #1,see #1,see #1,03/17/27,03/17/27,03/18/27,see #1,03/19/27,03/30/27,04/05/27,none,04/07/27,04/08/27,,04/08/27
Onskid,WILSTY2,14,4N461,see #1,see #1,see #1,see #1,03/18/27,03/18/27,03/19/27,see #1,03/22/27,03/31/27,04/06/27,#N/A,04/08/27,04/09/27,,04/09/27
Onskid,WILSTY2,15,4N461,see #1,see #1,see #1,see #1,03/23/27,03/23/27,03/24/27,see #1,03/25/27,04/05/27,04/09/27,#N/A,04/13/27,04/14/27,,04/14/27
Onskid,APA-PG,1,4P551,01/27/27,03/10/27,04/02/27,03/17/27,03/24/27,03/24/27,03/25/27,04/02/27,03/26/27,04/06/27,04/12/27,none,04/14/27,04/15/27,,04/15/27
NTB,BBS-B2,3,4P012,see #1,see #1,see #1,see #1,03/26/27,03/26/27,03/27/27,see #1,03/30/27,04/08/27,04/14/27,none,04/16/27,04/19/27,,04/19/27
Onskid,STKAE1,6,AED01,see #1,see #1,see #1,see #1,03/26/27,03/26/27,03/27/27,see #1,03/30/27,04/08/27,04/14/27,,04/16/27,04/19/27,,04/19/27
Onskid,CSW-350,3,4G412,see #1,see #1,see #1,see #1,03/29/27,03/29/27,03/30/27,see #1,03/31/27,04/09/27,04/15/27,none,04/19/27,04/20/27,,04/20/27
Offskid,BBS-BO2,3,4P013,see #1,see #1,see #1,see #1,03/30/27,03/30/27,03/31/27,see #1,04/01/27,04/12/27,04/16/27,none,04/20/27,04/21/27,,04/21/27
Onskid,WILSTY2,16,4N461,see #1,see #1,see #1,see #1,03/31/27,03/31/27,04/01/27,see #1,04/02/27,04/13/27,04/19/27,#N/A,04/21/27,04/22/27,,04/22/27
Onskid,STKAE1,7,AED01,see #1,see #1,see #1,see #1,04/01/27,04/01/27,04/02/27,see #1,04/05/27,04/14/27,04/20/27,,04/22/27,04/23/27,,04/23/27
Offskid,PENDING-N,1,4R147CS,02/04/27,03/18/27,04/12/27,03/25/27,04/01/27,04/01/27,04/02/27,04/12/27,04/05/27,04/14/27,04/20/27,#N/A,04/22/27,04/23/27,,04/23/27
Onskid,CVX-J,1,4H631,02/08/27,03/22/27,04/14/27,03/29/27,04/05/27,04/05/27,04/06/27,04/14/27,04/07/27,04/16/27,04/22/27,,04/26/27,04/27/27,,04/27/27
Onskid,WILRSP4,1,4M551,02/12/27,03/26/27,04/20/27,04/02/27,04/09/27,04/09/27,04/10/27,04/20/27,04/13/27,04/22/27,04/28/27,#N/A,04/30/27,05/03/27,,05/03/27
Offskid,BBS-B2,3,4P012,see #1,see #1,see #1,see #1,04/09/27,04/09/27,04/10/27,see #1,04/13/27,04/22/27,04/28/27,none,04/30/27,05/03/27,,05/03/27
Onskid,WILRSP4,1,4M551,02/15/27,03/29/27,04/21/27,04/05/27,04/12/27,04/12/27,04/13/27,04/21/27,04/14/27,04/23/27,04/29/27,#N/A,05/03/27,05/04/27,,05/04/27
Onskid,STKAE1,8,AED01,see #1,see #1,see #1,see #1,04/21/27,04/21/27,04/22/27,see #1,04/23/27,05/04/27,05/10/27,,05/12/27,05/13/27,,05/13/27
Offskid,QE-CP4S,1,4R261,03/04/27,04/15/27,05/10/27,04/22/27,04/29/27,04/29/27,04/30/27,05/10/27,05/03/27,05/12/27,05/18/27,none,05/20/27,05/21/27,,05/21/27
Offskid,QE-CP4S,2,4R261,see #1,see #1,see #1,see #1,04/29/27,04/29/27,04/30/27,see #1,05/03/27,05/12/27,05/18/27,none,05/20/27,05/21/27,,05/21/27
Onskid,CSW-350,4,4G412,see #1,see #1,see #1,see #1,05/06/27,05/06/27,05/07/27,see #1,05/10/27,05/19/27,05/25/27,none,05/27/27,05/28/27,,05/28/27
Offskid,QE-CP4S,3,4R261,see #1,see #1,see #1,see #1,05/07/27,05/07/27,05/08/27,see #1,05/11/27,05/20/27,05/26/27,none,05/28/27,06/01/27,,06/01/27
Offskid,QE-CP4S,4,4R261,see #1,see #1,see #1,see #1,05/10/27,05/10/27,05/11/27,see #1,05/12/27,05/21/27,05/27/27,none,06/01/27,06/02/27,,06/02/27
Onskid,APA-PG,2,4P551,see #1,see #1,see #1,see #1,05/14/27,05/14/27,05/15/27,see #1,05/18/27,05/27/27,06/03/27,none,06/07/27,06/08/27,,06/08/27
Onskid,STOCK,16,ANG01,see #1,see #1,see #1,see #1,05/19/27,05/19/27,05/20/27,see #1,05/21/27,06/02/27,06/08/27,none,06/10/27,06/11/27,,06/11/27
Onskid,STOCK,17,ANG01,see #1,see #1,see #1,see #1,05/24/27,05/24/27,05/25/27,see #1,05/26/27,06/07/27,06/11/27,none,06/15/27,06/16/27,,06/16/27
Onskid,APA-PG,3,4P551,see #1,see #1,see #1,see #1,06/01/27,06/01/27,06/02/27,see #1,06/03/27,06/14/27,06/18/27,none,06/22/27,06/23/27,,06/23/27
Offskid,PENDING-N,1,4R027CS,04/05/27,05/17/27,06/10/27,05/24/27,06/01/27,06/01/27,06/02/27,06/10/27,06/03/27,06/14/27,06/18/27,#N/A,06/22/27,06/23/27,,06/23/27
Offskid,PENDING-N,1,4R037CS,04/05/27,05/17/27,06/10/27,05/24/27,06/01/27,06/01/27,06/02/27,06/10/27,06/03/27,06/14/27,06/18/27,#N/A,06/22/27,06/23/27,,06/23/27
Onskid,APA-PG,4,4P551,see #1,see #1,see #1,see #1,06/02/27,06/02/27,06/03/27,see #1,06/04/27,06/15/27,06/21/27,none,06/23/27,06/24/27,,06/24/27
Onskid,CVX-J,1,4H631,04/21/27,06/03/27,06/28/27,06/10/27,06/17/27,06/17/27,06/18/27,06/28/27,06/21/27,06/30/27,07/07/27,none,07/09/27,07/12/27,,07/12/27
Offskid,PENDING-N,1,4N787CS,05/04/27,06/16/27,07/12/27,06/23/27,06/30/27,06/30/27,07/01/27,07/12/27,07/02/27,07/14/27,07/20/27,#N/A,07/22/27,07/23/27,,07/23/27
Onskid,APA-PG,5,4P551,see #1,see #1,see #1,see #1,07/15/27,07/15/27,07/16/27,see #1,07/19/27,07/28/27,08/03/27,none,08/05/27,08/06/27,,08/06/27
Offskid,PENDING-N,1,4N777CS,06/04/27,07/19/27,08/11/27,07/26/27,08/02/27,08/02/27,08/03/27,08/11/27,08/04/27,08/13/27,08/19/27,#N/A,08/23/27,08/24/27,,08/24/27
Onskid,APA-PG,6,4P551,see #1,see #1,see #1,see #1,08/04/27,08/04/27,08/05/27,see #1,08/06/27,08/17/27,08/23/27,none,08/25/27,08/26/27,,08/26/27
Onskid,LSH70-2,1,4H261,06/09/27,07/22/27,08/16/27,07/29/27,08/05/27,08/05/27,08/06/27,08/16/27,08/09/27,08/18/27,08/24/27,none,08/26/27,08/27/27,,08/27/27
Onskid,LONG130,1,4J231,06/18/27,08/02/27,08/25/27,08/09/27,08/16/27,08/16/27,08/17/27,08/25/27,08/18/27,08/27/27,09/02/27,none,09/07/27,09/08/27,,09/08/27
Offskid,PENDING-N,1,4N767CS,08/05/27,09/17/27,10/12/27,09/24/27,10/01/27,10/01/27,10/02/27,10/12/27,10/05/27,10/14/27,10/20/27,#N/A,10/22/27,10/25/27,,10/25/27
Onskid,ARM-K,1,4P871,08/16/27,09/28/27,10/21/27,10/05/27,10/12/27,10/12/27,10/13/27,10/21/27,10/14/27,10/25/27,10/29/27,none,11/02/27,11/03/27,,11/03/27
Onskid,KM-CROP,1,4P491,09/03/27,10/18/27,11/10/27,10/25/27,11/01/27,11/01/27,11/02/27,11/10/27,11/03/27,11/12/27,11/18/27,none,11/22/27,11/23/27,,11/23/27
Onskid,ARM-K,2,4P871,see #1,see #1,see #1,see #1,11/02/27,11/02/27,11/03/27,see #1,11/04/27,11/15/27,11/19/27,none,11/23/27,11/24/27,,11/24/27
Onskid,ARM-K,3,4P871,see #1,see #1,see #1,see #1,11/02/27,11/02/27,11/03/27,see #1,11/04/27,11/15/27,11/19/27,none,11/23/27,11/24/27,,11/24/27
Onskid,ARM-K,4,4P871,see #1,see #1,see #1,see #1,11/02/27,11/02/27,11/03/27,see #1,11/04/27,11/15/27,11/19/27,none,11/23/27,11/24/27,,11/24/27
Onskid,ARM-K,5,4P871,see #1,see #1,see #1,see #1,11/03/27,11/03/27,11/04/27,see #1,11/05/27,11/16/27,11/22/27,none,11/24/27,11/29/27,,11/29/27
Onskid,CGT-CF,1,4M541,09/14/27,10/26/27,11/18/27,11/02/27,11/09/27,11/09/27,11/10/27,11/18/27,11/11/27,11/22/27,11/30/27,none,12/02/27,12/03/27,,12/03/27
Offskid,PENDING-N,1,4R047CS,09/28/27,11/09/27,12/06/27,11/16/27,11/23/27,11/23/27,11/24/27,12/06/27,11/29/27,12/08/27,12/14/27,#N/A,12/16/27,12/17/27,,12/17/27
Onskid,IPC,1,4K051,10/14/27,11/29/27,12/22/27,12/06/27,12/13/27,12/13/27,12/14/27,12/22/27,12/15/27,01/03/28,01/07/28,none,01/11/28,01/12/28,,01/12/28
Offskid,PENDING-N,1,4R767CS,10/25/27,12/08/27,01/10/28,12/15/27,12/22/27,12/22/27,12/23/27,01/10/28,01/03/28,01/12/28,01/19/28,#N/A,01/21/28,01/24/28,,01/24/28
Offskid,PENDING-N,1,4N727CS,10/25/27,12/08/27,01/10/28,12/15/27,12/22/27,12/22/27,12/23/27,01/10/28,01/03/28,01/12/28,01/19/28,#N/A,01/21/28,01/24/28,,01/24/28
Onskid,ARM-M,1,4P872,11/04/27,12/20/27,01/21/28,01/04/28,01/11/28,01/11/28,01/12/28,01/21/28,01/13/28,01/25/28,01/31/28,none,02/02/28,02/03/28,,02/03/28
Onskid,ARM-M,2,4P872,see #1,see #1,see #1,see #1,01/11/28,01/11/28,01/12/28,see #1,01/13/28,01/25/28,01/31/28,none,02/02/28,02/03/28,,02/03/28
Onskid,ARM-M,3,4P872,see #1,see #1,see #1,see #1,01/12/28,01/12/28,01/13/28,see #1,01/14/28,01/26/28,02/01/28,none,02/03/28,02/04/28,,02/04/28
Onskid,ARM-M,4,4P872,see #1,see #1,see #1,see #1,01/12/28,01/12/28,01/13/28,see #1,01/14/28,01/26/28,02/01/28,none,02/03/28,02/04/28,,02/04/28
Onskid,STOCK,18,ANG01,see #1,see #1,see #1,see #1,02/08/28,02/08/28,02/09/28,see #1,02/10/28,02/21/28,02/25/28,none,02/29/28,03/01/28,,03/01/28
Onskid,STOCK,19,ANG01,see #1,see #1,see #1,see #1,02/08/28,02/08/28,02/09/28,see #1,02/10/28,02/21/28,02/25/28,none,02/29/28,03/01/28,,03/01/28
Onskid,STOCK,20,ANG01,see #1,see #1,see #1,see #1,04/11/28,04/11/28,04/12/28,see #1,04/13/28,04/24/28,04/28/28,none,05/02/28,05/03/28,,05/03/28
Onskid,STOCK,21,ANG01,see #1,see #1,see #1,see #1,07/12/28,07/12/28,07/13/28,see #1,07/14/28,07/25/28,07/31/28,none,08/02/28,08/03/28,,08/03/28
Onskid,STOCK,22,ANG01,see #1,see #1,see #1,see #1,07/24/28,07/24/28,07/25/28,see #1,07/26/28,08/04/28,08/10/28,none,08/14/28,08/15/28,,08/15/28
Onskid,STOCK,23,ANG01,see #1,see #1,see #1,see #1,08/09/28,08/09/28,08/10/28,see #1,08/11/28,08/22/28,08/28/28,none,08/30/28,08/31/28,,08/31/28
Onskid,STOCK,24,ANG01,see #1,see #1,see #1,see #1,08/15/28,08/15/28,08/16/28,see #1,08/17/28,08/28/28,09/01/28,none,09/06/28,09/07/28,,09/07/28
Offskid,PENDING-N,1,4R787CS,07/05/28,08/16/28,09/11/28,08/23/28,08/30/28,08/30/28,08/31/28,09/11/28,09/01/28,09/13/28,09/19/28,#N/A,09/21/28,09/22/28,,09/22/28
Onskid,STOCK,25,ANG01,see #1,see #1,see #1,see #1,09/07/28,09/07/28,09/08/28,see #1,09/11/28,09/20/28,09/26/28,none,09/28/28,09/29/28,,09/29/28
Onskid,STOCK,26,ANG01,see #1,see #1,see #1,see #1,09/13/28,09/13/28,09/14/28,see #1,09/15/28,09/26/28,10/02/28,none,10/04/28,10/05/28,,10/05/28
Onskid,STOCK,27,ANG01,see #1,see #1,see #1,see #1,10/09/28,10/09/28,10/10/28,see #1,10/11/28,10/20/28,10/26/28,none,10/30/28,10/31/28,,10/31/28