,,UCP Wirelist Comparison,,,,,,,,,,,
,,,,,,,,,,  = deleted from latest version,,,
Before Workbook:,S:\Legal Drawings\Drawings\H0390_SHELL PERDIDO AC 857 BGC\ELECTRICAL\Archive\A.3\H0390-UCPWiringList_A.3.xlsx,,,,,,,Run Date: 4/27/2026 02:03 PM,,  = added to latest version,,,
After Workbook:,S:\Legal Drawings\Drawings\H0390_SHELL PERDIDO AC 857 BGC\ELECTRICAL\Archive\A.4\H0390-UCPWiringList_A.4.xlsx,,,,,,,,,  = connection attribute changed,,,
,,,,,,,,,,,,,
From,,,,,,,To,,,"
Previous Field Values","
Updated
?","
Stamp",
Device ID,Location,"Cable (W)
 Conductor (SC)
Jumper Clip (JC)",Wire No.,Wire ID,Gauge/Size,"Page/
Zone",Device ID,Location,"Page/
Zone",,,,
AF0210:00,BACK WALL PANEL,SC,UJ0132OK2,WHT,20,19.B7,UJ0132:OK2,BACK WALL PANEL,19.B4,,DELETED,,
AF0210:00,BACK WALL PANEL,SC,UJ0133OK2,WHT,20,21.B7,UJ0133:OK2,BACK WALL PANEL,21.B4,,ADDED,,
AF0210:06,BACK WALL PANEL,SC,UJ0134OK2,WHT,20,21.D7,UJ0134:OK2,BACK WALL PANEL,21.D4,,ADDED,,
AF0210:16,BACK WALL PANEL,SC,AF0210N,WHT,20,16.A4,AU0210:COM,BACK WALL PANEL,16.A3,,,,
AF0210:33,BACK WALL PANEL,SC,AF0212N,WHT,20,16.A4,AF0212:16,BACK WALL PANEL,16.A5,,,,
AF0210:34,BACK WALL PANEL,SC,AF0210P,WHT,20,16.A4,AU0210:V+,BACK WALL PANEL,16.A3,,,,
AF0210:35,BACK WALL PANEL,SC,UJ0132OK1,WHT,20,19.B7,UJ0132:OK1,BACK WALL PANEL,19.B4,,DELETED,,
AF0210:35,BACK WALL PANEL,SC,UJ0133OK1,WHT,20,21.B7,UJ0133:OK1,BACK WALL PANEL,21.B4,,ADDED,,
AF0210:41,BACK WALL PANEL,SC,UJ0134OK1,WHT,20,21.D7,UJ0134:OK1,BACK WALL PANEL,21.D4,,ADDED,,
AF0210:51,BACK WALL PANEL,SC,AF0212P,WHT,20,16.A4,AF0212:34,BACK WALL PANEL,16.A5,,,,
AF0211:00,BACK WALL PANEL,SC,021100,WHT,20,18.D6,KA0600:A2,BACK WALL PANEL,18.D5,,,,
AF0211:34,BACK WALL PANEL,SC,FU0311,WHT,14,16.A5,FU0311:LD,BACK WALL PANEL,16.B3,,,,
AF0211:35,BACK WALL PANEL,SC,021135,WHT,20,18.D6,KA0600:A1,BACK WALL PANEL,18.D5,,,,
AF0212:01,BACK WALL PANEL,SC,UJ0132VIN,WHT,20,19.A7,UJ0132:VIN,BACK WALL PANEL,19.B4,,DELETED,,
AF0212:01,BACK WALL PANEL,SC,UJ0133VIN,WHT,20,21.A7,UJ0133:VIN,BACK WALL PANEL,21.B4,,ADDED,,
AF0212:03,BACK WALL PANEL,SC,UJ0132IOUT,WHT,20,19.B7,UJ0132:IOUT,BACK WALL PANEL,19.B4,,DELETED,,
AF0212:03,BACK WALL PANEL,SC,UJ0133IOUT,WHT,20,21.A7,UJ0133:IOUT,BACK WALL PANEL,21.B4,,ADDED,,
AF0212:08,BACK WALL PANEL,SC,JP,VIO,20,15.A5,AF0212:25,BACK WALL PANEL,15.A5,,DELETED,,
AF0212:09,BACK WALL PANEL,SC,UJ0134IOUT,WHT,20,21.C7,UJ0134:IOUT,BACK WALL PANEL,21.D4,,ADDED,,
AF0212:10,BACK WALL PANEL,SC,JP,VIO,20,15.A5,AF0212:27,BACK WALL PANEL,15.A5,,DELETED,,
AF0212:11,BACK WALL PANEL,SC,UJ0134VIN,WHT,20,21.C7,UJ0134:VIN,BACK WALL PANEL,21.D4,,ADDED,,
AF0212:12,BACK WALL PANEL,SC,JP,VIO,20,16.A5,AF0212:29,BACK WALL PANEL,16.A5,,,,
AF0212:14,BACK WALL PANEL,SC,JP,VIO,20,16.A5,AF0212:31,BACK WALL PANEL,16.A5,,,,
AF0212:33,BACK WALL PANEL,SC,AF0213N,WHT,20,16.A5,AF0213:16,BACK WALL PANEL,16.A6,,,,
AF0212:51,BACK WALL PANEL,SC,AF0213P,WHT,20,16.A5,AF0213:34,BACK WALL PANEL,16.A6,,,,
AT0680:POS,BACK WALL PANEL,SC,AT0680POS,WHT,14,8.B4,FU0680:LD,BACK WALL PANEL,8.B2,,,,
AU0210:V+,BACK WALL PANEL,SC,FU0310,WHT,14,16.A3,FU0310:LD,BACK WALL PANEL,16.A3,,,,
FRAME,BACK WALL PANEL,SC,*,,,5.D6,GR0357: ,BACK WALL PANEL,5.D6,,,,
FRAME,BACK WALL PANEL,SC,*,,,5.D6,GR0358: ,BACK WALL PANEL,5.D6,,,,
FRAME,BACK WALL PANEL,SC,*,,,5.D6,GR0359: ,BACK WALL PANEL,5.D6,,,,
FRAME,BACK WALL PANEL,SC,UJ0133G,GRN/YEL,12,21.B4,UJ0133:G,BACK WALL PANEL,21.B4,,ADDED,,
FRAME,BACK WALL PANEL,SC,UJ0134G,GRN/YEL,12,21.D4,UJ0134:G,BACK WALL PANEL,21.D4,,ADDED,,
FU0133:LD,BACK WALL PANEL,SC,FU0133,WHT,12,21.B3,UJ0133:+,BACK WALL PANEL,21.B4,,ADDED,,
FU0133:LI,BACK WALL PANEL,SC,52007,WHT,12,21.B3,XT0020:1,BACK WALL PANEL,21.B2,,ADDED,,
FU0133A:LD,BACK WALL PANEL,SC,FU0133A,WHT,12,21.B3,UJ0133:-,BACK WALL PANEL,21.B4,,ADDED,,
FU0133A:LI,BACK WALL PANEL,SC,52008,WHT,12,21.B3,XT0020:2,BACK WALL PANEL,21.B2,,ADDED,,
FU0134:LD,BACK WALL PANEL,SC,FU0134,WHT,12,21.D3,UJ0134:+,BACK WALL PANEL,21.D4,,ADDED,,
FU0134:LI,BACK WALL PANEL,SC,52007,WHT,12,21.D3,XT0020:1,BACK WALL PANEL,21.B2,,ADDED,,
FU0134A:LD,BACK WALL PANEL,SC,FU0134A,WHT,12,21.D3,UJ0134:-,BACK WALL PANEL,21.D4,,ADDED,,
FU0134A:LI,BACK WALL PANEL,SC,52008,WHT,12,21.D3,XT0020:2,BACK WALL PANEL,21.B2,,ADDED,,
GR0210: ,BACK WALL PANEL,SC,IEG03571,GRN,14,5.D6,IEG0357:1,BACK WALL PANEL,5.D6,,,,
QS0561:LI-2,BACK WALL PANEL,SC,UJ0134P,WHT,10,11.C2,UJ0134:OUT(+),BACK WALL PANEL,21.D4,,ADDED,,
QS0561:LI-4,BACK WALL PANEL,SC,UJ0134N,WHT,10,11.C2,UJ0134:OUT(-),BACK WALL PANEL,21.D4,,ADDED,,
UJ0133:IS,BACK WALL PANEL,SC,UJ0133LS,WHT,16,21.B4,UJ0134:IS,BACK WALL PANEL,21.D4,,ADDED,,
AT0680:LAN2,BACK WALL PANEL,WC9004,AT0680L2,ENET,CABLE,8.B4,AT0190:ETAP:L1,CONSOLE,12.B4,,,,
AT0680:LAN1,BACK WALL PANEL,WC0680,BA0008RJ45,ENET,CABLE,8.B4,BA0008:RJ45,LEFT WALL PANEL,3.C6,,,,
IEG0210:,BACK WALL PANEL,SC,IEG0210,GRN,14,16.B5,IEG0356:2,LEFT WALL PANEL,16.B6,,,,
UJ0132:OUT(-),BACK WALL PANEL,SC,UJ0132N,WHT,10,19.B4,QS0560:LI-4,LEFT WALL PANEL,11.B2,,DELETED,,
UJ0132:OUT(+),BACK WALL PANEL,SC,UJ0132P,WHT,10,19.B4,QS0560:LI-2,LEFT WALL PANEL,11.B2,,DELETED,,
UJ0133:OUT(-),BACK WALL PANEL,SC,UJ0133N,WHT,10,21.B4,QS0560:LI-4,LEFT WALL PANEL,11.C4,,ADDED,,
UJ0133:OUT(+),BACK WALL PANEL,SC,UJ0133P,WHT,10,21.B4,QS0560:LI-2,LEFT WALL PANEL,11.C4,,ADDED,,
AF0210:01,BACK WALL PANEL,SC,021001,WHT,20,18.A6,AP0624:ARM1,ORBIT 60^DOOR PANEL,18.A2,,,,
AF0210:02,BACK WALL PANEL,SC,021002,WHT,20,18.A6,AP0624:ARM2,ORBIT 60^DOOR PANEL,18.A2,,,,
AF0210:03,BACK WALL PANEL,SC,021003,WHT,20,18.B6,AP0625:ARM1,ORBIT 60^DOOR PANEL,18.B2,,,,
AF0210:04,BACK WALL PANEL,SC,021004,WHT,20,18.B6,AP0625:ARM2,ORBIT 60^DOOR PANEL,18.B2,,,,
AF0210:05,BACK WALL PANEL,SC,021005,WHT,20,18.D6,AP0612:ARM,ORBIT 60^DOOR PANEL,18.D2,,,,
AF0210:36,BACK WALL PANEL,SC,021036,WHT,20,18.A6,AP0624:NO1,ORBIT 60^DOOR PANEL,18.A2,,,,
AF0210:37,BACK WALL PANEL,SC,021037,WHT,20,18.A6,AP0624:NC2,ORBIT 60^DOOR PANEL,18.A2,,,,
AF0210:38,BACK WALL PANEL,SC,021038,WHT,20,18.B6,AP0625:NC1,ORBIT 60^DOOR PANEL,18.B2,,,,
AF0210:39,BACK WALL PANEL,SC,021039,WHT,20,18.B6,AP0625:NC2,ORBIT 60^DOOR PANEL,18.B2,,,,
AF0210:40,BACK WALL PANEL,SC,021048,WHT,20,18.D6,AP0612:NO,ORBIT 60^DOOR PANEL,18.D2,,,,
AF0213:03,BACK WALL PANEL,SC,021303,WHT,20,18.C6,AP0626:ARM1,ORBIT 60^DOOR PANEL,18.C2,,,,
AF0213:04,BACK WALL PANEL,SC,021304,WHT,20,18.C6,AP0626:ARM2,ORBIT 60^DOOR PANEL,18.C2,,,,
AF0213:38,BACK WALL PANEL,SC,0213038,WHT,20,18.C6,AP0626:NC1,ORBIT 60^DOOR PANEL,18.C2,,,,
AF0213:39,BACK WALL PANEL,SC,021339,WHT,20,18.C6,AP0626:NC2,ORBIT 60^DOOR PANEL,18.C2,,,,
KA0600:11,BACK WALL PANEL,SC,KA060011,WHT,20,18.D4,AP0612:TM,ORBIT 60^DOOR PANEL,18.D2,,,,
KA0600:14,BACK WALL PANEL,SC,KA060014,WHT,20,18.D4,AP0612:COM,ORBIT 60^DOOR PANEL,18.D2,,,,
AF0212:04,BACK WALL PANEL,SC,021204,WHT,20,21.B7,XT0085:7,PANEL A,21.B6,,,,
AF0212:21,BACK WALL PANEL,SC,021221,WHT,20,21.B7,XT0085:8,PANEL A,21.B6,,,,
AF0212:39,BACK WALL PANEL,SC,021239,WHT,20,21.B7,XT0085:6,PANEL A,21.B6,,,,
AF0211:16,BACK WALL PANEL,SC,0V1,WHT,14,15.A5,XT0562:4,PWR DISTRIBUTION RAIL,15.B2,,DELETED,,
AF0211:16,BACK WALL PANEL,SC,0V1,WHT,14,16.A5,XT0562:5,PWR DISTRIBUTION RAIL,11.C5,,ADDED,,
AT0680:NEG,BACK WALL PANEL,SC,0V1,WHT,14,8.B4,XT0562:6,PWR DISTRIBUTION RAIL,15.B2,,DELETED,,
AT0680:NEG,BACK WALL PANEL,SC,0V1,WHT,14,8.B4,XT0562:7,PWR DISTRIBUTION RAIL,11.D5,,ADDED,,
AU0210:COM,BACK WALL PANEL,SC,0V1,WHT,14,15.A3,XT0562:4,PWR DISTRIBUTION RAIL,15.B2,,DELETED,,
AU0210:COM,BACK WALL PANEL,SC,0V1,WHT,14,16.A3,XT0562:5,PWR DISTRIBUTION RAIL,11.C5,,ADDED,,
FU0310:LI,BACK WALL PANEL,SC,FU0200LI,WHT,14,15.A3,XT0561:4,PWR DISTRIBUTION RAIL,15.A2,,DELETED,,
FU0310:LI,BACK WALL PANEL,SC,FU0200LI,WHT,14,16.A3,XT0561:5,PWR DISTRIBUTION RAIL,11.B5,,ADDED,,
FU0311:LI,BACK WALL PANEL,SC,FU0200LI,WHT,14,15.B3,XT0561:4,PWR DISTRIBUTION RAIL,15.A2,,DELETED,,
FU0311:LI,BACK WALL PANEL,SC,FU0200LI,WHT,14,16.B3,XT0561:5,PWR DISTRIBUTION RAIL,11.B5,,ADDED,,
FU0680:LI,BACK WALL PANEL,SC,FU0200LI,WHT,14,8.B2,XT0561:6,PWR DISTRIBUTION RAIL,15.A2,,DELETED,,
FU0680:LI,BACK WALL PANEL,SC,FU0200LI,WHT,14,8.B2,XT0561:7,PWR DISTRIBUTION RAIL,11.A5,,ADDED,,
QS0561:LD-1,BACK WALL PANEL,SC,FU0200LI,WHT,12,11.C2,XT0561:4,PWR DISTRIBUTION RAIL,11.B5,,ADDED,,
QS0561:LD-3,BACK WALL PANEL,SC,0V1,WHT,12,11.C2,XT0562:4,PWR DISTRIBUTION RAIL,11.C5,,ADDED,,
AU0210:L1,BACK WALL PANEL,WC0020,AU0200L2,ENET,CABLE,16.A3,AU0200:L2,TCP,12.A3,,,,
AU0140:L2,BOP PANEL,WC0014,AU0140L2,ENET,CABLE,30.A2,AU0180:L1,BOP PANEL,30.C2,,,,
AF0182:08,BOP PANEL,WC4100,ZT1190A20N,BLK,16,91.A7,XT0180:20,BOP PANEL,91.A5,,,,
AF0182:43,BOP PANEL,WC4100,ZT1190A20P,WHT,16,91.A7,XT0180:19,BOP PANEL,91.A5,,,,
IEG0180:,BOP PANEL,WC4100,ZT1190A20SH,SH,16,91.A6,XT0180:21,BOP PANEL,91.A5,,,,
AF0143:12,BOP PANEL,WC4101,PY1190A20P,WHT,16,91.C7,XT0140:20,BOP PANEL,91.C5,,,,
AF0143:13,BOP PANEL,WC4101,PY1190A20N,BLK,16,91.C7,XT0140:21,BOP PANEL,91.C5,,,,
IEG0140:,BOP PANEL,WC4101,PY1190A20SH,SH,16,91.C6,XT0140:22,BOP PANEL,91.C5,,,,
AF0183:00,BOP PANEL,WC4102,TY1190A22P,WHT,16,91.C7,XT0180:26,BOP PANEL,91.C5,,,,
AF0183:01,BOP PANEL,WC4102,TY1190A22N,BLK,16,91.C7,XT0180:27,BOP PANEL,91.D5,,,,
AF0183:39,BOP PANEL,WC4102,TY1190A22SH,SH,16,91.C7,XT0180:28,BOP PANEL,91.D5,,,,
AF0142:06,BOP PANEL,WC4103,T5632N,BLK,16,92.A7,XT0140:24,BOP PANEL,92.A5,,,,
AF0142:41,BOP PANEL,WC4103,T5632P,WHT,16,92.A7,XT0140:23,BOP PANEL,92.A5,,,,
IEG0140:,BOP PANEL,WC4103,T5632SH,SH,16,92.A6,XT0140:25,BOP PANEL,92.A5,,,,
AF0143:08,BOP PANEL,WC4104,L568P,WHT,16,92.C7,XT0140:32,BOP PANEL,92.C5,,,,
AF0143:09,BOP PANEL,WC4104,L568N,BLK,16,92.C7,XT0140:33,BOP PANEL,92.C5,,,,
IEG0140:,BOP PANEL,WC4104,L568SH,SH,16,92.C6,XT0140:34,BOP PANEL,92.C5,,,,
AF0146:04,BOP PANEL,WC4105,TPD5632N,BLK,16,93.A6,XT0181:8,BOP PANEL,93.A5,,,,
AF0146:39,BOP PANEL,WC4105,TPD5632P,WHT,16,93.A6,XT0181:7,BOP PANEL,93.A5,,,,
IEG0140:,BOP PANEL,WC4105,TPD5632SH,SH,16,93.A6,XT0181:9,BOP PANEL,93.A5,,,,
AF0146:06,BOP PANEL,WC4106,TT1190A40N,BLK,16,93.A6,XT0181:11,BOP PANEL,93.B5,,,,
AF0146:41,BOP PANEL,WC4106,TT1190A40P,WHT,16,93.A6,XT0181:10,BOP PANEL,93.A5,,,,
IEG0140:,BOP PANEL,WC4106,TT1190A40SH,SH,16,93.B6,XT0181:12,BOP PANEL,93.B5,,,,
AF0146:08,BOP PANEL,WC4107,PT1190A43N,BLK,16,93.B6,XT0181:14,BOP PANEL,93.B5,,,,
AF0146:43,BOP PANEL,WC4107,PT1190A43P,WHT,16,93.B6,XT0181:13,BOP PANEL,93.B5,,,,
IEG0140:,BOP PANEL,WC4107,PT1190A43SH,SH,16,93.B6,XT0181:15,BOP PANEL,93.B5,,,,
AF0146:10,BOP PANEL,WC4108,PT4070A05N,BLK,16,93.C6,XT0181:17,BOP PANEL,93.C5,,,,
AF0146:45,BOP PANEL,WC4108,PT4070A05P,WHT,16,93.C6,XT0181:16,BOP PANEL,93.C5,,,,
IEG0140:,BOP PANEL,WC4108,PT4070A05SH,SH,16,93.C6,XT0181:18,BOP PANEL,93.C5,,,,
AF0146:12,BOP PANEL,WC4109,TT4070A10N,BLK,16,93.C6,XT0181:20,BOP PANEL,93.C5,,,,
AF0146:47,BOP PANEL,WC4109,TT4070A10P,WHT,16,93.C6,XT0181:19,BOP PANEL,93.C5,,,,
IEG0140:,BOP PANEL,WC4109,TT4070A10SH,SH,16,93.C6,XT0181:21,BOP PANEL,93.C5,,,,
AF0146:14,BOP PANEL,WC4110,PDT4070A16N,BLK,16,93.D6,XT0181:23,BOP PANEL,93.D5,,,,
AF0146:49,BOP PANEL,WC4110,PDT4070A16P,WHT,16,93.D6,XT0181:22,BOP PANEL,93.D5,,,,
IEG0140:,BOP PANEL,WC4110,PDT4070A16SH,SH,16,93.D6,XT0181:24,BOP PANEL,93.D5,,,,
AF0142:02,BOP PANEL,WC4111,T5631N,BLK,16,94.A7,XT0140:36,BOP PANEL,94.A5,,,,
AF0142:37,BOP PANEL,WC4111,T5631P,WHT,16,94.A7,XT0140:35,BOP PANEL,94.A5,,,,
IEG0140:,BOP PANEL,WC4111,T5631SH,SH,16,94.A6,XT0140:37,BOP PANEL,94.A5,,,,
AF0143:00,BOP PANEL,WC4112,L567P,WHT,16,94.C7,XT0140:42,BOP PANEL,94.C5,,,,
AF0143:01,BOP PANEL,WC4112,L567N,BLK,16,94.C7,XT0140:43,BOP PANEL,94.C5,,,,
IEG0140:,BOP PANEL,WC4112,L567SH,SH,16,94.C6,XT0140:44,BOP PANEL,94.C5,,,,
AF0142:10,BOP PANEL,WC4113,TPD5631N,BLK,16,95.A6,XT0181:26,BOP PANEL,95.A5,,,,
AF0142:45,BOP PANEL,WC4113,TPD5631P,WHT,16,95.A6,XT0181:25,BOP PANEL,95.A5,,,,
IEG0140:,BOP PANEL,WC4113,TPD5631SH,SH,16,95.A6,XT0181:27,BOP PANEL,95.A5,,,,
AF0142:12,BOP PANEL,WC4114,TT1200A40N,BLK,16,95.A6,XT0181:29,BOP PANEL,95.B5,,,,
AF0142:47,BOP PANEL,WC4114,TT1200A40P,WHT,16,95.A6,XT0181:28,BOP PANEL,95.A5,,,,
IEG0140:,BOP PANEL,WC4114,TT1200A40SH,SH,16,95.B6,XT0181:30,BOP PANEL,95.B5,,,,
AF0142:14,BOP PANEL,WC4115,PT1200A43,BLK,16,95.B6,XT0181:32,BOP PANEL,95.B5,,,,
AF0142:49,BOP PANEL,WC4115,PT1200A43P,WHT,16,95.B6,XT0181:31,BOP PANEL,95.B5,,,,
IEG0140:,BOP PANEL,WC4115,PT1200A43SH,SH,16,95.B6,XT0181:33,BOP PANEL,95.B5,,,,
AF0146:00,BOP PANEL,WC4116,PT4080A05N,BLK,16,95.C6,XT0181:35,BOP PANEL,95.C5,,,,
AF0146:35,BOP PANEL,WC4116,PT4080A05P,WHT,16,95.C6,XT0181:34,BOP PANEL,95.C5,,,,
IEG0140:,BOP PANEL,WC4116,PT4080A05SH,SH,16,95.C6,XT0181:36,BOP PANEL,95.C5,,,,
AF0146:02,BOP PANEL,WC4117,TT4080A10N,BLK,16,95.C6,XT0181:38,BOP PANEL,95.C5,,,,
AF0146:37,BOP PANEL,WC4117,TT4080A10P,WHT,16,95.C6,XT0181:37,BOP PANEL,95.C5,,,,
AF0142:00,BOP PANEL,WC4118,PDT1190A15N,BLK,16,98.C7,XT0140:66,BOP PANEL,98.C5,,,,
AF0142:35,BOP PANEL,WC4118,PDT1190A15P,WHT,16,98.C7,XT0140:65,BOP PANEL,98.C5,,,,
IEG0140:,BOP PANEL,WC4118,PDT1190A15SH,SH,16,98.C6,XT0140:67,BOP PANEL,98.C5,,,,
AF0142:04,BOP PANEL,WC4119,PDT1190A20N,BLK,16,98.C7,XT0140:69,BOP PANEL,98.D5,,,,
AF0142:39,BOP PANEL,WC4119,PDT1190A20P,WHT,16,98.C7,XT0140:68,BOP PANEL,98.C5,,,,
IEG0140:,BOP PANEL,WC4119,PDT1190A20SH,SH,16,98.D6,XT0140:70,BOP PANEL,98.D5,,,,
AF0145:08,BOP PANEL,WC4120,PDT1200A15N,BLK,16,99.C7,XT0140:78,BOP PANEL,99.C5,,,,
AF0145:43,BOP PANEL,WC4120,PDT1200A15P,WHT,16,99.C7,XT0140:77,BOP PANEL,99.C5,,,,
IEG0140:,BOP PANEL,WC4120,PDT1200A15SH,SH,16,99.C6,XT0140:79,BOP PANEL,99.C5,,,,
AF0145:10,BOP PANEL,WC4121,PT1200A20N,BLK,16,99.C7,XT0140:81,BOP PANEL,99.D5,,,,
AF0145:45,BOP PANEL,WC4121,PT1200A20P,WHT,16,99.C7,XT0140:80,BOP PANEL,99.C5,,,,
IEG0140:,BOP PANEL,WC4121,PT1200A20SH,SH,16,99.D6,XT0140:82,BOP PANEL,99.D5,,,,
AF0145:04,BOP PANEL,WC4122,PDT4080A16N,BLK,16,101.C7,XT0181:41,BOP PANEL,101.C5,,,,
AF0145:39,BOP PANEL,WC4122,PDT4080A16P,WHT,16,101.C7,XT0181:40,BOP PANEL,101.C5,,,,
IEG0140:,BOP PANEL,WC4122,PDT4080A16SH,SH,16,101.C6,XT0181:42,BOP PANEL,101.C5,,,,
AF0145:00,BOP PANEL,WC4123,TT1200A22N,BLK,16,106.A7,XT0181:54,BOP PANEL,106.A5,,,,
AF0145:35,BOP PANEL,WC4123,TT1200A22P,WHT,16,106.A7,XT0181:53,BOP PANEL,106.A5,,,,
IEG0140:,BOP PANEL,WC4123,TT1200A22SH,SH,16,106.A6,XT0181:55,BOP PANEL,106.A5,,,,
AF0145:02,BOP PANEL,WC4124,LT1200A01N,BLK,16,106.B7,XT0181:57,BOP PANEL,106.B5,,,,
AF0145:37,BOP PANEL,WC4124,LT1200A01P,WHT,16,106.B7,XT0181:56,BOP PANEL,106.B5,,,,
IEG0140:,BOP PANEL,WC4124,LT1200A01SH,SH,16,106.B6,XT0181:58,BOP PANEL,106.B5,,,,
AF0143:04,BOP PANEL,WC4125,LY1200A01P,WHT,16,106.B7,XT0181:59,BOP PANEL,106.B5,,,,
AF0143:05,BOP PANEL,WC4125,LY1200A01N,BLK,16,106.B7,XT0181:60,BOP PANEL,106.C5,,,,
AF0143:41,BOP PANEL,WC4125,LY1200A01SH,SH,16,106.B7,XT0181:61,BOP PANEL,106.C5,,,,
AF0184:00,BOP PANEL,WC4126,TT1190A22N,BLK,16,107.A7,XT0181:63,BOP PANEL,107.A5,,,,
AF0184:35,BOP PANEL,WC4126,TT1190A22P,WHT,16,107.A7,XT0181:62,BOP PANEL,107.A5,,,,
IEG0180:,BOP PANEL,WC4126,TT1190A22SH,SH,16,107.A6,XT0181:64,BOP PANEL,107.A5,,,,
AF0145:06,BOP PANEL,WC4127,LT1190A01N,BLK,16,107.B7,XT0181:66,BOP PANEL,107.B5,,,,
AF0145:41,BOP PANEL,WC4127,LT1190A01P,WHT,16,107.B7,XT0181:65,BOP PANEL,107.B5,,,,
IEG0140:,BOP PANEL,WC4127,LT1190A01SH,SH,16,107.B6,XT0181:67,BOP PANEL,107.B5,,,,
AF0183:08,BOP PANEL,WC4128,LY119A01P,WHT,16,107.B7,XT0181:68,BOP PANEL,107.B5,,,,
AF0183:09,BOP PANEL,WC4128,LY119A01N,BLK,16,107.B7,XT0181:69,BOP PANEL,107.C5,,,,
AF0183:43,BOP PANEL,WC4128,LY119A01SH,SH,16,107.B7,XT0181:70,BOP PANEL,107.C5,,,,
AF0182:04,BOP PANEL,WC4129,PDT4080A24N,BLK,16,108.A7,XT0181:72,BOP PANEL,108.A5,,,,
AF0182:39,BOP PANEL,WC4129,PDT4080A24P,WHT,16,108.A7,XT0181:71,BOP PANEL,108.A5,,,,
IEG0180:,BOP PANEL,WC4129,PDT4080A24SH,SH,16,108.A6,XT0181:73,BOP PANEL,108.A5,,,,
AF0182:06,BOP PANEL,WC4130,TT4080A26N,BLK,16,108.B7,XT0181:75,BOP PANEL,108.B5,,,,
AF0182:41,BOP PANEL,WC4130,TT4080A26P,WHT,16,108.B7,XT0181:74,BOP PANEL,108.B5,,,,
IEG0180:,BOP PANEL,WC4130,TT4080A26SH,SH,16,108.B6,XT0181:76,BOP PANEL,108.B5,,,,
AF0183:04,BOP PANEL,WC4131,TY4080A26P,WHT,16,108.B7,XT0181:77,BOP PANEL,108.B5,,,,
AF0183:05,BOP PANEL,WC4131,TY4080A26N,BLK,16,108.B7,XT0181:78,BOP PANEL,108.B5,,,,
AF0183:41,BOP PANEL,WC4131,TY4080A26SH,SH,16,108.B7,XT0181:79,BOP PANEL,108.B5,,,,
AF0182:10,BOP PANEL,WC4132,PDT4080A40N,BLK,16,108.C8,XT0181:81,BOP PANEL,108.C5,,,,
AF0182:45,BOP PANEL,WC4132,PDT4080A40P,WHT,16,108.C8,XT0181:80,BOP PANEL,108.C5,,,,
IEG0180:,BOP PANEL,WC4132,PDT4080A40SH,SH,16,108.C6,XT0181:82,BOP PANEL,108.C5,,,,
AF0182:12,BOP PANEL,WC4133,PDT4080A44N,BLK,16,108.D8,XT0181:84,BOP PANEL,108.D5,,,,
AF0182:47,BOP PANEL,WC4133,PDT4080A44P,WHT,16,108.D8,XT0181:83,BOP PANEL,108.D5,,,,
IEG0180:,BOP PANEL,WC4133,PDT4080A44SH,SH,16,108.D6,XT0181:85,BOP PANEL,108.D5,,,,
AF0182:14,BOP PANEL,WC4134,TT4080A47N,BLK,16,108.D8,XT0181:87,BOP PANEL,108.D5,,,,
AF0182:49,BOP PANEL,WC4134,TT4080A47P,WHT,16,108.D8,XT0181:86,BOP PANEL,108.D5,,,,
IEG0180:,BOP PANEL,WC4134,TT4080A47SH,SH,16,108.D6,XT0181:88,BOP PANEL,108.D5,,,,
AF0184:02,BOP PANEL,WC4135,PDT4070A24N,BLK,16,109.A7,XT0181:90,BOP PANEL,109.A5,,,,
AF0184:37,BOP PANEL,WC4135,PDT4070A24P,WHT,16,109.A7,XT0181:89,BOP PANEL,109.A5,,,,
IEG0180:,BOP PANEL,WC4135,PDT4070A24SH,SH,16,109.A6,XT0181:91,BOP PANEL,109.A5,,,,
AF0142:08,BOP PANEL,WC4136,TT4070A26N,BLK,16,109.B7,XT0181:93,BOP PANEL,109.B5,,,,
AF0142:43,BOP PANEL,WC4136,TT4070A26P,WHT,16,109.B7,XT0181:92,BOP PANEL,109.B5,,,,
IEG0140:,BOP PANEL,WC4136,TT4070A26SH,SH,16,109.B6,XT0181:94,BOP PANEL,109.B5,,,,
AF0183:12,BOP PANEL,WC4137,TY4070A26P,WHT,16,109.B7,XT0181:95,BOP PANEL,109.B5,,,,
AF0183:13,BOP PANEL,WC4137,TY4070A26N,BLK,16,109.B7,XT0181:96,BOP PANEL,109.B5,,,,
AF0183:45,BOP PANEL,WC4137,TY4070A26SH,SH,16,109.B7,XT0181:97,BOP PANEL,109.B5,,,,
AF0184:04,BOP PANEL,WC4138,TY4070A40N,BLK,16,109.C7,XT0181:99,BOP PANEL,109.C5,,,,
AF0184:39,BOP PANEL,WC4138,TY4070A40P,WHT,16,109.C7,XT0181:98,BOP PANEL,109.C5,,,,
IEG0180:,BOP PANEL,WC4138,TY4070A40SH,SH,16,109.C6,XT0181:100,BOP PANEL,109.C5,,,,
AF0184:06,BOP PANEL,WC4139,PDT4070A44N,BLK,16,109.D7,XT0181:102,BOP PANEL,109.D5,,,,
AF0184:41,BOP PANEL,WC4139,PDT4070A44P,WHT,16,109.D7,XT0181:101,BOP PANEL,109.D5,,,,
IEG0180:,BOP PANEL,WC4139,PDT4070A44SH,SH,16,109.D6,XT0181:103,BOP PANEL,109.D5,,,,
AF0184:08,BOP PANEL,WC4140,TT4070A47N,BLK,16,109.D7,XT0181:105,BOP PANEL,109.D5,,,,
AF0184:43,BOP PANEL,WC4140,TT4070A47P,WHT,16,109.D7,XT0181:104,BOP PANEL,109.D5,,,,
IEG0180:,BOP PANEL,WC4140,TT4070A47SH,SH,16,109.D6,XT0181:106,BOP PANEL,109.D5,,,,
XT0140:14,BOP PANEL,JC,0V,CLIP,---,30.A5,XT0140:15,BOP PANEL,30.A5,,,,
XT0140:15,BOP PANEL,JC,0V,CLIP,---,30.A5,XT0140:16,BOP PANEL,30.A5,,,,
XT0180:10,BOP PANEL,JC,0V,CLIP,---,30.D1,XT0180:9,BOP PANEL,30.D1,,,,
AF0140:00,BOP PANEL,SC,014000,WHT,16,98.A7,KA0532:11,BOP PANEL,98.A6,,,,
AF0140:02,BOP PANEL,SC,014002,WHT,16,99.A7,KA0533:21,BOP PANEL,99.A6,,,,
AF0140:04,BOP PANEL,SC,014004,WHT,16,101.A7,KA0532:21,BOP PANEL,101.A6,,,,
AF0140:06,BOP PANEL,SC,014006,WHT,16,97.A7,FU7427:LI,BOP PANEL,97.A6,,,,
AF0140:12,BOP PANEL,SC,014012,WHT,16,103.B7,FU7411:LI,BOP PANEL,103.B6,,,,
AF0140:14,BOP PANEL,SC,014014,WHT,16,96.A7,FU7412:LI,BOP PANEL,96.A6,,,,
AF0140:16,BOP PANEL,SC,AF0140N,WHT,20,30.A2,AU0140:COM,BOP PANEL,30.A2,,,,
AF0140:17,BOP PANEL,SC,L5621N,WHT,16,98.A7,XT0140:60,BOP PANEL,98.A5,,,,
AF0140:18,BOP PANEL,SC,SDY1200A10,WHT,16,99.A7,XT0140:72,BOP PANEL,99.A5,,,,
AF0140:19,BOP PANEL,SC,L5641N,WHT,16,101.A7,XT0140:84,BOP PANEL,101.A5,,,,
AF0140:20,BOP PANEL,SC,SDY1200A13N,WHT,16,97.A7,XT0140:54,BOP PANEL,97.A5,,,,
AF0140:23,BOP PANEL,SC,L5602N,WHT,16,103.B7,XT0140:12,BOP PANEL,103.C4,,,,
AF0140:24,BOP PANEL,SC,L5611N,WHT,16,96.A7,XT0140:48,BOP PANEL,96.A5,,,,
AF0140:34,BOP PANEL,SC,AF0140P,WHT,20,30.A2,AU0140:V+,BOP PANEL,30.A2,,,,
AF0140:35,BOP PANEL,SC,014035,WHT,16,98.A7,FU7415:LD,BOP PANEL,98.A6,,,,
AF0140:36,BOP PANEL,SC,014036,WHT,16,99.A7,FU7421:LD,BOP PANEL,99.A6,,,,
AF0140:37,BOP PANEL,SC,014037,WHT,16,101.A7,FU7406:LI,BOP PANEL,101.A6,,,,
AF0141:00,BOP PANEL,SC,T5631FO,WHT,16,94.B7,XT0140:41,BOP PANEL,94.B5,,,,
AF0141:01,BOP PANEL,SC,T5631FC,WHT,16,94.A7,XT0140:39,BOP PANEL,94.A5,,,,
AF0141:02,BOP PANEL,SC,T5632FO,WHT,16,92.B7,XT0140:29,BOP PANEL,92.B5,,,,
AF0141:03,BOP PANEL,SC,T5632FC,WHT,16,92.A7,XT0140:27,BOP PANEL,92.A5,,,,
AF0141:04,BOP PANEL,SC,ZSC1200A10,WHT,16,99.B7,XT0140:76,BOP PANEL,99.B5,,,,
AF0141:05,BOP PANEL,SC,VVFC560,WHT,16,103.B7,XT0140:10,BOP PANEL,103.B4,,,,
AF0141:06,BOP PANEL,SC,VVFO560,WHT,16,103.A7,XT0140:8,BOP PANEL,103.A4,,,,
AF0141:07,BOP PANEL,SC,LVFC561,WHT,16,96.B7,XT0572:1,BOP PANEL,96.B5,,,,
AF0141:08,BOP PANEL,SC,LVFO561,WHT,16,96.A7,XT0140:50,BOP PANEL,96.A5,,,,
AF0141:09,BOP PANEL,SC,SVFO562N,WHT,16,98.A7,XT0140:62,BOP PANEL,98.A5,,,,
AF0141:10,BOP PANEL,SC,SVFC562N,WHT,16,98.B7,XT0140:64,BOP PANEL,98.B5,,,,
AF0141:11,BOP PANEL,SC,DVFC564,WHT,16,101.B7,XT0140:88,BOP PANEL,101.B5,,,,
AF0141:12,BOP PANEL,SC,DVFO564,WHT,16,101.A7,XT0140:86,BOP PANEL,101.A5,,,,
AF0141:13,BOP PANEL,SC,ZSO1200A10,WHT,16,99.A7,XT0140:74,BOP PANEL,99.A5,,,,
AF0141:14,BOP PANEL,SC,ZSO1200A13,WHT,16,97.A7,XT0140:56,BOP PANEL,97.A5,,,,
AF0141:15,BOP PANEL,SC,ZSC1200A13,WHT,16,97.B7,XT0572:9,BOP PANEL,97.B5,,,,
AF0141:16,BOP PANEL,SC,0V,WHT,14,30.A3,XT0140:15,BOP PANEL,30.A5,,,,
AF0141:21,BOP PANEL,SC,014121,WHT,16,99.B7,KT0575:A2,BOP PANEL,99.B6,,,,
AF0141:24,BOP PANEL,SC,014124,WHT,16,96.B7,KT0571:A2,BOP PANEL,96.B6,,,,
AF0141:27,BOP PANEL,SC,KT0572A2,WHT,16,98.B7,KT0572:A2,BOP PANEL,98.B6,,,,
AF0141:28,BOP PANEL,SC,014128,WHT,16,101.B7,KT0573:A2,BOP PANEL,101.B6,,,,
AF0141:32,BOP PANEL,SC,014132,WHT,16,97.B7,KT0576:A2,BOP PANEL,97.B6,,,,
AF0141:33,BOP PANEL,SC,AF0141N,WHT,20,30.A3,AF0142:16,BOP PANEL,30.A3,,,,
AF0141:34,BOP PANEL,SC,FU0141,WHT,14,30.A3,FU0141:LD,BOP PANEL,30.B1,,,,
AF0141:35,BOP PANEL,SC,014135,WHT,16,94.B7,FU7404:LI,BOP PANEL,94.B6,,,,
AF0141:36,BOP PANEL,SC,014136,WHT,16,94.A7,FU7403:LI,BOP PANEL,94.A6,,,,
AF0141:37,BOP PANEL,SC,014137,WHT,16,92.B7,FU7431:LI,BOP PANEL,92.B6,,,,
AF0141:38,BOP PANEL,SC,014138,WHT,16,92.A7,FU7430:LI,BOP PANEL,92.A6,,,,
AF0141:39,BOP PANEL,SC,014139,WHT,16,99.B7,FU7423:LI,BOP PANEL,99.B6,,,,
AF0141:40,BOP PANEL,SC,014140,WHT,16,103.B7,FU7410:LI,BOP PANEL,103.B6,,,,
AF0141:41,BOP PANEL,SC,014141,WHT,16,103.A7,FU7409:LI,BOP PANEL,103.A6,,,,
AF0141:42,BOP PANEL,SC,014142,WHT,16,96.B7,FU7414:LI,BOP PANEL,96.B6,,,,
AF0141:43,BOP PANEL,SC,014143,WHT,16,96.A7,FU7413:LI,BOP PANEL,96.A6,,,,
AF0141:44,BOP PANEL,SC,014144,WHT,16,98.A7,FU7416:LI,BOP PANEL,98.A6,,,,
AF0141:45,BOP PANEL,SC,014145,WHT,16,98.B7,FU7417:LI,BOP PANEL,98.B6,,,,
AF0141:46,BOP PANEL,SC,014146,WHT,16,101.B7,FU7408:LI,BOP PANEL,101.B6,,,,
AF0141:47,BOP PANEL,SC,014147,WHT,16,101.A7,FU7407:LI,BOP PANEL,101.A6,,,,
AF0141:48,BOP PANEL,SC,014148,WHT,16,99.A7,FU7422:LI,BOP PANEL,99.A6,,,,
AF0141:49,BOP PANEL,SC,014149,WHT,16,97.A7,FU7428:LI,BOP PANEL,97.A6,,,,
AF0141:50,BOP PANEL,SC,014150,WHT,16,97.B7,FU7429:LI,BOP PANEL,97.B6,,,,
AF0141:51,BOP PANEL,SC,AF0141P,WHT,20,30.A3,AF0142:34,BOP PANEL,30.A3,,,,
AF0142:01,BOP PANEL,SC,014201,WHT,20,98.C7,AF0142:17,BOP PANEL,98.C7,,,,
AF0142:03,BOP PANEL,SC,014205,WHT,20,94.A7,AF0142:19,BOP PANEL,94.A7,,,,
AF0142:05,BOP PANEL,SC,014221,WHT,20,98.C7,AF0142:21,BOP PANEL,98.C7,,,,
AF0142:07,BOP PANEL,SC,AF014213,WHT,20,92.A7,AF0142:23,BOP PANEL,92.A7,,,,
AF0142:09,BOP PANEL,SC,014225,WHT,20,109.B7,AF0142:25,BOP PANEL,109.B7,,,,
AF0142:11,BOP PANEL,SC,014227,WHT,20,95.A6,AF0142:27,BOP PANEL,95.A6,,,,
AF0142:13,BOP PANEL,SC,014229,WHT,20,95.A6,AF0142:29,BOP PANEL,95.A6,,,,
AF0142:15,BOP PANEL,SC,014231,WHT,20,95.B6,AF0142:31,BOP PANEL,95.B6,,,,
AF0142:33,BOP PANEL,SC,AF0142N,WHT,20,30.A3,AF0143:16,BOP PANEL,30.A4,,,,
AF0142:51,BOP PANEL,SC,AF0142P,WHT,20,30.A3,AF0143:34,BOP PANEL,30.A4,,,,
AF0143:33,BOP PANEL,SC,AF0143N,WHT,14,30.A4,AF0145:16,BOP PANEL,30.A5,,,,
AF0143:51,BOP PANEL,SC,AF0143P,WHT,20,30.A4,AF0145:34,BOP PANEL,30.A5,,,,
AF0144:02,BOP PANEL,SC,014402,WHT,16,94.C7,FU7405:LI,BOP PANEL,94.C6,,,,
AF0144:06,BOP PANEL,SC,014406,WHT,16,92.B7,FU7432:LI,BOP PANEL,92.B6,,,,
AF0144:08,BOP PANEL,SC,014408,WHT,20,105.C7,KA21807:A1,BOP PANEL,105.C6,,,,
AF0144:10,BOP PANEL,SC,014410,WHT,20,105.C7,KA21808:A1,BOP PANEL,105.C6,,,,
AF0144:16,BOP PANEL,SC,0V,WHT,14,30.A5,XT0140:15,BOP PANEL,30.A5,,,,
AF0144:18,BOP PANEL,SC,L5672N,WHT,16,94.C7,XT0140:46,BOP PANEL,94.C5,,,,
AF0144:20,BOP PANEL,SC,L5682N,WHT,16,92.B7,XT0140:31,BOP PANEL,92.C5,,,,
AF0144:21,BOP PANEL,SC,014421,WHT,20,105.C7,KA21807:A2,BOP PANEL,105.C6,,,,
AF0144:22,BOP PANEL,SC,014422,WHT,20,105.C7,KA21808:A2,BOP PANEL,105.C6,,,,
AF0144:34,BOP PANEL,SC,FU0144,WHT,16,30.A5,FU0144:LD,BOP PANEL,30.C1,,,,
AF0145:01,BOP PANEL,SC,014517,WHT,20,106.A7,AF0145:17,BOP PANEL,106.A7,,,,
AF0145:03,BOP PANEL,SC,014519,WHT,20,106.B7,AF0145:19,BOP PANEL,106.B7,,,,
AF0145:05,BOP PANEL,SC,014521,WHT,20,101.C7,AF0145:21,BOP PANEL,101.C7,,,,
AF0145:07,BOP PANEL,SC,014507,WHT,20,107.B7,AF0145:23,BOP PANEL,107.B7,,,,
AF0145:09,BOP PANEL,SC,014525,WHT,20,99.C7,AF0145:25,BOP PANEL,99.C7,,,,
AF0145:11,BOP PANEL,SC,014527,WHT,20,99.C7,AF0145:27,BOP PANEL,99.C7,,,,
AF0145:33,BOP PANEL,SC,AF0145N,WHT,20,30.A5,AF0146:16,BOP PANEL,30.A6,,,,
AF0145:51,BOP PANEL,SC,AF0145P,WHT,20,30.A5,AF0146:34,BOP PANEL,30.A6,,,,
AF0146:01,BOP PANEL,SC,014617,WHT,20,95.C6,AF0146:17,BOP PANEL,95.C6,,,,
AF0146:03,BOP PANEL,SC,014619,WHT,20,95.C6,AF0146:19,BOP PANEL,95.C6,,,,
AF0146:05,BOP PANEL,SC,014621,WHT,20,93.A6,AF0146:21,BOP PANEL,93.A6,,,,
AF0146:07,BOP PANEL,SC,014623,WHT,20,93.A6,AF0146:23,BOP PANEL,93.A6,,,,
AF0146:09,BOP PANEL,SC,014625,WHT,20,93.B6,AF0146:25,BOP PANEL,93.B6,,,,
AF0146:11,BOP PANEL,SC,014627,WHT,20,93.C6,AF0146:27,BOP PANEL,93.C6,,,,
AF0146:13,BOP PANEL,SC,014629,WHT,20,93.C6,AF0146:29,BOP PANEL,93.C6,,,,
AF0146:15,BOP PANEL,SC,014631,WHT,20,93.D6,AF0146:31,BOP PANEL,93.D6,,,,
AF0146:33,BOP PANEL,SC,AF0146N,WHT,20,30.A6,AF0147:16,BOP PANEL,30.A6,,,,
AF0146:51,BOP PANEL,SC,AF0146P,WHT,20,30.A6,AF0147:34,BOP PANEL,30.A6,,,,
AF0180:00,BOP PANEL,SC,018000,WHT,20,105.A7,KA21804:A1,BOP PANEL,105.A6,,,,
AF0180:02,BOP PANEL,SC,018002,WHT,20,105.A7,KA21805:A1,BOP PANEL,105.B6,,,,
AF0180:04,BOP PANEL,SC,018004,WHT,20,105.B7,KA21806:A1,BOP PANEL,105.B6,,,,
AF0180:06,BOP PANEL,SC,018006,WHT,16,102.B7,FU7420:LI,BOP PANEL,102.B6,,,,
AF0180:08,BOP PANEL,SC,018008,WHT,16,100.A7,KA0533:14,BOP PANEL,100.A6,,,,
AF0180:16,BOP PANEL,SC,AU0180N,WHT,20,30.C2,AU0180:COM,BOP PANEL,30.C2,,,,
AF0180:17,BOP PANEL,SC,018017,WHT,20,105.A7,KA21804:A2,BOP PANEL,105.A6,,,,
AF0180:18,BOP PANEL,SC,018018,WHT,20,105.A7,KA21805:A2,BOP PANEL,105.B6,,,,
AF0180:19,BOP PANEL,SC,018019,WHT,20,105.B7,KA21806:A2,BOP PANEL,105.B6,,,,
AF0180:20,BOP PANEL,SC,BDY4070A22N,WHT,16,102.B7,XT0140:6,BOP PANEL,102.C4,,,,
AF0180:21,BOP PANEL,SC,SDY4070A30,WHT,16,100.A7,XT0180:30,BOP PANEL,100.A5,,,,
AF0180:34,BOP PANEL,SC,AU0180P,WHT,20,30.C2,AU0180:V+,BOP PANEL,30.C2,,,,
AF0180:39,BOP PANEL,SC,018039,WHT,16,100.A7,FU7424:LI,BOP PANEL,100.A6,,,,
AF0181:00,BOP PANEL,SC,S510,WHT,16,36.A7,XT0180:12,BOP PANEL,36.A5,,,,
AF0181:01,BOP PANEL,SC,S511,WHT,16,36.A7,XT0180:14,BOP PANEL,36.A5,,,,
AF0181:02,BOP PANEL,SC,ZSC5020A60N,WHT,16,104.A7,XT0180:2,BOP PANEL,104.A5,,,,
AF0181:03,BOP PANEL,SC,S541,WHT,16,36.B7,XT0180:16,BOP PANEL,36.B5,,,,
AF0181:04,BOP PANEL,SC,ZSO5020A60N,WHT,16,104.B7,XT0180:4,BOP PANEL,104.B5,,,,
AF0181:05,BOP PANEL,SC,S512B,WHT,16,36.C7,XT0180:18,BOP PANEL,36.C5,,,,
AF0181:06,BOP PANEL,SC,XY5020A11,WHT,16,105.D7,XT0180:6,BOP PANEL,105.D5,,,,
AF0181:07,BOP PANEL,SC,XY5020A14,WHT,16,105.D7,XT0180:8,BOP PANEL,105.D5,,,,
AF0181:08,BOP PANEL,SC,ZSO4070A22,WHT,16,102.A7,XT0140:2,BOP PANEL,102.A4,,,,
AF0181:09,BOP PANEL,SC,ZSC4070A22,WHT,16,102.B7,XT0140:4,BOP PANEL,102.B4,,,,
AF0181:10,BOP PANEL,SC,ZSC4070A30,WHT,16,100.B7,XT0180:34,BOP PANEL,100.B5,,,,
AF0181:11,BOP PANEL,SC,ZSO1190A20,WHT,16,91.B7,XT0180:25,BOP PANEL,91.B5,,,,
AF0181:12,BOP PANEL,SC,ZSC1190A20,WHT,16,91.A7,XT0180:23,BOP PANEL,91.A5,,,,
AF0181:13,BOP PANEL,SC,ZSO4070A30,WHT,16,100.A7,XT0180:32,BOP PANEL,100.A5,,,,
AF0181:16,BOP PANEL,SC,0V,WHT,14,30.C3,XT0180:10,BOP PANEL,30.D1,,,,
AF0181:27,BOP PANEL,SC,018127,WHT,16,100.B7,KT0574:A2,BOP PANEL,100.B6,,,,
AF0181:33,BOP PANEL,SC,AF0181N,WHT,20,30.C3,AF0182:16,BOP PANEL,30.C3,,,,
AF0181:34,BOP PANEL,SC,FU0181,WHT,14,30.C3,FU0181:LD,BOP PANEL,30.D1,,,,
AF0181:35,BOP PANEL,SC,018135,WHT,16,36.A7,FU0741:LD,BOP PANEL,36.A6,,,,
AF0181:36,BOP PANEL,SC,018136,WHT,16,36.A7,FU0742:LD,BOP PANEL,36.A6,,,,
AF0181:37,BOP PANEL,SC,018137,WHT,16,104.A7,FU0745:LI,BOP PANEL,104.A6,,,,
AF0181:38,BOP PANEL,SC,018138,WHT,16,36.B7,FU0743:LD,BOP PANEL,36.B6,,,,
AF0181:39,BOP PANEL,SC,018139,WHT,16,104.B7,FU0746:LI,BOP PANEL,104.B6,,,,
AF0181:40,BOP PANEL,SC,018140,WHT,16,36.C7,FU0744:LD,BOP PANEL,36.C6,,,,
AF0181:41,BOP PANEL,SC,018141,WHT,16,105.D7,FU0747:LI,BOP PANEL,105.D6,,,,
AF0181:42,BOP PANEL,SC,018142,WHT,16,105.D7,FU0748:LI,BOP PANEL,105.D6,,,,
AF0181:43,BOP PANEL,SC,018143,WHT,16,102.A7,FU7418:LI,BOP PANEL,102.A6,,,,
AF0181:44,BOP PANEL,SC,018144,WHT,16,102.B7,FU7419:LI,BOP PANEL,102.B6,,,,
AF0181:45,BOP PANEL,SC,018145,WHT,16,100.B7,FU7426:LI,BOP PANEL,100.B6,,,,
AF0181:46,BOP PANEL,SC,018146,WHT,16,91.B7,FU7402:LI,BOP PANEL,91.B6,,,,
AF0181:47,BOP PANEL,SC,018147,WHT,16,91.A7,FU7401:LI,BOP PANEL,91.A6,,,,
AF0181:48,BOP PANEL,SC,018148,WHT,16,100.A7,FU7425:LI,BOP PANEL,100.A6,,,,
AF0181:51,BOP PANEL,SC,AF0181P,WHT,20,30.C3,AF0182:34,BOP PANEL,30.C3,,,,
AF0182:00,BOP PANEL,SC,CC75601,WHT,16,36.B7,XT0181:1,BOP PANEL,36.B5,,,,
AF0182:01,BOP PANEL,SC,CC75602,WHT,16,36.B7,XT0181:2,BOP PANEL,36.C5,,,,
AF0182:02,BOP PANEL,SC,HIC1190A20AP,WHT,16,37.A7,XT0181:4,BOP PANEL,37.A5,,,,
AF0182:03,BOP PANEL,SC,HIC1190A20AN,WHT,16,37.A7,XT0181:5,BOP PANEL,37.A5,,,,
AF0182:05,BOP PANEL,SC,018221,WHT,20,108.A7,AF0182:21,BOP PANEL,108.A7,,,,
AF0182:07,BOP PANEL,SC,018223,WHT,20,108.B7,AF0182:23,BOP PANEL,108.B7,,,,
AF0182:09,BOP PANEL,SC,018225,WHT,20,91.A7,AF0182:25,BOP PANEL,91.A7,,,,
AF0182:11,BOP PANEL,SC,018227,WHT,20,108.C8,AF0182:27,BOP PANEL,108.C8,,,,
AF0182:13,BOP PANEL,SC,018229,WHT,20,108.D8,AF0182:29,BOP PANEL,108.D8,,,,
AF0182:15,BOP PANEL,SC,018231,WHT,20,108.D8,AF0182:31,BOP PANEL,108.D8,,,,
AF0182:33,BOP PANEL,SC,AF0182N,WHT,20,30.C3,AF0183:16,BOP PANEL,30.C4,,,,
AF0182:51,BOP PANEL,SC,AF0182P,WHT,20,30.C3,AF0183:34,BOP PANEL,30.C4,,,,
AF0183:33,BOP PANEL,SC,AF0183N,WHT,20,30.C4,AF0184:16,BOP PANEL,30.C5,,,,
AF0183:51,BOP PANEL,SC,AF0183P,WHT,20,30.C4,AF0184:34,BOP PANEL,30.C5,,,,
AF0184:01,BOP PANEL,SC,018417,WHT,20,107.A7,AF0184:17,BOP PANEL,107.A7,,,,
AF0184:03,BOP PANEL,SC,018419,WHT,20,109.A7,AF0184:19,BOP PANEL,109.A7,,,,
AF0184:05,BOP PANEL,SC,018421,WHT,20,109.C7,AF0184:21,BOP PANEL,109.C7,,,,
AF0184:07,BOP PANEL,SC,018423,WHT,20,109.D7,AF0184:23,BOP PANEL,109.D7,,,,
AF0184:09,BOP PANEL,SC,018425,WHT,20,109.D7,AF0184:25,BOP PANEL,109.D7,,,,
AF0184:33,BOP PANEL,SC,AF0184N,WHT,20,30.C5,AF0185:16,BOP PANEL,30.C5,,,,
AF0184:51,BOP PANEL,SC,AF0184P,WHT,20,30.C5,AF0185:34,BOP PANEL,30.C5,,,,
AF0185:33,BOP PANEL,SC,AF0185N,WHT,20,30.C5,AF0186:16,BOP PANEL,30.C6,,,,
AF0185:51,BOP PANEL,SC,AF0185P,WHT,20,30.C5,AF0186:34,BOP PANEL,30.C6,,,,
AF0186:33,BOP PANEL,SC,AF0186N,WHT,20,30.C6,AF0187:16,BOP PANEL,30.C6,,,,
AF0186:51,BOP PANEL,SC,AF0186P,WHT,20,30.C6,AF0187:34,BOP PANEL,30.C6,,,,
AU0140:COM,BOP PANEL,SC,0V,WHT,14,30.A2,XT0140:14,BOP PANEL,30.A5,,,,
AU0140:V+,BOP PANEL,SC,FU0140,WHT,14,30.A2,FU0140:LD,BOP PANEL,30.B1,,,,
AU0180:COM,BOP PANEL,SC,0V,WHT,14,30.C2,XT0180:9,BOP PANEL,30.D1,,,,
AU0180:V+,BOP PANEL,SC,FU0180,WHT,14,30.C2,FU0180:LD,BOP PANEL,30.D1,,,,
FU0140:LI,BOP PANEL,SC,FU0570,WHT,14,30.B1,FU0141:LI,BOP PANEL,30.B1,,,,
FU0140:LI,BOP PANEL,SC,FU0570,WHT,14,30.B1,FU0570:LD,BOP PANEL,30.A4,,,,
FU0141:LI,BOP PANEL,SC,FU0570,WHT,14,30.B1,FU0144:LI,BOP PANEL,30.C1,,,,
FU0144:LD,BOP PANEL,SC,FU0144,WHT,16,30.C1,XT0140:17,BOP PANEL,31.C1,,,,
FU0144:LI,BOP PANEL,SC,FU0570,WHT,14,30.C1,FU0180:LI,BOP PANEL,30.D1,,,,
FU0180:LI,BOP PANEL,SC,FU0570,WHT,14,30.D1,FU0181:LI,BOP PANEL,30.D1,,,,
FU0570:LI,BOP PANEL,SC,FU0136,WHT,14,30.A4,XT0140:13,BOP PANEL,30.A5,,,,
FU0741:LI,BOP PANEL,SC,S510P,WHT,16,36.A6,XT0180:11,BOP PANEL,36.A5,,,,
FU0742:LI,BOP PANEL,SC,S511P,WHT,16,36.A6,XT0180:13,BOP PANEL,36.A5,,,,
FU0743:LI,BOP PANEL,SC,S541P,WHT,16,36.B6,XT0180:15,BOP PANEL,36.B5,,,,
FU0744:LI,BOP PANEL,SC,S512BP,WHT,16,36.C6,XT0180:17,BOP PANEL,36.C5,,,,
FU0745:LD,BOP PANEL,SC,ZSC5020A60P,WHT,16,104.A6,XT0180:1,BOP PANEL,104.A5,,,,
FU0746:LD,BOP PANEL,SC,ZSO5020A60P,WHT,16,104.B6,XT0180:3,BOP PANEL,104.B5,,,,
FU0747:LD,BOP PANEL,SC,XY5020A11P,WHT,16,105.D6,XT0180:5,BOP PANEL,105.D5,,,,
FU0748:LD,BOP PANEL,SC,XY5020A14P,WHT,16,105.D6,XT0180:7,BOP PANEL,105.D5,,,,
FU7401:LD,BOP PANEL,SC,ZSC1190A20P,WHT,16,91.A6,XT0180:22,BOP PANEL,91.A5,,,,
FU7402:LD,BOP PANEL,SC,ZSO1190A20P,WHT,16,91.B6,XT0180:24,BOP PANEL,91.B5,,,,
FU7403:LD,BOP PANEL,SC,T5631FCP,WHT,16,94.A6,XT0140:38,BOP PANEL,94.A5,,,,
FU7404:LD,BOP PANEL,SC,T5631FOP,WHT,16,94.B6,XT0140:40,BOP PANEL,94.B5,,,,
FU7405:LD,BOP PANEL,SC,L5672P,WHT,16,94.C6,XT0140:45,BOP PANEL,94.C5,,,,
FU7406:LD,BOP PANEL,SC,FU7406,WHT,16,101.A6,KA0541:11,BOP PANEL,101.A5,,,,
FU7407:LD,BOP PANEL,SC,DVFO564P,WHT,16,101.A6,XT0140:85,BOP PANEL,101.A5,,,,
FU7408:LD,BOP PANEL,SC,DVFC564P,WHT,16,101.B6,XT0140:87,BOP PANEL,101.B5,,,,
FU7409:LD,BOP PANEL,SC,VVFO560P,WHT,16,103.A6,XT0140:7,BOP PANEL,103.A4,,,,
FU7410:LD,BOP PANEL,SC,VVFC560P,WHT,16,103.B6,XT0140:9,BOP PANEL,103.B4,,,,
FU7411:LD,BOP PANEL,SC,FU7409,WHT,16,103.B6,KA0535:11,BOP PANEL,103.B5,,,,
FU7412:LD,BOP PANEL,SC,FU7412,WHT,16,96.A6,KA0531:11,BOP PANEL,96.A5,,,,
FU7413:LD,BOP PANEL,SC,LVFO561P,WHT,16,96.A6,XT0140:49,BOP PANEL,96.A5,,,,
FU7414:LD,BOP PANEL,SC,LVFC561P,WHT,16,96.B6,XT0140:51,BOP PANEL,96.B5,,,,
FU7415:LI,BOP PANEL,SC,FU7415,WHT,16,98.A6,KA0540:11,BOP PANEL,98.A5,,,,
FU7416:LD,BOP PANEL,SC,SVFO562P,WHT,16,98.A6,XT0140:61,BOP PANEL,98.A5,,,,
FU7417:LD,BOP PANEL,SC,SVFC562P,WHT,16,98.B6,XT0140:63,BOP PANEL,98.B5,,,,
FU7418:LD,BOP PANEL,SC,ZSO4070A22P,WHT,16,102.A6,XT0140:1,BOP PANEL,102.A4,,,,
FU7419:LD,BOP PANEL,SC,ZSC4070A22P,WHT,16,102.B6,XT0140:3,BOP PANEL,102.B4,,,,
FU7420:LD,BOP PANEL,SC,FU7420,WHT,16,102.B6,KA0535:21,BOP PANEL,102.B5,,,,
FU7421:LI,BOP PANEL,SC,FU7421,WHT,16,99.A6,KA0543:11,BOP PANEL,99.A5,,,,
FU7422:LD,BOP PANEL,SC,ZSO1200A10P,WHT,16,99.A6,XT0140:73,BOP PANEL,99.A5,,,,
FU7423:LD,BOP PANEL,SC,ZSC1200A10P,WHT,16,99.B6,XT0140:75,BOP PANEL,99.B5,,,,
FU7424:LD,BOP PANEL,SC,KA054211,WHT,16,100.A6,KA0542:11,BOP PANEL,100.A5,,,,
FU7425:LD,BOP PANEL,SC,ZSO4070A30P,WHT,16,100.A6,XT0180:31,BOP PANEL,100.A5,,,,
FU7426:LD,BOP PANEL,SC,ZSC4070A30P,WHT,16,100.B6,XT0180:33,BOP PANEL,100.B5,,,,
FU7427:LD,BOP PANEL,SC,FU7427,WHT,16,97.A6,KA0534:11,BOP PANEL,97.A5,,,,
FU7428:LD,BOP PANEL,SC,ZSO1200A13P,WHT,16,97.A6,XT0140:55,BOP PANEL,97.A5,,,,
FU7429:LD,BOP PANEL,SC,ZSC1200A13P,WHT,16,97.B6,XT0140:57,BOP PANEL,97.B5,,,,
FU7430:LD,BOP PANEL,SC,T5632FCP,WHT,16,92.A6,XT0140:26,BOP PANEL,92.A5,,,,
FU7431:LD,BOP PANEL,SC,T5632FOP,WHT,16,92.B6,XT0140:28,BOP PANEL,92.B5,,,,
FU7432:LD,BOP PANEL,SC,L5682,WHT,16,92.B6,XT0140:30,BOP PANEL,92.B5,,,,
GR0140: ,BOP PANEL,SC,0V,WHT,14,30.A4,XT0140:16,BOP PANEL,30.A5,,,,
GR0180: ,BOP PANEL,SC,IEG02573,GRN,14,5.B3,IEG0257:3,BOP PANEL,5.B3,,,,
GR0257: ,BOP PANEL,SC,0V,WHT,14,30.D1,XT0180:10,BOP PANEL,30.D1,,,,
IEG0140:,BOP PANEL,SC,IEG0140,GRN,14,30.C5,IEG0257:1,BOP PANEL,30.C5,,,,
IEG0180:,BOP PANEL,SC,IEG02572,GRN,14,30.D3,IEG0257:2,BOP PANEL,30.D4,,,,
IEG0180:,BOP PANEL,SC,CC7560S,GRN,14,36.C6,XT0181:3,BOP PANEL,36.C5,,,,
IEG0180:,BOP PANEL,SC,HIC1190A20ASH,GRN,14,37.B6,XT0181:6,BOP PANEL,37.B5,,,,
KA0531:14,BOP PANEL,SC,L5611P,WHT,16,96.A5,XT0140:47,BOP PANEL,96.A5,,,,
KA0531:A1,BOP PANEL,SC,ESTOP,WHT,20,31.B3,KA0532:A1,BOP PANEL,31.B3,,,,
KA0531:A1,BOP PANEL,SC,ESTOP,WHT,20,31.B3,XT0140:19,BOP PANEL,31.B2,,,,
KA0531:A2,BOP PANEL,SC,0V,WHT,20,31.B3,KA0532:A2,BOP PANEL,31.B3,,,,
KA0531:A2,BOP PANEL,SC,0V,WHT,20,31.B3,KA0539:A2,BOP PANEL,31.A3,,,,
KA0532:14,BOP PANEL,SC,KA053214,WHT,16,98.A6,KA0540:A1,BOP PANEL,98.A5,,,,
KA0532:24,BOP PANEL,SC,KA053224,WHT,16,101.A6,KA0541:A1,BOP PANEL,101.A5,,,,
KA0532:A1,BOP PANEL,SC,ESTOP,WHT,20,31.B3,KA0533:A1,BOP PANEL,31.B3,,,,
KA0532:A2,BOP PANEL,SC,0V,WHT,20,31.B3,KA0533:A2,BOP PANEL,31.B3,,,,
KA0533:11,BOP PANEL,SC,KA053311,WHT,20,100.A6,KA0542:A1,BOP PANEL,100.A6,,,,
KA0533:11,BOP PANEL,SC,FU0144,WHT,20,31.C2,XT0140:17,BOP PANEL,31.C1,,,,
KA0533:12,BOP PANEL,SC,KA053312,WHT,20,31.C2,KT0573:15,BOP PANEL,31.C3,,,,
KA0533:24,BOP PANEL,SC,KA053324,WHT,16,99.A6,KA0543:A1,BOP PANEL,99.A5,,,,
KA0533:A1,BOP PANEL,SC,ESTOP,WHT,20,31.B3,KA0534:A1,BOP PANEL,31.B3,,,,
KA0533:A2,BOP PANEL,SC,0V,WHT,20,31.B3,KA0534:A2,BOP PANEL,31.B3,,,,
KA0534:14,BOP PANEL,SC,SDY1200A13P,WHT,16,97.A5,XT0140:53,BOP PANEL,97.A5,,,,
KA0534:A1,BOP PANEL,SC,ESTOP,WHT,20,31.B3,KA0537:A1,BOP PANEL,31.B3,,,,
KA0534:A2,BOP PANEL,SC,0V,WHT,20,31.B3,KA0537:A2,BOP PANEL,31.B3,,,,
KA0535:14,BOP PANEL,SC,KA053514,WHT,16,103.B5,XT0573:1 B2,BOP PANEL,103.B5,,,,
KA0535:24,BOP PANEL,SC,KA053524,WHT,16,102.B5,XT0573:10 B2,BOP PANEL,102.B5,,,,
KA0535:A1,BOP PANEL,SC,KA0231A1,WHT,20,31.A3,KA0536:A1,BOP PANEL,31.A3,,,,
KA0535:A1,BOP PANEL,SC,KA0231A1,WHT,20,31.A3,XT0140:18,BOP PANEL,31.A2,,,,
KA0535:A2,BOP PANEL,SC,0V,WHT,20,31.A3,KA0536:A2,BOP PANEL,31.A3,,,,
KA0535:A2,BOP PANEL,SC,0V,WHT,20,31.A3,XT0140:16,BOP PANEL,30.A5,,,,
KA0536:11,BOP PANEL,SC,XT05732B1,WHT,16,103.B5,XT0573:2 B1,BOP PANEL,103.B5,,,,
KA0536:12,BOP PANEL,SC,KA053612,WHT,16,103.B5,XT0573:1 T1,BOP PANEL,103.B5,,,,
KA0536:21,BOP PANEL,SC,KA053621,WHT,16,102.B5,XT0573:11 B1,BOP PANEL,102.B5,,,,
KA0536:22,BOP PANEL,SC,KA053622,WHT,16,102.B5,XT0573:10 T1,BOP PANEL,102.B5,,,,
KA0536:A1,BOP PANEL,SC,KA0231A1,WHT,20,31.A3,KA0538:A1,BOP PANEL,31.A3,,,,
KA0536:A2,BOP PANEL,SC,0V,WHT,20,31.A3,KA0538:A2,BOP PANEL,31.A3,,,,
KA0538:A1,BOP PANEL,SC,KA0231A1,WHT,20,31.A3,KA0539:A1,BOP PANEL,31.A3,,,,
KA0538:A2,BOP PANEL,SC,0V,WHT,20,31.A3,KA0539:A2,BOP PANEL,31.A3,,,,
KA0540:14,BOP PANEL,SC,L5621P,WHT,16,98.A5,XT0140:59,BOP PANEL,98.A5,,,,
KA0540:A2,BOP PANEL,SC,L5621N,WHT,16,98.A5,XT0140:60,BOP PANEL,98.A5,,,,
KA0541:14,BOP PANEL,SC,L5641P,WHT,16,101.A5,XT0140:83,BOP PANEL,101.A5,,,,
KA0541:A2,BOP PANEL,SC,L5641N,WHT,16,101.A5,XT0140:84,BOP PANEL,101.A5,,,,
KA0542:14,BOP PANEL,SC,SDY4070A30P,WHT,16,100.A5,XT0180:29,BOP PANEL,100.A5,,,,
KA0542:A2,BOP PANEL,SC,SDY4070A30,WHT,16,100.A6,XT0180:30,BOP PANEL,100.A5,,,,
KA0543:14,BOP PANEL,SC,SDY1200A10P,WHT,16,99.A5,XT0140:71,BOP PANEL,99.A5,,,,
KA0543:A2,BOP PANEL,SC,SDY1200A10,WHT,16,99.A5,XT0140:72,BOP PANEL,99.A5,,,,
KA21804:11,BOP PANEL,SC,K218004COM,WHT,16,105.A5,XT0181:43,BOP PANEL,105.A5,,,,
KA21804:14,BOP PANEL,SC,K218004NO,WHT,16,105.A5,XT0181:44,BOP PANEL,105.A5,,,,
KA21805:11,BOP PANEL,SC,K218005COM,WHT,16,105.B5,XT0181:45,BOP PANEL,105.B5,,,,
KA21805:14,BOP PANEL,SC,K218005NO,WHT,16,105.B5,XT0181:46,BOP PANEL,105.B5,,,,
KA21806:11,BOP PANEL,SC,K218006COM,WHT,16,105.B5,XT0181:47,BOP PANEL,105.B5,,,,
KA21806:14,BOP PANEL,SC,K218006NO,WHT,16,105.B5,XT0181:48,BOP PANEL,105.B5,,,,
KA21807:11,BOP PANEL,SC,KA2180711,WHT,16,105.C5,XT0181:49,BOP PANEL,105.C5,,,,
KA21807:14,BOP PANEL,SC,KA2180714,WHT,16,105.C5,XT0181:50,BOP PANEL,105.C5,,,,
KA21808:11,BOP PANEL,SC,KA2180811,WHT,16,105.C5,XT0181:51,BOP PANEL,105.C5,,,,
KA21808:14,BOP PANEL,SC,KA2180814,WHT,16,105.C5,XT0181:52,BOP PANEL,105.C5,,,,
KT0571:A1,BOP PANEL,SC,LVFC561,WHT,16,96.B6,XT0572:1,BOP PANEL,96.B5,,,,
KT0572:15,BOP PANEL,SC,KA053312,WHT,20,31.D3,KT0573:15,BOP PANEL,31.C3,,,,
KT0572:15,BOP PANEL,SC,KA053312,WHT,20,31.D3,KT0574:15,BOP PANEL,31.D3,,,,
KT0572:15,BOP PANEL,SC,KA053312,WHT,20,31.D3,KT0575:15,BOP PANEL,31.C3,,,,
KT0572:16,BOP PANEL,SC,KT057216,WHT,16,31.D3,XT0573:11 B2,BOP PANEL,102.B5,,,,
KT0572:A1,BOP PANEL,SC,SVFC562N,WHT,16,98.B6,XT0140:64,BOP PANEL,98.B5,,,,
KT0573:16,BOP PANEL,SC,KT057316,WHT,16,31.C3,XT0573:2 T2,BOP PANEL,103.B5,,,,
KT0573:A1,BOP PANEL,SC,DVFC564,WHT,16,101.B6,XT0140:88,BOP PANEL,101.B5,,,,
KT0574:16,BOP PANEL,SC,KT057416,WHT,16,31.D3,XT0573:11 T2,BOP PANEL,102.B5,,,,
KT0574:A1,BOP PANEL,SC,ZSC4070A30,WHT,16,100.B6,XT0180:34,BOP PANEL,100.B5,,,,
KT0575:16,BOP PANEL,SC,KT057516,WHT,16,31.C3,XT0573:2 B2,BOP PANEL,103.B5,,,,
KT0575:A1,BOP PANEL,SC,ZSC1200A10,WHT,16,99.B6,XT0140:76,BOP PANEL,99.B5,,,,
KT0576:A1,BOP PANEL,SC,ZSC1200A13,WHT,16,97.B6,XT0572:9,BOP PANEL,97.B5,,,,
XT0140:11,BOP PANEL,SC,L5602P,WHT,16,103.B4,XT0573:1 B1,BOP PANEL,103.B5,,,,
XT0140:13,BOP PANEL,SC,FU0136,WHT,12,30.A5,XT0570:1,BOP PANEL,30.A5,,,,
XT0140:14,BOP PANEL,SC,0V,WHT,14,30.A5,XT0570:2,BOP PANEL,30.A5,,,,
XT0140:16,BOP PANEL,SC,0V,WHT,14,30.A5,XT0180:9,BOP PANEL,30.D1,,,,
XT0140:18,BOP PANEL,SC,KA0231A1,WHT,12,31.A2,XT0570:3,BOP PANEL,31.A2,,,,
XT0140:5,BOP PANEL,SC,BDY4070A22P,WHT,16,102.B4,XT0573:10 B1,BOP PANEL,102.B5,,,,
XT0140:52,BOP PANEL,SC,LVFC561,WHT,16,96.B5,XT0572:1,BOP PANEL,96.B5,,,,
XT0140:58,BOP PANEL,SC,ZSC1200A13,WHT,16,97.B5,XT0572:9,BOP PANEL,97.B5,,,,
AT0190:GND,CONSOLE,SC,AT0190G,GRN/YEL,14,12.B4,FRAME,CONSOLE,12.C3,,,,
AT0190:USB1,CONSOLE,SC,AT0190K,CABLE,USB,12.B4,AT0190K:KI,CONSOLE,12.C5,,,,
EL0273:+,CONSOLE,SC,ZS0273,WHT,14,12.B4,ZS0273:2,CONSOLE,12.B4,,,,
AT0190:NEG,CONSOLE,SC,0V1,WHT,14,12.B4,XT0562:2,PWR DISTRIBUTION RAIL,11.C5,,,,
AT0190:POS,CONSOLE,SC,FU0190,WHT,14,12.B4,FU0190:LD,PWR DISTRIBUTION RAIL,12.C3,,,,
EL0273:-,CONSOLE,SC,0V1,WHT,14,12.B4,XT0562:1,PWR DISTRIBUTION RAIL,11.C5,,,,
ZS0273:1,CONSOLE,SC,FU0273,WHT,14,12.B4,FU0273:LD,PWR DISTRIBUTION RAIL,12.B3,,,,
HA0273:(-),CONSOLE,WC5540,HA0273N,WHT,16,15.A1,AF0201:27,TCP,15.A3,,,,
HA0273:(+),CONSOLE,WC5540,HA0273P,BLK,16,15.A1,AF0201:10,TCP,15.A3,,,,
HA0472:BLK-1,JB70,WC5072,HA04721,1,18,33.C1,AF0087:32,PANEL A,33.C6,,,,
HA0472:BLK-2,JB70,WC5072,HA04722,2,18,33.C1,AF0087:15,PANEL A,33.C6,,,,
AT1100:GND,JB70,SC,PEG01304,GRN/YEL,14,35.D3,PEG0130:4,PANEL A,35.D6,,,,
AT1100:NEG,JB70,SC,0V,WHT,14,35.D3,XT0134:3,PANEL A,22.B3,,,,
SA0471:B1-13,JB70,SC,SA047123,WHT,20,34.B1,AF0087:43,PANEL A,34.B7,,,,
SA0471:B1-14,JB70,SC,SA047124,WHT,20,34.B1,AF0087:08,PANEL A,34.B7,,,,
SA0471:B2-13,JB70,SC,SA047113,WHT,20,34.A1,AF0087:42,PANEL A,34.A7,,,,
SA0471:B2-14,JB70,SC,SA047114,WHT,20,34.A1,AF0087:07,PANEL A,34.A7,,,,
SA0473:11,JB70,SC,SA0473B-B2,WHT,20,34.D1,AF0087:41,PANEL A,34.D7,,,,
SA0473:12,JB70,SC,SA0473B-B1,WHT,20,34.D1,AF0087:06,PANEL A,34.D7,,,,
SA0473:13,JB70,SC,SA0473W-B2,WHT,20,34.D1,AF0087:40,PANEL A,34.D7,,,,
SA0473:14,JB70,SC,SA0473W-B1,WHT,20,34.D1,AF0087:05,PANEL A,34.D7,,,,
SB0471:11,JB70,SC,SB047111,WHT,20,33.D1,AF0087:37,PANEL A,33.D7,,,,
SB0471:12,JB70,SC,SB047112,WHT,20,33.D1,AF0087:02,PANEL A,33.D7,,,,
SB0472:B1-11,JB70,SC,ESTOPA,WHT,20,34.B1,XT0137:1,PANEL A,34.B5,,,,
SB0472:B1-12,JB70,SC,ESTOP,WHT,20,34.B1,XT0137:2,PANEL A,34.B5,,,,
SB0472:B2-11,JB70,SC,SB047221,WHT,20,34.B1,AF0087:44,PANEL A,34.B7,,,,
SB0472:B2-12,JB70,SC,SB047222,WHT,20,34.B1,AF0087:09,PANEL A,34.B7,,,,
SB0473:13,JB70,SC,SB047313,WHT,20,33.D1,AF0087:38,PANEL A,33.D7,,,,
SB0473:14,JB70,SC,SB047314,WHT,20,33.D1,AF0087:03,PANEL A,33.D7,,,,
SB0474:13,JB70,SC,SB047423,WHT,20,34.A1,AF0087:39,PANEL A,34.A7,,,,
SB0474:14,JB70,SC,SB047424,WHT,20,34.A1,AF0087:04,PANEL A,34.A7,,,,
SH0470:11,JB70,SC,SH047011,WHT,20,33.B1,AF0087:36,PANEL A,33.B7,,,,
SH0470:12,JB70,SC,SH047012,WHT,20,33.B1,AF0087:01,PANEL A,33.B7,,,,
SH0470:13,JB70,SC,SH047013,WHT,20,33.B1,XT0137:5,PANEL A,33.B5,,,,
SH0470:14,JB70,SC,SH047014,WHT,20,33.B1,XT0137:6,PANEL A,33.B5,,,,
SH0470:X1,JB70,SC,SH0470X1,WHT,20,33.B1,AF0087:30,PANEL A,33.B7,,,,
SH0470:X2,JB70,SC,SH0470X2,WHT,20,33.B1,AF0087:13,PANEL A,33.B7,,,,
SH0471:11,JB70,SC,SH047111,WHT,20,33.A1,XT0137:3,PANEL A,33.A5,,,,
SH0471:12,JB70,SC,SH047112,WHT,20,33.A1,XT0137:4,PANEL A,33.A5,,,,
SH0471:13,JB70,SC,SH047113,WHT,20,33.A1,AF0087:35,PANEL A,33.A7,,,,
SH0471:14,JB70,SC,SH047114,WHT,20,33.A1,AF0087:00,PANEL A,33.A7,,,,
SH0471:X1,JB70,SC,SH0471X1,WHT,20,33.A1,AF0087:27,PANEL A,33.A7,,,,
SH0471:X2,JB70,SC,SH0471X2,WHT,20,33.A1,AF0087:10,PANEL A,33.A7,,,,
AT1100:L1,JB70,WC0101,BA1100DEVICE,ENET,CABLE,35.D3,BA1100:DEVICE,PANEL B,35.D1,,,,
SH0472:11,JB70,SC,SH047211,WHT,20,33.C1,XT0236:4,PANEL B,33.C5,,,,
SH0472:12,JB70,SC,SH047212,WHT,20,33.C1,XT0236:5,PANEL B,33.C5,,,,
SH0472:13,JB70,SC,FU0139,WHT,20,33.B1,XT0236:1,PANEL B,33.B5,,,,
SH0472:14,JB70,SC,KA0241A1,WHT,20,33.B1,XT0236:2,PANEL B,33.B5,,,,
SH0472:X1,JB70,SC,0V,WHT,20,33.C1,XT0236:3,PANEL B,33.C5,,,,
SH0472:X2,JB70,SC,SH0472X2,WHT,20,33.C1,XT0237:2 B1,PANEL B,33.C5,,,,
FRAME,JB70 LEFT RAIL,SC,GR1101,GRN/YEL,14,5.A6,GR1101: ,JB70 LEFT RAIL,5.A5,,,,
FU1100:LD,JB70 RIGHT RAIL,SC,FU1100,WHT,14,35.D3,AT1100:POS,JB70,35.D3,,,,
FU1100:LI,JB70 RIGHT RAIL,SC,FU0136,WHT,14,35.D3,XT0138:3,PANEL A,22.A3,,,,
GR1100: ,JB70 RIGHT RAIL,SC,GR1100,GRN,14,5.A5,IEG0230:14,PANEL B,5.A4,,,,
AU0120:L1,JB73,WC0024,0V,ENET,CABLE,29.C1,AU0240:L2,JB73,28.C1,,,,
XT0130:2,JB73,JC,0V,CLIP,---,29.A5,XT0130:3,JB73,29.A5,,,,
XT0130:3,JB73,JC,0V,CLIP,---,29.A5,XT0130:4,JB73,29.A5,,,,
XT0130:5,JB73,JC,KA0231A1,CLIP,---,29.B5,XT0130:6,JB73,29.B5,,,,
XT0130:7,JB73,JC,FU0136,CLIP,---,29.A5,XT0130:8,JB73,29.A5,,,,
XT0250:1,JB73,JC,FU0136,CLIP,---,28.A5,XT0250:2,JB73,28.A5,,ADDED,,
XT0250:1,JB73,JC,FU0136,CLIP,---,26.A5,XT0250:5,JB73,26.A5,,DELETED,,
XT0250:1,JB73,JC,FU0136,CLIP,---,26.A5,XT0250:7,JB73,26.A5,,DELETED,,
XT0250:2,JB73,JC,FU0136,CLIP,---,28.A5,XT0250:3,JB73,28.A5,Wire # was: 0V,CHG,,
XT0250:3,JB73,JC,0V,CLIP,---,26.A5,XT0250:4,JB73,26.A5,,DELETED,,
XT0250:4,JB73,JC,0V,CLIP,---,28.A5,XT0250:5,JB73,28.A5,,ADDED,,
XT0250:5,JB73,JC,0V,CLIP,---,28.A5,XT0250:6,JB73,28.A5,,ADDED,,
AF0120:00,JB73,SC,012000,WHT,16,81.C6,XT2521:1 B2,JB73,81.C5,,,,
AF0120:16,JB73,SC,0V,WHT,14,29.C2,XT0130:3,JB73,29.A5,,,,
AF0120:34,JB73,SC,FU0121,WHT,16,29.C2,FU0121:LD,JB73,29.D1,,,,
AF0121:16,JB73,SC,AU0120N,WHT,20,29.C3,AU0120:COM,JB73,29.C1,,,,
AF0121:33,JB73,SC,AF0121N,WHT,20,29.C3,AF0122:16,JB73,29.C3,,,,
AF0121:34,JB73,SC,AU0120P,WHT,20,29.C3,AU0120:V+,JB73,29.C1,,,,
AF0121:51,JB73,SC,AF0121P,WHT,20,29.C3,AF0122:34,JB73,29.C3,,,,
AF0122:15,JB73,SC,012231,WHT,20,77.A7,AF0122:31,JB73,77.A7,,,,
AF0122:33,JB73,SC,AF0122N,WHT,20,29.C3,AF0123:16,JB73,29.C4,,,,
AF0122:51,JB73,SC,AF0122P,WHT,20,29.C3,AF0123:34,JB73,29.C4,,,,
AF0123:01,JB73,SC,012317,WHT,20,77.A7,AF0123:17,JB73,77.A7,,,,
AF0123:03,JB73,SC,012319,WHT,20,77.B7,AF0123:19,JB73,77.B7,,,,
AF0123:05,JB73,SC,012321,WHT,20,77.B7,AF0123:21,JB73,77.B7,,,,
AF0123:07,JB73,SC,012323,WHT,20,78.A7,AF0123:23,JB73,78.A7,,,,
AF0123:09,JB73,SC,012325,WHT,20,78.B7,AF0123:25,JB73,78.B7,,,,
AF0123:15,JB73,SC,012331,WHT,20,78.A7,AF0123:31,JB73,78.A7,,,,
AF0123:33,JB73,SC,AF0123N,WHT,20,29.C4,AF0124:16,JB73,29.C5,,,,
AF0123:51,JB73,SC,AF0123P,WHT,20,29.C4,AF0124:34,JB73,29.C5,,,,
AF0124:03,JB73,SC,012419,WHT,20,78.B7,AF0124:19,JB73,78.B7,,,,
AF0124:05,JB73,SC,012421,WHT,20,78.C7,AF0124:21,JB73,78.C7,,,,
AF0124:07,JB73,SC,012423,WHT,20,78.C7,AF0124:23,JB73,78.C7,,,,
AF0124:09,JB73,SC,012425,WHT,20,78.D7,AF0124:25,JB73,78.D7,,,,
AF0124:11,JB73,SC,012427,WHT,20,79.A7,AF0124:27,JB73,79.A7,,,,
AF0124:13,JB73,SC,012429,WHT,20,79.B7,AF0124:29,JB73,79.B7,,,,
AF0124:15,JB73,SC,012431,WHT,20,79.C7,AF0124:31,JB73,79.C7,,,,
AF0124:33,JB73,SC,AF0124N,WHT,20,29.C5,AF0125:35,JB73,29.C5,,,,
AF0124:51,JB73,SC,AF0124P,WHT,20,29.C5,AF0125:34,JB73,29.C5,,,,
AF0125:00,JB73,SC,JP,VIO,20,29.C5,AF0125:02,JB73,29.C5,,,,
AF0125:02,JB73,SC,JP,VIO,20,29.C5,AF0125:03,JB73,29.C5,,,,
AF0125:04,JB73,SC,JP,VIO,20,29.C5,AF0125:06,JB73,29.C5,,,,
AF0125:06,JB73,SC,JP,VIO,20,29.C5,AF0125:07,JB73,29.C5,,,,
AF0125:08,JB73,SC,JP,VIO,20,29.C5,AF0125:10,JB73,29.C5,,,,
AF0125:10,JB73,SC,JP,VIO,20,29.C5,AF0125:11,JB73,29.C5,,,,
AF0125:12,JB73,SC,JP,VIO,20,29.C5,AF0125:14,JB73,29.C5,,,,
AF0125:14,JB73,SC,JP,VIO,20,29.C5,AF0125:15,JB73,29.C5,,,,
AF0125:17,JB73,SC,JP,VIO,20,29.C5,AF0125:19,JB73,29.C5,,,,
AF0125:19,JB73,SC,JP,VIO,20,29.C5,AF0125:20,JB73,29.C5,,,,
AF0125:21,JB73,SC,JP,VIO,20,29.C5,AF0125:23,JB73,29.C5,,,,
AF0125:23,JB73,SC,JP,VIO,20,29.C5,AF0125:24,JB73,29.C5,,,,
AF0125:25,JB73,SC,JP,VIO,20,29.C5,AF0125:27,JB73,29.C5,,,,
AF0125:27,JB73,SC,JP,VIO,20,29.C5,AF0125:28,JB73,29.C5,,,,
AF0125:29,JB73,SC,JP,VIO,20,29.C5,AF0125:31,JB73,29.C5,,,,
AF0125:31,JB73,SC,JP,VIO,20,29.C5,AF0125:32,JB73,29.C5,,,,
AF0125:50,JB73,SC,AF0125P,WHT,20,29.C5,AF0126:34,JB73,29.C6,,,,
AF0125:51,JB73,SC,AF0125N,WHT,20,29.C5,AF0126:35,JB73,29.C6,,,,
AF0126:04,JB73,SC,JP,VIO,20,29.C6,AF0126:06,JB73,29.C6,,,,
AF0126:06,JB73,SC,JP,VIO,20,29.C6,AF0126:07,JB73,29.C6,,,,
AF0126:08,JB73,SC,JP,VIO,20,29.C6,AF0126:10,JB73,29.C6,,,,
AF0126:10,JB73,SC,JP,VIO,20,29.C6,AF0126:11,JB73,29.C6,,,,
AF0126:29,JB73,SC,JP,VIO,20,29.C6,AF0126:31,JB73,29.C6,,,,
AF0126:31,JB73,SC,JP,VIO,20,29.C6,AF0126:32,JB73,29.C6,,,,
AF0126:50,JB73,SC,AF0126P,WHT,20,29.C6,AF0127:34,JB73,29.C6,,,,
AF0126:51,JB73,SC,AF0126N,WHT,20,29.C6,AF0127:16,JB73,29.C6,,,,
AF0240:16,JB73,SC,0V,WHT,14,26.C2,XT0250:3,JB73,26.A5,,DELETED,,
AF0240:16,JB73,SC,0V,WHT,14,28.C2,XT0250:5,JB73,28.A5,,ADDED,,
AF0240:34,JB73,SC,FU0241,WHT,16,28.C2,FU0241:LD,JB73,28.D1,,,,
AF0241:16,JB73,SC,AU0240N,WHT,20,28.C3,AU0240:COM,JB73,28.C1,,,,
AF0241:33,JB73,SC,AF0241N,WHT,20,28.C3,AF0242:16,JB73,28.C3,,,,
AF0241:34,JB73,SC,AU0240P,WHT,16,28.C3,AU0240:V+,JB73,28.C1,,,,
AF0241:51,JB73,SC,AF0241P,WHT,20,28.C3,AF0242:34,JB73,28.C3,,,,
AF0242:33,JB73,SC,AF0242N,WHT,20,28.C3,AF0243:16,JB73,28.C4,,,,
AF0242:51,JB73,SC,AF0242P,WHT,20,28.C3,AF0243:34,JB73,28.C4,,,,
AF0243:15,JB73,SC,024331,WHT,20,79.D7,AF0243:31,JB73,79.D7,,,,
AF0243:33,JB73,SC,AF0243N,WHT,20,28.C4,AF0244:16,JB73,28.C5,,,,
AF0243:51,JB73,SC,AF0243P,WHT,20,28.C4,AF0244:34,JB73,28.C5,,,,
AF0244:03,JB73,SC,024419,WHT,20,80.A7,AF0244:19,JB73,80.A7,,,,
AF0244:05,JB73,SC,024421,WHT,20,80.B7,AF0244:21,JB73,80.B7,,,,
AF0244:07,JB73,SC,024423,WHT,20,80.C7,AF0244:23,JB73,80.C7,,,,
AF0244:09,JB73,SC,024425,WHT,20,80.D7,AF0244:25,JB73,80.D7,,,,
AF0244:33,JB73,SC,AF0244N,WHT,20,28.C5,AF0245:35,JB73,28.C5,,,,
AF0244:51,JB73,SC,AF0244P,WHT,20,28.C5,AF0245:34,JB73,28.C5,,,,
AF0245:00,JB73,SC,JP,VIO,20,28.C5,AF0245:02,JB73,28.C5,,,,
AF0245:02,JB73,SC,JP,VIO,20,28.C5,AF0245:03,JB73,28.C5,,,,
AF0245:04,JB73,SC,JP,VIO,20,28.C5,AF0245:06,JB73,28.C5,,,,
AF0245:06,JB73,SC,JP,VIO,20,28.C5,AF0245:07,JB73,28.C5,,,,
AF0245:08,JB73,SC,JP,VIO,20,28.C5,AF0245:10,JB73,28.C5,,,,
AF0245:10,JB73,SC,JP,VIO,20,28.C5,AF0245:11,JB73,28.C5,,,,
AF0245:12,JB73,SC,JP,VIO,20,28.C5,AF0245:14,JB73,28.C5,,,,
AF0245:14,JB73,SC,JP,VIO,20,28.C5,AF0245:15,JB73,28.C5,,,,
AF0245:17,JB73,SC,JP,VIO,20,28.C5,AF0245:19,JB73,28.C5,,,,
AF0245:19,JB73,SC,JP,VIO,20,28.C5,AF0245:20,JB73,28.C5,,,,
AF0245:21,JB73,SC,JP,VIO,20,28.C5,AF0245:23,JB73,28.C5,,,,
AF0245:23,JB73,SC,JP,VIO,20,28.C5,AF0245:24,JB73,28.C5,,,,
AF0245:25,JB73,SC,JP,VIO,20,28.C5,AF0245:27,JB73,28.C5,,,,
AF0245:27,JB73,SC,JP,VIO,20,28.C5,AF0245:28,JB73,28.C5,,,,
AF0245:29,JB73,SC,JP,VIO,20,28.C5,AF0245:31,JB73,28.C5,,,,
AF0245:31,JB73,SC,JP,VIO,20,28.C5,AF0245:32,JB73,28.C5,,,,
AF0245:50,JB73,SC,AF0245P,WHT,20,28.C5,AF0246:34,JB73,28.C6,,,,
AF0245:51,JB73,SC,AF0245N,WHT,20,28.C5,AF0246:35,JB73,28.C6,,,,
AF0246:00,JB73,SC,JP,VIO,20,28.C6,AF0246:02,JB73,28.C6,,,,
AF0246:02,JB73,SC,JP,VIO,20,28.C6,AF0246:03,JB73,28.C6,,,,
AF0246:04,JB73,SC,JP,VIO,20,28.C6,AF0246:06,JB73,28.C6,,,,
AF0246:06,JB73,SC,JP,VIO,20,28.C6,AF0246:07,JB73,28.C6,,,,
AF0246:08,JB73,SC,JP,VIO,20,28.C6,AF0246:10,JB73,28.C6,,,,
AF0246:10,JB73,SC,JP,VIO,20,28.C6,AF0246:11,JB73,28.C6,,,,
AF0246:12,JB73,SC,JP,VIO,20,28.C6,AF0246:14,JB73,28.C6,,,,
AF0246:14,JB73,SC,JP,VIO,20,28.C6,AF0246:15,JB73,28.C6,,,,
AF0246:17,JB73,SC,JP,VIO,20,28.C6,AF0246:19,JB73,28.C6,,,,
AF0246:19,JB73,SC,JP,VIO,20,28.C6,AF0246:20,JB73,28.C6,,,,
AF0246:21,JB73,SC,JP,VIO,20,28.C6,AF0246:23,JB73,28.C6,,,,
AF0246:23,JB73,SC,JP,VIO,20,28.C6,AF0246:24,JB73,28.C6,,,,
AF0246:25,JB73,SC,JP,VIO,20,28.C6,AF0246:27,JB73,28.C6,,,,
AF0246:27,JB73,SC,JP,VIO,20,28.C6,AF0246:28,JB73,28.C6,,,,
AF0246:29,JB73,SC,JP,VIO,20,28.C6,AF0246:31,JB73,28.C6,,,,
AF0246:31,JB73,SC,JP,VIO,20,28.C6,AF0246:32,JB73,28.C6,,,,
AU0120:COM,JB73,SC,0V,WHT,14,29.C1,XT0130:4,JB73,29.A5,,,,
AU0120:V+,JB73,SC,FU0120,WHT,14,29.C1,FU0120:LD,JB73,29.D1,,,,
AU0240:COM,JB73,SC,0V,WHT,14,28.C1,XT0250:4,JB73,28.A5,,,,
AU0240:V+,JB73,SC,FU0240,WHT,14,28.C1,FU0240:LD,JB73,28.D1,,,,
FRAME,JB73,SC,GR4460,GRN/YEL,14,74.D4,GR4460: ,JB73,74.D4,,,,
FU0120:LI,JB73,SC,FU0130,WHT,14,29.D1,FU0121:LI,JB73,29.D1,,,,
FU0120:LI,JB73,SC,FU0130,WHT,14,29.D1,FU0130:LD,JB73,29.A4,,,,
FU0130:LD,JB73,SC,FU0130,WHT,14,29.A4,FU7301:LI,JB73,29.A6,,,,
FU0130:LI,JB73,SC,FU0136,WHT,16,29.A4,XT0130:7,JB73,29.A5,,,,
FU0240:LI,JB73,SC,FU0250,WHT,14,28.D1,FU0241:LI,JB73,28.D1,,,,
FU0240:LI,JB73,SC,FU0250,WHT,14,28.D1,FU0250:LD,JB73,28.A4,,,,
FU0250:LI,JB73,SC,FU0136,WHT,14,28.A4,XT0250:1,JB73,28.A5,,ADDED,,
FU0250:LI,JB73,SC,FU0136,WHT,14,26.A4,XT0250:5,JB73,26.A5,,DELETED,,
GR0120: ,JB73,SC,0V,WHT,14,29.A4,XT0130:4,JB73,29.A5,,,,
GR0240: ,JB73,SC,0V,WHT,14,28.A4,XT0250:4,JB73,28.A5,,,,
IEG0120:,JB73,SC,IEG01303,GRN,14,29.D4,IEG0130:3,JB73,29.D5,,,,
IEG0130:6,JB73,SC,IEG01306,GRN,14,28.D5,IEG0240:,JB73,28.D4,,,,
KA0120:11,JB73,SC,FU0136,WHT,16,29.B2,XT0130:8,JB73,29.A5,,,,
KA0120:12,JB73,SC,KT21201A1,WHT,16,29.B2,KT2120-1:A1,JB73,29.B3,,,,
KA0120:A1,JB73,SC,KA0231A1,WHT,14,29.B5,XT0130:5,JB73,29.B5,,,,
KA0120:A2,JB73,SC,0V,WHT,16,29.B5,XT0130:2,JB73,29.A5,,,,
KT2120-1:A1,JB73,SC,KT21201A1,WHT,16,29.B3,KT2120-2:A1,JB73,29.B3,,,,
KT2120-1:A2,JB73,SC,0V,WHT,16,29.B3,KT2120-2:A2,JB73,29.B3,,,,
KT2120-2:15,JB73,SC,KT21201A1,WHT,16,81.C5,KT2120-2:A1,JB73,29.B3,,,,
KT2120-2:16,JB73,SC,2120216,WHT,16,81.C5,XT2521:1 T2,JB73,81.C5,,,,
KT2120-2:A2,JB73,SC,0V,WHT,16,29.B3,XT0130:2,JB73,29.A5,,,,
XT0130:2,JB73,SC,0V,WHT,12,29.A5,XT0250:4,JB73,28.A5,,,,
XT0130:4,JB73,SC,0V,WHT,12,29.A5,XT0520:2,JB73,29.A5,,,,
XT0130:6,JB73,SC,KA0231A1,WHT,14,29.B5,XT0520:3,JB73,29.B5,,,,
XT0130:7,JB73,SC,FU0136,WHT,14,27.A5,XT0250:1,JB73,26.A5,,DELETED,,
XT0130:7,JB73,SC,FU0136,WHT,14,29.A5,XT0250:2,JB73,28.A5,,ADDED,,
XT0130:7,JB73,SC,FU0136,WHT,14,29.A5,XT0520:1,JB73,29.A5,,,,
XT0250:2,JB73,SC,0V,WHT,10,26.A5,XT0310:2,JB78,25.A5,,DELETED,,
XT0250:3,JB73,SC,FU0136,WHT,14,28.A5,XT0310:1,JB78,27.A5,,ADDED,,
XT0250:6,JB73,SC,0V,WHT,10,28.A5,XT0310:2,JB78,27.A5,,ADDED,,
XT0250:7,JB73,SC,FU0136,WHT,14,26.A5,XT0310:1,JB78,25.A5,,DELETED,,
BA0002:V1(-),LEFT WALL PANEL,SC,0V1,WHT,16,3.A6,XT0002:5,LEFT WALL PANEL,3.A5,,,,
BA0002:V1(+),LEFT WALL PANEL,SC,FU0004,WHT,16,3.A6,FU0004:LD,LEFT WALL PANEL,3.A5,,,,
BA0003:V1(-),LEFT WALL PANEL,SC,0V1,WHT,16,3.B6,XT0002:6,LEFT WALL PANEL,3.B5,,,,
BA0003:V1(+),LEFT WALL PANEL,SC,FU0003,WHT,16,3.B6,FU0003:LD,LEFT WALL PANEL,3.B5,,,,
BA0006:V1(-),LEFT WALL PANEL,SC,0V1,WHT,16,3.D6,XT0002:9,LEFT WALL PANEL,3.D5,,,,
BA0006:V1(+),LEFT WALL PANEL,SC,BA0006,WHT,16,3.D6,FU0006:LD,LEFT WALL PANEL,3.D5,,,,
BA0008:V1(-),LEFT WALL PANEL,SC,0V1,WHT,16,3.C6,XT0002:8,LEFT WALL PANEL,3.C5,,,,
BA0008:V1(+),LEFT WALL PANEL,SC,FU0005,WHT,16,3.C6,FU0005:LD,LEFT WALL PANEL,3.C5,,,,
BA0010:V1(-),LEFT WALL PANEL,SC,0V1,WHT,16,4.A6,XT0002:10,LEFT WALL PANEL,4.A5,,,,
BA0010:V1(+),LEFT WALL PANEL,SC,BA0010P,WHT,16,4.A6,FU0010A:LD,LEFT WALL PANEL,4.A5,,,,
FRAME,LEFT WALL PANEL,SC,GR0356,GRN/YEL,14,12.D6,GR0356: ,LEFT WALL PANEL,12.D7,,,,
FU0003:LI,LEFT WALL PANEL,SC,FU0200LI,WHT,16,3.B5,XT0002:2,LEFT WALL PANEL,3.B5,,,,
FU0004:LI,LEFT WALL PANEL,SC,FU0200LI,WHT,16,3.A5,XT0002:1,LEFT WALL PANEL,3.A5,,,,
FU0005:LI,LEFT WALL PANEL,SC,FU0200LI,WHT,16,3.C5,XT0002:3,LEFT WALL PANEL,3.C5,,,,
FU0006:LI,LEFT WALL PANEL,SC,FU0200LI,WHT,14,3.D5,XT0002:4,LEFT WALL PANEL,3.D5,,,,
FU0010A:LI,LEFT WALL PANEL,SC,FU0200LI,WHT,16,4.A5,XT0002:5,LEFT WALL PANEL,4.A5,,,,
GR0355: ,LEFT WALL PANEL,SC,GR0355,GRN,14,12.D6,IEG0356:5,LEFT WALL PANEL,12.D6,,,,
XT0002:1,LEFT WALL PANEL,SC,FU0200LI,WHT,14,3.A5,XT0002:2,LEFT WALL PANEL,3.B5,,,,
XT0002:10,LEFT WALL PANEL,SC,0V1,WHT,16,4.A5,XT0002:9,LEFT WALL PANEL,3.D5,,,,
XT0002:2,LEFT WALL PANEL,SC,FU0200LI,WHT,14,3.B5,XT0002:3,LEFT WALL PANEL,3.C5,,,,
XT0002:3,LEFT WALL PANEL,SC,FU0200LI,WHT,14,3.C5,XT0002:4,LEFT WALL PANEL,3.D5,,,,
XT0002:4,LEFT WALL PANEL,SC,FU0200LI,WHT,14,3.D5,XT0002:5,LEFT WALL PANEL,4.A5,,,,
XT0002:5,LEFT WALL PANEL,SC,0V1,WHT,16,3.A5,XT0002:6,LEFT WALL PANEL,3.B5,,,,
XT0002:6,LEFT WALL PANEL,SC,0V1,WHT,16,3.B5,XT0002:8,LEFT WALL PANEL,3.C5,,,,
XT0002:8,LEFT WALL PANEL,SC,0V1,WHT,16,3.C5,XT0002:9,LEFT WALL PANEL,3.D5,,,,
XT9000:1,LEFT WALL PANEL,WC1001,UA12631,RED,20,59.A5,AP0629:PWR1,ORBIT 60^DOOR PANEL,59.A6,,,,
XT9000:2,LEFT WALL PANEL,WC1001,UA12632,WHT,20,59.A5,AP0629:SIG1,ORBIT 60^DOOR PANEL,59.A6,,,,
XT9000:3,LEFT WALL PANEL,WC1001,UA12633,BLK,20,59.A5,AP0629:COM1,ORBIT 60^DOOR PANEL,59.A6,,,,
XT9000:4,LEFT WALL PANEL,WC1001,UA1263S,SH,20,59.A5,AP0629:SHLD1,ORBIT 60^DOOR PANEL,59.A6,,,,
XT9000:5,LEFT WALL PANEL,WC1002,UA12111,RED,20,59.A5,AP0632:PWR1,ORBIT 60^DOOR PANEL,59.A6,,,,
XT9000:6,LEFT WALL PANEL,WC1002,UA12112,WHT,20,59.A5,AP0632:SIG1,ORBIT 60^DOOR PANEL,59.A6,,,,
XT9000:7,LEFT WALL PANEL,WC1002,UA12113,BLK,20,59.A5,AP0632:COM1,ORBIT 60^DOOR PANEL,59.A6,,,,
XT9000:8,LEFT WALL PANEL,WC1002,UA1211S,SH,20,59.A5,AP0632:SHLD1,ORBIT 60^DOOR PANEL,59.A6,,,,
XT9000:10,LEFT WALL PANEL,WC1003,UA12102,WHT,20,59.B5,AP0633:SIG1,ORBIT 60^DOOR PANEL,59.B6,,,,
XT9000:11,LEFT WALL PANEL,WC1003,UA12103,BLK,20,59.B5,AP0633:COM1,ORBIT 60^DOOR PANEL,59.B6,,,,
XT9000:12,LEFT WALL PANEL,WC1003,UA1210S,SH,20,59.B5,AP0633:SHLD1,ORBIT 60^DOOR PANEL,59.B6,,,,
XT9000:9,LEFT WALL PANEL,WC1003,UA12101,RED,20,59.B5,AP0633:PWR1,ORBIT 60^DOOR PANEL,59.B6,,,,
XT9000:13,LEFT WALL PANEL,WC1004,UA12211,RED,20,59.B5,AP0634:PWR1,ORBIT 60^DOOR PANEL,59.B6,,,,
XT9000:14,LEFT WALL PANEL,WC1004,UA12212,WHT,20,59.B5,AP0634:SIG1,ORBIT 60^DOOR PANEL,59.B6,,,,
XT9000:15,LEFT WALL PANEL,WC1004,UA12213,BLK,20,59.B5,AP0634:COM1,ORBIT 60^DOOR PANEL,59.B6,,,,
XT9000:16,LEFT WALL PANEL,WC1004,UA1221S,SH,20,59.B5,AP0634:SHLD1,ORBIT 60^DOOR PANEL,59.B6,,,,
XT9000:17,LEFT WALL PANEL,WC1005,UA12201,RED,20,59.C5,AP0635:PWR1,ORBIT 60^DOOR PANEL,59.C6,,,,
XT9000:18,LEFT WALL PANEL,WC1005,UA12202,WHT,20,59.C5,AP0635:SIG1,ORBIT 60^DOOR PANEL,59.C6,,,,
XT9000:19,LEFT WALL PANEL,WC1005,UA12203,BLK,20,59.C5,AP0635:COM1,ORBIT 60^DOOR PANEL,59.C6,,,,
XT9000:20,LEFT WALL PANEL,WC1005,UA1220S,SH,20,59.C5,AP0635:SHLD1,ORBIT 60^DOOR PANEL,59.C6,,,,
XT9000:21,LEFT WALL PANEL,WC1006,UA12311,RED,20,59.C5,AP0636:PWR1,ORBIT 60^DOOR PANEL,59.C6,,,,
XT9000:22,LEFT WALL PANEL,WC1006,UA12312,WHT,20,59.C5,AP0636:SIG1,ORBIT 60^DOOR PANEL,59.C6,,,,
XT9000:23,LEFT WALL PANEL,WC1006,UA12313,BLK,20,59.C5,AP0636:COM1,ORBIT 60^DOOR PANEL,59.C6,,,,
XT9000:24,LEFT WALL PANEL,WC1006,UA1231S,SH,20,59.C5,AP0636:SHLD1,ORBIT 60^DOOR PANEL,59.C6,,,,
XT9000:25,LEFT WALL PANEL,WC1007,UA12301,RED,20,59.C5,AP0637:PWR1,ORBIT 60^DOOR PANEL,59.C6,,,,
XT9000:26,LEFT WALL PANEL,WC1007,UA12302,WHT,20,59.C5,AP0637:SIG1,ORBIT 60^DOOR PANEL,59.C6,,,,
XT9000:27,LEFT WALL PANEL,WC1007,UA12303,BLK,20,59.D5,AP0637:COM1,ORBIT 60^DOOR PANEL,59.C6,,,,
XT9000:28,LEFT WALL PANEL,WC1007,UA1230S,SH,20,59.D5,AP0637:SHLD1,ORBIT 60^DOOR PANEL,59.C6,,,,
XT9000:29,LEFT WALL PANEL,WC1008,UA12621,RED,20,59.D5,AP0630:PWR1,ORBIT 60^DOOR PANEL,59.D6,,,,
XT9000:30,LEFT WALL PANEL,WC1008,UA12622,WHT,20,59.D5,AP0630:SIG1,ORBIT 60^DOOR PANEL,59.D6,,,,
XT9000:31,LEFT WALL PANEL,WC1008,UA12623,BLK,20,59.D5,AP0630:COM1,ORBIT 60^DOOR PANEL,59.D6,,,,
XT9000:32,LEFT WALL PANEL,WC1008,UA1262S,SH,20,59.D5,AP0630:SHLD1,ORBIT 60^DOOR PANEL,59.D6,,,,
XT9000:33,LEFT WALL PANEL,WC1009,UA1262SP1,RED,20,59.D5,AP0631:PWR1,ORBIT 60^DOOR PANEL,59.D6,,,,
XT9000:34,LEFT WALL PANEL,WC1009,UA1262SP2,WHT,20,59.D5,AP0631:SIG1,ORBIT 60^DOOR PANEL,59.D6,,,,
XT9000:35,LEFT WALL PANEL,WC1009,UA1262SP3,BLK,20,59.D5,AP0631:COM1,ORBIT 60^DOOR PANEL,59.D6,,,,
XT9000:36,LEFT WALL PANEL,WC1009,UA1262SPS,SH,20,59.D5,AP0631:SHLD1,ORBIT 60^DOOR PANEL,59.D6,,,,
XT9000:37,LEFT WALL PANEL,WC1010,UA12731,RED,20,60.A5,AP0629:PWR2,ORBIT 60^DOOR PANEL,60.A6,,,,
XT9000:38,LEFT WALL PANEL,WC1010,UA12732,WHT,20,60.A5,AP0629:SIG2,ORBIT 60^DOOR PANEL,60.A6,,,,
XT9000:39,LEFT WALL PANEL,WC1010,UA12733,BLK,20,60.A5,AP0629:COM2,ORBIT 60^DOOR PANEL,60.A6,,,,
XT9000:40,LEFT WALL PANEL,WC1010,UA1273S,SH,20,60.A5,AP0629:SHLD2,ORBIT 60^DOOR PANEL,60.A6,,,,
XT9000:41,LEFT WALL PANEL,WC1011,UA12411,RED,20,60.B5,AP0630:PWR2,ORBIT 60^DOOR PANEL,60.B6,,,,
XT9000:42,LEFT WALL PANEL,WC1011,UA12412,WHT,20,60.B5,AP0630:SIG2,ORBIT 60^DOOR PANEL,60.B6,,,,
XT9000:43,LEFT WALL PANEL,WC1011,UA12413,BLK,20,60.B5,AP0630:COM2,ORBIT 60^DOOR PANEL,60.B6,,,,
XT9000:44,LEFT WALL PANEL,WC1011,UA1241S,SH,20,60.B5,AP0630:SHLD2,ORBIT 60^DOOR PANEL,60.B6,,,,
XT9000:45,LEFT WALL PANEL,WC1012,UA12401,RED,20,60.B5,AP0631:PWR2,ORBIT 60^DOOR PANEL,60.B6,,,,
XT9000:46,LEFT WALL PANEL,WC1012,UA12402,WHT,20,60.B5,AP0631:SIG2,ORBIT 60^DOOR PANEL,60.B6,,,,
XT9000:47,LEFT WALL PANEL,WC1012,UA12403,BLK,20,60.B5,AP0631:COM2,ORBIT 60^DOOR PANEL,60.B6,,,,
XT9000:48,LEFT WALL PANEL,WC1012,UA1240S,SH,20,60.B5,AP0631:SHLD2,ORBIT 60^DOOR PANEL,60.B6,,,,
XT9000:49,LEFT WALL PANEL,WC1013,UA12511,RED,20,60.C5,AP0632:PWR2,ORBIT 60^DOOR PANEL,60.C6,,,,
XT9000:50,LEFT WALL PANEL,WC1013,UA12512,WHT,20,60.C5,AP0632:SIG2,ORBIT 60^DOOR PANEL,60.C6,,,,
XT9000:51,LEFT WALL PANEL,WC1013,UA12513,BLK,20,60.C5,AP0632:COM2,ORBIT 60^DOOR PANEL,60.C6,,,,
XT9000:52,LEFT WALL PANEL,WC1013,UA1251S,SH,20,60.C5,AP0632:SHLD2,ORBIT 60^DOOR PANEL,60.C6,,,,
XT9000:53,LEFT WALL PANEL,WC1014,UA12501,RED,20,60.C5,AP0633:PWR2,ORBIT 60^DOOR PANEL,60.C6,,,,
XT9000:54,LEFT WALL PANEL,WC1014,UA12502,WHT,20,60.C5,AP0633:SIG2,ORBIT 60^DOOR PANEL,60.C6,,,,
XT9000:55,LEFT WALL PANEL,WC1014,UA12503,BLK,20,60.C5,AP0633:COM2,ORBIT 60^DOOR PANEL,60.C6,,,,
XT9000:56,LEFT WALL PANEL,WC1014,UA1250S,SH,20,60.C5,AP0633:SHLD2,ORBIT 60^DOOR PANEL,60.C6,,,,
XT9000:57,LEFT WALL PANEL,WC1015,UA12721,RED,20,60.C5,AP0638:PWR1,ORBIT 60^DOOR PANEL,60.C6,,,,
XT9000:58,LEFT WALL PANEL,WC1015,UA12722,WHT,20,60.C5,AP0638:SIG1,ORBIT 60^DOOR PANEL,60.C6,,,,
XT9000:59,LEFT WALL PANEL,WC1015,UA12723,BLK,20,60.C5,AP0638:COM1,ORBIT 60^DOOR PANEL,60.C6,,,,
XT9000:60,LEFT WALL PANEL,WC1015,UA1272S,SH,20,60.D5,AP0638:SHLD1,ORBIT 60^DOOR PANEL,60.C6,,,,
XT9000:61,LEFT WALL PANEL,WC1016,UA1272SP1,RED,20,60.D5,AP0639:PWR1,ORBIT 60^DOOR PANEL,60.D6,,,,
XT9000:62,LEFT WALL PANEL,WC1016,UA1272SP2,WHT,20,60.D5,AP0639:SIG1,ORBIT 60^DOOR PANEL,60.D6,,,,
XT9000:63,LEFT WALL PANEL,WC1016,UA1272SP3,BLK,20,60.D5,AP0639:COM1,ORBIT 60^DOOR PANEL,60.D6,,,,
XT9000:64,LEFT WALL PANEL,WC1016,UA1272SPS,SH,20,60.D5,AP0639:SHLD1,ORBIT 60^DOOR PANEL,60.D6,,,,
XT9000:65,LEFT WALL PANEL,WC1017,VE12041,RED,20,60.D5,AP0630:A4(+),ORBIT 60^DOOR PANEL,60.D6,,,,
XT9000:66,LEFT WALL PANEL,WC1017,VE12042,WHT,20,60.D5,AP0630:B4(-),ORBIT 60^DOOR PANEL,60.D6,,,,
XT9000:67,LEFT WALL PANEL,WC1017,VE1204S,BLK,20,60.D5,AP0630:SHLD4,ORBIT 60^DOOR PANEL,60.D6,,,,
XT9000:68,LEFT WALL PANEL,WC1018,UA47531,RED,20,70.A5,AP0629:PWR3,ORBIT 60^DOOR PANEL,70.A6,,,,
XT9000:69,LEFT WALL PANEL,WC1018,UA47532,WHT,20,70.A5,AP0629:SIG3,ORBIT 60^DOOR PANEL,70.A6,,,,
XT9000:70,LEFT WALL PANEL,WC1018,UA47533,BLK,20,70.A5,AP0629:COM3,ORBIT 60^DOOR PANEL,70.A6,,,,
XT9000:71,LEFT WALL PANEL,WC1018,UA4753S,SH,20,70.A5,AP0629:SHLD3,ORBIT 60^DOOR PANEL,70.A6,,,,
XT9000:72,LEFT WALL PANEL,WC1019,UA47411,RED,20,70.B5,AP0634:PWR2,ORBIT 60^DOOR PANEL,70.B6,,,,
XT9000:73,LEFT WALL PANEL,WC1019,UA47412,WHT,20,70.B5,AP0634:SIG2,ORBIT 60^DOOR PANEL,70.B6,,,,
XT9000:74,LEFT WALL PANEL,WC1019,UA47413,BLK,20,70.B5,AP0634:COM2,ORBIT 60^DOOR PANEL,70.B6,,,,
XT9000:75,LEFT WALL PANEL,WC1019,UA4741S,SH,20,70.B5,AP0634:SHLD2,ORBIT 60^DOOR PANEL,70.B6,,,,
XT9000:76,LEFT WALL PANEL,WC1020,UA47401,RED,20,70.B5,AP0635:PWR2,ORBIT 60^DOOR PANEL,70.B6,,,,
XT9000:77,LEFT WALL PANEL,WC1020,UA47402,WHT,20,70.B5,AP0635:SIG2,ORBIT 60^DOOR PANEL,70.B6,,,,
XT9000:78,LEFT WALL PANEL,WC1020,UA47403,BLK,20,70.B5,AP0635:COM2,ORBIT 60^DOOR PANEL,70.B6,,,,
XT9000:79,LEFT WALL PANEL,WC1020,UA4740S,SH,20,70.B5,AP0635:SHLD2,ORBIT 60^DOOR PANEL,70.B6,,,,
XT9000:80,LEFT WALL PANEL,WC1021,UA47611,RED,20,70.C5,AP0630:PWR3,ORBIT 60^DOOR PANEL,70.C6,,,,
XT9000:81,LEFT WALL PANEL,WC1021,UA47612,WHT,20,70.C5,AP0630:SIG3,ORBIT 60^DOOR PANEL,70.C6,,,,
XT9000:82,LEFT WALL PANEL,WC1021,UA47613,BLK,20,70.C5,AP0630:COM3,ORBIT 60^DOOR PANEL,70.C6,,,,
XT9000:83,LEFT WALL PANEL,WC1021,UA4761S,SH,20,70.C5,AP0630:SHLD3,ORBIT 60^DOOR PANEL,70.C6,,,,
XT9000:84,LEFT WALL PANEL,WC1022,UA47601,RED,20,70.C5,AP0631:PWR3,ORBIT 60^DOOR PANEL,70.C6,,,,
XT9000:85,LEFT WALL PANEL,WC1022,UA47602,WHT,20,70.C5,AP0631:SIG3,ORBIT 60^DOOR PANEL,70.C6,,,,
XT9000:86,LEFT WALL PANEL,WC1022,UA47603,BLK,20,70.C5,AP0631:COM3,ORBIT 60^DOOR PANEL,70.C6,,,,
XT9000:87,LEFT WALL PANEL,WC1022,UA4760S,SH,20,70.C5,AP0631:SHLD3,ORBIT 60^DOOR PANEL,70.C6,,,,
XT9000:88,LEFT WALL PANEL,WC1023,UA47521,RED,20,70.D5,AP0638:PWR2,ORBIT 60^DOOR PANEL,70.D6,,,,
XT9000:89,LEFT WALL PANEL,WC1023,UA47522,WHT,20,70.D5,AP0638:SIG2,ORBIT 60^DOOR PANEL,70.D6,,,,
XT9000:90,LEFT WALL PANEL,WC1023,UA47523,BLK,20,70.D5,AP0638:COM2,ORBIT 60^DOOR PANEL,70.D6,,,,
XT9000:91,LEFT WALL PANEL,WC1023,UA4752S,SH,20,70.D5,AP0638:SHLD2,ORBIT 60^DOOR PANEL,70.D6,,,,
XT9000:92,LEFT WALL PANEL,WC1024,UA47591,RED,20,70.D5,AP0639:PWR2,ORBIT 60^DOOR PANEL,70.D6,,,,
XT9000:93,LEFT WALL PANEL,WC1024,UA47592,WHT,20,70.D5,AP0639:SIG2,ORBIT 60^DOOR PANEL,70.D6,,,,
XT9000:94,LEFT WALL PANEL,WC1024,UA47593,BLK,20,70.D5,AP0639:COM2,ORBIT 60^DOOR PANEL,70.D6,,,,
XT9000:95,LEFT WALL PANEL,WC1024,UA4759S,SH,20,70.D5,AP0639:SHLD2,ORBIT 60^DOOR PANEL,70.D6,,,,
XT9000:96,LEFT WALL PANEL,WC1025,VE47651,RED,20,71.A5,AP0632:PWR4,ORBIT 60^DOOR PANEL,71.A6,,,,
XT9000:97,LEFT WALL PANEL,WC1025,VE47652,WHT,20,71.A5,AP0632:SIG4,ORBIT 60^DOOR PANEL,71.A6,,,,
XT9000:98,LEFT WALL PANEL,WC1025,VE47653,BLK,20,71.A5,AP0632:COM4,ORBIT 60^DOOR PANEL,71.A6,,,,
XT9000:99,LEFT WALL PANEL,WC1025,VE4765S,SH,20,71.A5,AP0632:SHLD4,ORBIT 60^DOOR PANEL,71.A6,,,,
XT9000:100,LEFT WALL PANEL,WC1026,VE47551,RED,20,71.A5,AP0631:PWR4,ORBIT 60^DOOR PANEL,71.A6,,,,
XT9000:101,LEFT WALL PANEL,WC1026,VE47552,WHT,20,71.A5,AP0631:SIG4,ORBIT 60^DOOR PANEL,71.A6,,,,
XT9000:102,LEFT WALL PANEL,WC1026,VE47553,BLK,20,71.A5,AP0631:COM4,ORBIT 60^DOOR PANEL,71.A6,,,,
XT9000:103,LEFT WALL PANEL,WC1026,VE4755S,SH,20,71.A5,AP0631:SHLD4,ORBIT 60^DOOR PANEL,71.A6,,,,
XT9000:104,LEFT WALL PANEL,WC1027,UA47511,RED,20,71.B5,AP0636:PWR2,ORBIT 60^DOOR PANEL,71.B6,,,,
XT9000:105,LEFT WALL PANEL,WC1027,UA47512,WHT,20,71.B5,AP0636:SIG2,ORBIT 60^DOOR PANEL,71.B6,,,,
XT9000:106,LEFT WALL PANEL,WC1027,UA47513,BLK,20,71.B5,AP0636:COM2,ORBIT 60^DOOR PANEL,71.B6,,,,
XT9000:107,LEFT WALL PANEL,WC1027,UA4751S,SH,20,71.B5,AP0636:SHLD2,ORBIT 60^DOOR PANEL,71.B6,,,,
XT9000:108,LEFT WALL PANEL,WC1028,UA47501,RED,20,71.B5,AP0637:PWR2,ORBIT 60^DOOR PANEL,71.B6,,,,
XT9000:109,LEFT WALL PANEL,WC1028,UA47502,WHT,20,71.B5,AP0637:SIG2,ORBIT 60^DOOR PANEL,71.B6,,,,
XT9000:110,LEFT WALL PANEL,WC1028,UA47503,BLK,20,71.B5,AP0637:COM2,ORBIT 60^DOOR PANEL,71.B6,,,,
XT9000:111,LEFT WALL PANEL,WC1028,UA4750S,SH,20,71.B5,AP0637:SHLD2,ORBIT 60^DOOR PANEL,71.B6,,,,
XT9000:112,LEFT WALL PANEL,WC1029,UA47711,RED,20,71.C5,AP0632:PWR3,ORBIT 60^DOOR PANEL,71.C6,,,,
XT9000:113,LEFT WALL PANEL,WC1029,UA47712,WHT,20,71.C5,AP0632:SIG3,ORBIT 60^DOOR PANEL,71.C6,,,,
XT9000:114,LEFT WALL PANEL,WC1029,UA47713,BLK,20,71.C5,AP0632:COM3,ORBIT 60^DOOR PANEL,71.C6,,,,
XT9000:115,LEFT WALL PANEL,WC1029,UA4771S,SH,20,71.C5,AP0632:SHLD3,ORBIT 60^DOOR PANEL,71.C6,,,,
XT9000:116,LEFT WALL PANEL,WC1030,UA47701,RED,20,71.C5,AP0633:PWR3,ORBIT 60^DOOR PANEL,71.C6,,,,
XT9000:117,LEFT WALL PANEL,WC1030,UA47702,WHT,20,71.C5,AP0633:SIG3,ORBIT 60^DOOR PANEL,71.C6,,,,
XT9000:118,LEFT WALL PANEL,WC1030,UA47703,BLK,20,71.C5,AP0633:COM3,ORBIT 60^DOOR PANEL,71.C6,,,,
XT9000:119,LEFT WALL PANEL,WC1030,UA4770S,SH,20,71.C5,AP0633:SHLD3,ORBIT 60^DOOR PANEL,71.C6,,,,
XT9000:120,LEFT WALL PANEL,WC1031,UA44611,RED,20,74.B5,AP0634:PWR3,ORBIT 60^DOOR PANEL,74.B6,,,,
XT9000:121,LEFT WALL PANEL,WC1031,UA44612,WHT,20,74.B5,AP0634:SIG3,ORBIT 60^DOOR PANEL,74.B6,,,,
XT9000:122,LEFT WALL PANEL,WC1031,UA44613,BLK,20,74.B5,AP0634:COM3,ORBIT 60^DOOR PANEL,74.B6,,,,
XT9000:123,LEFT WALL PANEL,WC1031,UA4461S,SH,20,74.B5,AP0634:SHLD3,ORBIT 60^DOOR PANEL,74.B6,,,,
XT9000:124,LEFT WALL PANEL,WC1032,UA44601,RED,20,74.B5,AP0635:PWR3,ORBIT 60^DOOR PANEL,74.B6,,,,
XT9000:125,LEFT WALL PANEL,WC1032,UA44602,WHT,20,74.B5,AP0635:SIG3,ORBIT 60^DOOR PANEL,74.B6,,,,
XT9000:126,LEFT WALL PANEL,WC1032,UA44603,BLK,20,74.B5,AP0635:COM3,ORBIT 60^DOOR PANEL,74.B6,,,,
XT9000:127,LEFT WALL PANEL,WC1032,UA4460S,SH,20,74.B5,AP0635:SHLD3,ORBIT 60^DOOR PANEL,74.B6,,,,
XT9000:128,LEFT WALL PANEL,WC1033,UA44711,RED,20,74.C5,AP0636:PWR3,ORBIT 60^DOOR PANEL,74.C6,,,,
XT9000:129,LEFT WALL PANEL,WC1033,UA44712,WHT,20,74.C5,AP0636:SIG3,ORBIT 60^DOOR PANEL,74.C6,,,,
XT9000:130,LEFT WALL PANEL,WC1033,UA44713,BLK,20,74.C5,AP0636:COM3,ORBIT 60^DOOR PANEL,74.C6,,,,
XT9000:131,LEFT WALL PANEL,WC1033,UA4471S,SH,20,74.C5,AP0636:SHLD3,ORBIT 60^DOOR PANEL,74.C6,,,,
XT9000:132,LEFT WALL PANEL,WC1034,UA44701,RED,20,74.C5,AP0637:PWR3,ORBIT 60^DOOR PANEL,74.C6,,,,
XT9000:133,LEFT WALL PANEL,WC1034,UA44702,WHT,20,74.C5,AP0637:SIG3,ORBIT 60^DOOR PANEL,74.C6,,,,
XT9000:134,LEFT WALL PANEL,WC1034,UA44703,BLK,20,74.C5,AP0637:COM3,ORBIT 60^DOOR PANEL,74.C6,,,,
XT9000:135,LEFT WALL PANEL,WC1034,UA4470S,SH,20,74.C5,AP0637:SHLD3,ORBIT 60^DOOR PANEL,74.C6,,,,
XT9000:136,LEFT WALL PANEL,WC1035,UA44621,RED,20,74.C5,AP0638:PWR3,ORBIT 60^DOOR PANEL,74.C6,,,,
XT9000:137,LEFT WALL PANEL,WC1035,UA44622,WHT,20,74.C5,AP0638:SIG3,ORBIT 60^DOOR PANEL,74.C6,,,,
XT9000:138,LEFT WALL PANEL,WC1035,UA44623,BLK,20,74.C5,AP0638:COM3,ORBIT 60^DOOR PANEL,74.C6,,,,
XT9000:139,LEFT WALL PANEL,WC1035,UA4462S,SH,20,74.D5,AP0638:SHLD3,ORBIT 60^DOOR PANEL,74.C6,,,,
XT9000:140,LEFT WALL PANEL,WC1036,UA44721,RED,20,74.D5,AP0639:PWR3,ORBIT 60^DOOR PANEL,74.D6,,,,
XT9000:141,LEFT WALL PANEL,WC1036,UA44722,WHT,20,74.D5,AP0639:SIG3,ORBIT 60^DOOR PANEL,74.D6,,,,
XT9000:142,LEFT WALL PANEL,WC1036,UA44723,BLK,20,74.D5,AP0639:COM3,ORBIT 60^DOOR PANEL,74.D6,,,,
XT9000:143,LEFT WALL PANEL,WC1036,UA4472S,SH,20,74.D5,AP0639:SHLD3,ORBIT 60^DOOR PANEL,74.D6,,,,
BA0010:RJ45,LEFT WALL PANEL,WC9010,BA0010RJ45,ENET,CABLE,4.A6,AP0615:PORT A,ORBIT 60^DOOR PANEL,17.C4,,,,
IEG0356:3,LEFT WALL PANEL,SC,UV0611PE,GRN,14,17.D5,UV0611:P.E.,ORBIT 60^DOOR PANEL,17.D5,,,,
IEG0356:4,LEFT WALL PANEL,SC,UV0610PE,GRN,14,17.D3,UV0610:P.E.,ORBIT 60^DOOR PANEL,17.D2,,,,
QS0560:LD-1,LEFT WALL PANEL,SC,FU0200LI,WHT,12,11.C4,XT0561:1,PWR DISTRIBUTION RAIL,11.B5,,,,
QS0560:LD-3,LEFT WALL PANEL,SC,0V1,WHT,12,11.C4,XT0562:1,PWR DISTRIBUTION RAIL,11.C5,,,,
XT0002:1,LEFT WALL PANEL,SC,FU0200LI,WHT,14,3.A5,XT0561:3,PWR DISTRIBUTION RAIL,11.B5,,,,
XT0002:5,LEFT WALL PANEL,SC,0V1,WHT,14,3.A5,XT0562:2,PWR DISTRIBUTION RAIL,11.C5,Ga/Sz was: 16,CHG,,
XT0345:1,LEFT WALL PANEL,SC,ESTOPB,WHT,20,14.D6,XT0563:1,PWR DISTRIBUTION RAIL,14.D6,,,,
XT0345:2,LEFT WALL PANEL,SC,ESTOPA,WHT,20,14.D6,XT0563:2,PWR DISTRIBUTION RAIL,14.D6,,,,
XT0345:3,LEFT WALL PANEL,SC,KA023612,WHT,20,14.B6,XT0563:3,PWR DISTRIBUTION RAIL,14.B6,,,,
XT0345:4,LEFT WALL PANEL,SC,0V,WHT,20,14.B6,XT0563:4,PWR DISTRIBUTION RAIL,14.B6,,,,
XT0345:5,LEFT WALL PANEL,SC,KA0241A1,WHT,20,14.C6,XT0563:5,PWR DISTRIBUTION RAIL,14.C6,,,,
XT0345:6,LEFT WALL PANEL,SC,FU0139,WHT,20,14.C6,XT0563:6,PWR DISTRIBUTION RAIL,14.C6,,,,
BA0002:RJ45,LEFT WALL PANEL,WC9003,AU0200L1,ENET,CABLE,3.A6,AU0200:L1,TCP,12.A3,,,,
IEG0356:1,LEFT WALL PANEL,SC,IEG03561,GRN,14,12.D6,GR0200: ,TCP,12.D7,,,,
UV0610:+DC,ORBIT 60^DOOR PANEL,SC,FU0611,WHT,14,17.D2,FU0611:LI,PWR DISTRIBUTION RAIL,11.A4,,,,
UV0610:COM,ORBIT 60^DOOR PANEL,SC,0V1,WHT,14,16.D2,XT0562:5,PWR DISTRIBUTION RAIL,15.B2,,DELETED,,
UV0610:COM,ORBIT 60^DOOR PANEL,SC,0V1,WHT,14,17.D2,XT0562:6,PWR DISTRIBUTION RAIL,11.D5,,ADDED,,
UV0611:+DC,ORBIT 60^DOOR PANEL,SC,FU0610,WHT,14,17.D5,FU0610:LI,PWR DISTRIBUTION RAIL,11.A4,,,,
UV0611:COM,ORBIT 60^DOOR PANEL,SC,0V1,WHT,14,16.D5,XT0562:5,PWR DISTRIBUTION RAIL,15.B2,,DELETED,,
UV0611:COM,ORBIT 60^DOOR PANEL,SC,0V1,WHT,14,17.D5,XT0562:6,PWR DISTRIBUTION RAIL,11.D5,,ADDED,,
AU0080:L1,PANEL A,WC0009,AU0090L2,ENET,CABLE,9.C2,AU0090:L2,PANEL A,9.A2,,,,
XT0011:2,PANEL A,JC,523NEG,CLIP,---,19.D3,XT0011:3,PANEL A,19.D3,,,,
XT0011:3,PANEL A,JC,523NEG,CLIP,---,19.D3,XT0011:4,PANEL A,19.D3,,,,
XT0011:4,PANEL A,JC,523NEG,CLIP,---,19.D3,XT0011:5,PANEL A,19.D3,,,,
XT0080:1,PANEL A,JC,0V,CLIP,---,9.D1,XT0080:2,PANEL A,9.D1,,,,
XT0090:1,PANEL A,JC,0V,CLIP,---,9.B1,XT0090:2,PANEL A,9.B1,,,,
XT0134:1,PANEL A,JC,0V,CLIP,---,22.B3,XT0134:2,PANEL A,22.B3,,,,
XT0134:2,PANEL A,JC,0V,CLIP,---,22.B3,XT0134:3,PANEL A,22.B3,,,,
XT0134:3,PANEL A,JC,0V,CLIP,---,22.B3,XT0134:4,PANEL A,22.B3,,,,
XT0134:4,PANEL A,JC,0V,CLIP,---,22.B3,XT0134:5,PANEL A,22.B3,,ADDED,,
XT0135:1,PANEL A,JC,0V,CLIP,---,22.B4,XT0135:2,PANEL A,22.B4,,,,
XT0135:2,PANEL A,JC,0V,CLIP,---,20.B4,XT0135:3,PANEL A,20.B4,,DELETED,,
XT0136:1,PANEL A,JC,FU0139,CLIP,---,23.A2,XT0136:2,PANEL A,23.A2,,,,
XT0138:1,PANEL A,JC,FU0136,CLIP,---,22.A3,XT0138:2,PANEL A,22.A3,,,,
XT0138:2,PANEL A,JC,FU0136,CLIP,---,22.A3,XT0138:3,PANEL A,22.A3,,,,
XT0138:3,PANEL A,JC,FU0136,CLIP,---,22.A3,XT0138:4,PANEL A,22.B3,,,,
XT0138:4,PANEL A,JC,FU0136,CLIP,---,22.B3,XT0138:5,PANEL A,22.B3,,ADDED,,
XT0139:1,PANEL A,JC,FU0137,CLIP,---,22.A4,XT0139:2,PANEL A,22.A4,,,,
XT0139:2,PANEL A,JC,FU0137,CLIP,---,22.A4,XT0139:3,PANEL A,22.B4,,,,
AF0080:02,PANEL A,SC,KT0146B1,WHT,20,23.B2,KT0146:B1,PANEL A,23.B2,,,,
AF0080:04,PANEL A,SC,008004,WHT,20,52.B7,KA0221:A1,PANEL A,52.B6,,,,
AF0080:08,PANEL A,SC,KA0134A1,WHT,20,65.D7,KA0134:A1,PANEL A,23.C6,,,,
AF0080:16,PANEL A,SC,AU0080N,WHT,20,9.C2,AU0080:COM,PANEL A,9.C2,,,,
AF0080:18,PANEL A,SC,KT0146A2,WHT,20,23.B2,KT0146:A2,PANEL A,23.B2,,,,
AF0080:34,PANEL A,SC,AU0080P,WHT,20,9.C2,AU0080:V+,PANEL A,9.C2,,,,
AF0080:36,PANEL A,SC,,WHT,20,23.B2,KA0141:24,PANEL A,23.B2,,,,
AF0080:37,PANEL A,SC,008037,WHT,20,52.B7,KA0221:14,PANEL A,52.B6,,,,
AF0081:16,PANEL A,SC,0V,WHT,14,9.C3,XT0080:2,PANEL A,9.D1,,,,
AF0081:33,PANEL A,SC,AF0081N,WHT,20,9.C3,AF0082:16,PANEL A,9.C3,,,,
AF0081:34,PANEL A,SC,FU0081,WHT,14,9.C3,FU0081:LD,PANEL A,9.D1,,,,
AF0081:51,PANEL A,SC,AF0081P,WHT,20,9.C3,AF0082:34,PANEL A,9.C3,,,,
AF0082:03,PANEL A,SC,008203,WHT,20,25.C7,KA0130:14,PANEL A,25.D6,,,,
AF0082:33,PANEL A,SC,AF0082N,WHT,20,9.C3,AF0083:35,PANEL A,9.C4,,,,
AF0082:38,PANEL A,SC,008238,WHT,20,25.C7,KA0130:A1,PANEL A,25.C5,,,,
AF0082:51,PANEL A,SC,AF0082P,WHT,20,9.C3,AF0083:34,PANEL A,9.C4,,,,
AF0083:25,PANEL A,SC,JP,VIO,20,9.C4,AF0083:27,PANEL A,9.C4,,,,
AF0083:27,PANEL A,SC,JP,VIO,20,9.C4,AF0083:28,PANEL A,9.C4,,,,
AF0083:29,PANEL A,SC,JP,VIO,20,9.C4,AF0083:31,PANEL A,9.C4,,,,
AF0083:31,PANEL A,SC,JP,VIO,20,9.C4,AF0083:32,PANEL A,9.C4,,,,
AF0083:50,PANEL A,SC,AF0083P,WHT,20,9.C4,AF0084:34,PANEL A,9.C5,,,,
AF0083:51,PANEL A,SC,AF0083N,WHT,20,9.C4,AF0084:35,PANEL A,9.C5,,,,
AF0084:12,PANEL A,SC,JP,VIO,20,9.C5,AF0084:14,PANEL A,9.C5,,,,
AF0084:14,PANEL A,SC,JP,VIO,20,9.C5,AF0084:15,PANEL A,9.C5,,,,
AF0084:21,PANEL A,SC,JP,VIO,20,9.C5,AF0084:23,PANEL A,9.C5,,,,
AF0084:23,PANEL A,SC,JP,VIO,20,9.C5,AF0084:24,PANEL A,9.C5,,,,
AF0084:25,PANEL A,SC,JP,VIO,20,9.C5,AF0084:27,PANEL A,9.C5,,,,
AF0084:27,PANEL A,SC,JP,VIO,20,9.C5,AF0084:28,PANEL A,9.C5,,,,
AF0084:50,PANEL A,SC,AF0084P,WHT,20,9.C5,AF0085:34,PANEL A,9.C5,,,,
AF0084:51,PANEL A,SC,AF0084N,WHT,20,9.C5,AF0085:16,PANEL A,9.C5,,,,
AF0085:03,PANEL A,SC,008519,WHT,20,66.A7,AF0085:19,PANEL A,66.A7,,,,
AF0085:05,PANEL A,SC,008521,WHT,20,88.A7,AF0085:21,PANEL A,88.A7,,,,
AF0085:07,PANEL A,SC,008523,WHT,20,62.C7,AF0085:23,PANEL A,62.C7,,,,
AF0085:09,PANEL A,SC,008525,WHT,20,69.A7,AF0085:25,PANEL A,69.A7,,,,
AF0085:13,PANEL A,SC,008529,WHT,20,62.B7,AF0085:29,PANEL A,62.B7,,,,
AF0085:33,PANEL A,SC,AF0085N,WHT,20,9.C5,AF0086:16,PANEL A,9.C6,,,,
AF0085:51,PANEL A,SC,AF0085P,WHT,20,9.C5,AF0086:34,PANEL A,9.C6,,,,
AF0086:05,PANEL A,SC,008621,WHT,20,90.A7,AF0086:21,PANEL A,90.A7,,,,
AF0086:07,PANEL A,SC,008623,WHT,20,86.A7,AF0086:23,PANEL A,86.A7,,,,
AF0086:15,PANEL A,SC,008631,WHT,20,56.A7,AF0086:31,PANEL A,56.A7,,,,
AF0086:33,PANEL A,SC,AF0086N,WHT,20,9.C6,AF0087:16,PANEL A,9.C6,,,,
AF0086:51,PANEL A,SC,AF0086P,WHT,20,9.C6,AF0087:34,PANEL A,9.C6,,,,
AF0090:03,PANEL A,SC,KA014114,WHT,20,23.C2,KA0141:14,PANEL A,23.C2,,,,
AF0090:09,PANEL A,SC,UJ0131OK2,WHT,20,19.C7,UJ0131:OK2,PANEL A,19.C4,,,,
AF0090:12,PANEL A,SC,KA0134A1,WHT,20,65.C7,KA0134:A1,PANEL A,23.C6,,,,
AF0090:16,PANEL A,SC,AU0090N,WHT,20,9.A2,AU0090:COM,PANEL A,9.A2,,,,
AF0090:34,PANEL A,SC,AU0090P,WHT,20,9.A2,AU0090:V+,PANEL A,9.A2,,,,
AF0090:38,PANEL A,SC,KA014111,WHT,20,23.C2,KA0141:11,PANEL A,23.C2,,,,
AF0090:44,PANEL A,SC,UJ0131OK1,WHT,20,19.C7,UJ0131:OK1,PANEL A,19.C4,,,,
AF0091:02,PANEL A,SC,KA0133A1,WHT,20,63.B7,KA0133:A1,PANEL A,23.C6,,,,
AF0091:04,PANEL A,SC,009104,WHT,20,38.A6,KA2160:A1,PANEL A,38.A5,,,,
AF0091:06,PANEL A,SC,KA013114,WHT,20,63.A7,KA0131:14,PANEL A,23.D4,,,,
AF0091:07,PANEL A,SC,009107,WHT,20,38.A6,KA2161:A1,PANEL A,38.B5,,,,
AF0091:08,PANEL A,SC,009108,WHT,20,67.A7,KA3103:A1,PANEL A,67.A5,,,,
AF0091:16,PANEL A,SC,0V,WHT,14,9.A3,XT0090:2,PANEL A,9.B1,,,,
AF0091:21,PANEL A,SC,009121,WHT,20,38.A6,KA2160:A2,PANEL A,38.A5,,,,
AF0091:24,PANEL A,SC,009124,WHT,20,38.A6,KA2161:A2,PANEL A,38.B5,,,,
AF0091:25,PANEL A,SC,009125,WHT,20,67.A7,KA3103:A2,PANEL A,67.A5,,,,
AF0091:34,PANEL A,SC,FU0091,WHT,14,9.A3,FU0091:LD,PANEL A,9.B1,,,,
AF0092:04,PANEL A,SC,009204,WHT,20,89.A7,XT0171:2,PANEL A,89.A5,,,,
AF0092:16,PANEL A,SC,0V,WHT,14,9.A3,XT0090:2,PANEL A,9.B1,,,,
AF0092:21,PANEL A,SC,009221,WHT,20,89.A7,KA6211:A2,PANEL A,89.A6,,,,
AF0092:33,PANEL A,SC,AF0092N,WHT,20,9.A3,AF0093:16,PANEL A,9.A4,,,,
AF0092:34,PANEL A,SC,FU0092,WHT,14,9.A3,FU0092:LD,PANEL A,9.B1,,,,
AF0092:39,PANEL A,SC,009239,WHT,20,89.A7,KA0176:14,PANEL A,89.A6,,,,
AF0092:51,PANEL A,SC,AF0092P,WHT,20,9.A3,AF0093:34,PANEL A,9.A4,,,,
AF0093:00,PANEL A,SC,009301,WHT,20,19.C7,XT0085:2,PANEL A,19.C6,,,,
AF0093:02,PANEL A,SC,JP,VIO,20,9.A4,AF0093:19,PANEL A,9.A4,,DELETED,,
AF0093:04,PANEL A,SC,UJ0131VIN,WHT,20,19.B7,UJ0131:VIN,PANEL A,19.C4,,,,
AF0093:06,PANEL A,SC,UJ0131IOUT,WHT,20,19.B7,UJ0131:IOUT,PANEL A,19.C4,,,,
AF0093:08,PANEL A,SC,JP,VIO,20,9.A4,AF0093:25,PANEL A,9.A4,,DELETED,,
AF0093:10,PANEL A,SC,JP,VIO,20,9.A4,AF0093:27,PANEL A,9.A4,,,,
AF0093:12,PANEL A,SC,JP,VIO,20,9.A4,AF0093:29,PANEL A,9.A4,,,,
AF0093:14,PANEL A,SC,JP,VIO,20,9.A4,AF0093:31,PANEL A,9.A4,,,,
AF0093:17,PANEL A,SC,009318,WHT,20,19.C7,XT0085:3,PANEL A,19.C6,,,,
AF0093:35,PANEL A,SC,009336,WHT,20,19.C7,XT0085:1,PANEL A,19.C6,,,,
AU0080:COM,PANEL A,SC,0V,WHT,14,9.C2,XT0080:1,PANEL A,9.D1,,,,
AU0080:V+,PANEL A,SC,FU0080,WHT,14,9.C2,FU0080:LD,PANEL A,9.D1,,,,
AU0090:COM,PANEL A,SC,0V,WHT,14,9.A2,XT0090:1,PANEL A,9.B1,,,,
AU0090:V+,PANEL A,SC,FU0090,WHT,14,9.A2,FU0090:LD,PANEL A,9.B1,,,,
FRAME,PANEL A,SC,GR0131,GRN/YEL,14,5.A3,GR0131: ,PANEL A,5.A3,,,,
FRAME,PANEL A,SC,GR0132,GRN/YEL,14,5.A3,GR0132: ,PANEL A,5.A3,,,,
FRAME,PANEL A,SC,UJ0131G,GRN/YEL,12,19.C4,UJ0131:G,PANEL A,19.C4,,,,
FU0010:LI,PANEL A,SC,FU0137,WHT,14,22.A5,FU0139:LI,PANEL A,22.A5,,,,
FU0010:LI,PANEL A,SC,FU0137,WHT,14,22.A5,XT0139:1,PANEL A,22.A4,,,,
FU0011:LD,PANEL A,SC,UJ0131P,WHT,12,19.C3,UJ0131:+,PANEL A,19.C4,,,,
FU0011:LI,PANEL A,SC,521POS,WHT,12,19.C3,XT0010:1,PANEL A,19.C2,,ADDED,,
FU0011A:LD,PANEL A,SC,FU0011A,WHT,12,19.C3,UJ0131:-,PANEL A,19.C4,,,,
FU0011A:LI,PANEL A,SC,521NEG,WHT,12,19.C3,XT0010:2,PANEL A,19.C2,,ADDED,,
FU0012:LI,PANEL A,SC,523POS,---,BUS,19.C3,FU0013:LI,PANEL A,19.C3,,,,
FU0012:LI,PANEL A,SC,523POS,---,BUS,19.C3,XT0014:1,PANEL A,19.C2,,,,
FU0012A:LI,PANEL A,SC,523NEG,WHT,12,19.D3,XT0011:2,PANEL A,19.D3,,,,
FU0013:LI,PANEL A,SC,523POS,---,BUS,19.C3,FU0014:LI,PANEL A,19.C3,,,,
FU0014:LI,PANEL A,SC,523POS,---,BUS,19.C3,FU0015:LI,PANEL A,19.C3,,,,
FU0014A:LI,PANEL A,SC,523NEG,WHT,12,19.D3,XT0011:3,PANEL A,19.D3,,,,
FU0015:LI,PANEL A,SC,523POS,---,BUS,19.C3,FU0017:LI,PANEL A,19.C3,,,,
FU0015A:LI,PANEL A,SC,523NEG,WHT,12,19.D3,XT0011:4,PANEL A,19.D3,,,,
FU0016A:LI,PANEL A,SC,523NEG,WHT,12,19.D3,XT0011:5,PANEL A,19.D3,,,,
FU0080:LI,PANEL A,SC,FU0137,WHT,14,9.D1,FU0081:LI,PANEL A,9.D1,,,,
FU0080:LI,PANEL A,SC,FU0137,WHT,14,9.D1,XT0139:1,PANEL A,22.A4,,,,
FU0090:LI,PANEL A,SC,FU0137,WHT,14,9.B1,FU0091:LI,PANEL A,9.B1,,,,
FU0090:LI,PANEL A,SC,FU0137,WHT,14,9.B1,XT0139:2,PANEL A,22.A4,,,,
FU0091:LI,PANEL A,SC,FU0137,WHT,14,9.B1,FU0092:LI,PANEL A,9.B1,,,,
FU0136:LD,PANEL A,SC,FU0136,WHT,10,22.A3,XT0138:1,PANEL A,22.A3,,,,
FU0136:LI,PANEL A,SC,24V,WHT,10,22.A3,UJ0131:OUT(+),PANEL A,19.C4,,,,
FU0137:LD,PANEL A,SC,FU0137,WHT,12,22.A4,XT0139:1,PANEL A,22.A4,,,,
FU0137:LI,PANEL A,SC,FU0136,WHT,10,22.A4,XT0138:1,PANEL A,22.A3,,,,
FU0139:LD,PANEL A,SC,FU0139,WHT,14,22.A5,XT0136:1,PANEL A,23.A2,,,,
FU139:LD,PANEL A,SC,FU0136,WHT,10,22.B3,XT0138:5,PANEL A,22.B3,,ADDED,,
GR0134: ,PANEL A,SC,0V,WHT,14,9.D1,XT0080:2,PANEL A,9.D1,,,,
KA0130:11,PANEL A,SC,008238,WHT,20,25.D6,KA0130:A1,PANEL A,25.C5,,,,
KA0131:12,PANEL A,SC,KA013724,WHT,20,23.D4,KA0137:24,PANEL A,23.D3,,,,
KA0131:A1,PANEL A,SC,KA0231A1,WHT,20,23.B6,KA0132:A1,PANEL A,23.B6,,,,
KA0131:A2,PANEL A,SC,0V,WHT,20,23.B6,KA0132:A2,PANEL A,23.B6,,,,
KA0131:A2,PANEL A,SC,0V,WHT,20,23.B6,KT0145:A2,PANEL A,23.B6,,,,
KA0132:11,PANEL A,SC,FU0139,WHT,20,23.A3,KA0133:11,PANEL A,23.A3,,,,
KA0132:11,PANEL A,SC,FU0139,WHT,20,23.A3,KT0145:15,PANEL A,23.D2,,,,
KA0132:12,PANEL A,SC,KT0141A1,WHT,20,23.A3,KA0133:12,PANEL A,23.A3,,,,
KA0132:12,PANEL A,SC,KT0141A1,WHT,20,23.A3,KT0142:A1,PANEL A,23.A6,,,,
KA0132:22,PANEL A,SC,KA013222,WHT,20,23.D4,KA0137:14,PANEL A,23.D3,,,,
KA0132:22,PANEL A,SC,KA013222,WHT,20,23.D4,KT0141:18,PANEL A,23.D2,,,,
KA0132:24,PANEL A,SC,KA013224,WHT,20,23.D4,KA0134:14,PANEL A,23.D3,,,,
KA0132:A1,PANEL A,SC,KA0231A1,WHT,20,23.B6,KA0141:A1,PANEL A,23.C6,,,,
KA0132:A2,PANEL A,SC,0V,WHT,20,23.B6,KA0141:A2,PANEL A,23.C6,,,,
KA0133:11,PANEL A,SC,FU0139,WHT,20,23.A3,KA0134:11,PANEL A,23.D3,,,,
KA0133:A2,PANEL A,SC,0V,WHT,20,23.C6,KA0134:A2,PANEL A,23.C6,,,,
KA0133:A2,PANEL A,SC,0V,WHT,20,23.C6,KA0141:A2,PANEL A,23.C6,,,,
KA0134:11,PANEL A,SC,FU0139,WHT,20,23.D3,KA0136:11,PANEL A,23.B4,,,,
KA0134:A2,PANEL A,SC,0V,WHT,20,23.C6,KA0144:A2,PANEL A,23.C6,,,,
KA0135:A2,PANEL A,SC,0V,WHT,20,23.D6,KA0136:A2,PANEL A,23.D6,,,,
KA0135:A2,PANEL A,SC,0V,WHT,20,23.D6,KA0144:A2,PANEL A,23.C6,,,,
KA0136:11,PANEL A,SC,FU0139,WHT,20,23.B4,KA0137:21,PANEL A,23.D3,,,,
KA0136:14,PANEL A,SC,KA013821,WHT,20,23.B4,KA0138:21,PANEL A,23.B5,,,,
KA0136:A1,PANEL A,SC,PS32002,WHT,20,23.D6,XT0136:5,PANEL A,62.D5,,,,
KA0136:A2,PANEL A,SC,0V,WHT,20,23.D6,KA0137:A2,PANEL A,23.D6,,,,
KA0137:11,PANEL A,SC,FU0139,WHT,20,23.D3,KA0137:21,PANEL A,23.D3,,,,
KA0137:A1,PANEL A,SC,KA0137A1,WHT,20,23.D6,KT0142:18,PANEL A,23.D2,,,,
KA0137:A2,PANEL A,SC,0V,WHT,20,23.D6,KA0138:A2,PANEL A,23.D6,,,,
KA0138:11,PANEL A,SC,K422P,WHT,20,65.C5,XT0136:13,PANEL A,65.C5,,,,
KA0138:14,PANEL A,SC,FU0139,WHT,20,65.C5,XT0136:11,PANEL A,65.C6,,,,
KA0138:24,PANEL A,SC,KT0144B1,WHT,20,23.B5,KT0144:B1,PANEL A,23.B6,,,,
KA0141:21,PANEL A,SC,KT0146A1,WHT,20,23.B2,KT0146:A1,PANEL A,23.B2,,,,
KA0144:22,PANEL A,SC,KA014422,WHT,20,89.A6,KA0176:A1,PANEL A,89.B5,,,,
KA0176:11,PANEL A,SC,KA017611,WHT,20,89.A6,XT0171:1,PANEL A,89.A5,,,,
KA0176:A2,PANEL A,SC,0V,WHT,14,89.B5,XT0134:2,PANEL A,22.B3,,,,
KT0140:15,PANEL A,SC,FU0139,WHT,20,23.D1,KT0142:15,PANEL A,23.D2,,,,
KT0140:15,PANEL A,SC,FU0139,WHT,20,23.A2,XT0136:2,PANEL A,23.A2,,,,
KT0140:16,PANEL A,SC,KT014115,WHT,20,23.D1,KT0141:15,PANEL A,23.D2,,,,
KT0140:18,PANEL A,SC,KT0143A1,WHT,20,23.A2,KT0143:A1,PANEL A,23.A6,,,,
KT0140:A1,PANEL A,SC,KT0140A1,WHT,20,23.A6,KT0143:16,PANEL A,23.A5,,,,
KT0140:A2,PANEL A,SC,0V,WHT,20,23.A6,KT0141:A2,PANEL A,23.A6,,,,
KT0140:A2,PANEL A,SC,0V,WHT,20,23.A6,XT0136:3,PANEL A,23.A2,,,,
KT0141:18,PANEL A,SC,KA013222,WHT,20,23.D2,KT0144:18,PANEL A,23.D2,,,,
KT0141:A1,PANEL A,SC,KT0141A1,WHT,20,23.A6,KT0142:A1,PANEL A,23.A6,,,,
KT0141:A1,PANEL A,SC,KT0141A1,WHT,20,23.A6,KT0143:15,PANEL A,23.A5,,,,
KT0141:A2,PANEL A,SC,0V,WHT,20,23.A6,KT0142:A2,PANEL A,23.A6,,,,
KT0142:15,PANEL A,SC,FU0139,WHT,20,23.D2,KT0144:A1,PANEL A,23.B6,,,,
KT0142:18,PANEL A,SC,KA0137A1,WHT,20,23.D2,KT0145:18,PANEL A,23.D2,,,,
KT0142:A2,PANEL A,SC,0V,WHT,20,23.A6,KT0143:A2,PANEL A,23.A6,,,,
KT0143:A2,PANEL A,SC,0V,WHT,20,23.A6,KT0144:A2,PANEL A,23.B6,,,,
KT0144:15,PANEL A,SC,FU0139,WHT,20,23.D2,KT0144:A1,PANEL A,23.B6,,,,
KT0144:15,PANEL A,SC,FU0139,WHT,20,23.D2,KT0145:15,PANEL A,23.D2,,,,
KT0144:A2,PANEL A,SC,0V,WHT,20,23.B6,KT0145:A2,PANEL A,23.B6,,,,
RR0851: -3.01K OHM,PANEL A,SC,009336,LEAD,---,19.C6,XT0085:1,PANEL A,19.C6,,,,
RR0851: -3.01K OHM,PANEL A,SC,009301,LEAD,---,19.C6,XT0085:2,PANEL A,19.C6,,,,
RR0852: -1.0K OHM,PANEL A,SC,009301,LEAD,---,19.C6,XT0085:2,PANEL A,19.C6,,,,
RR0852: -1.0K OHM,PANEL A,SC,009318,LEAD,---,19.C6,XT0085:3,PANEL A,19.C6,,,,
RR0853: -3.01K OHM,PANEL A,SC,021239,LEAD,---,21.B6,XT0085:6,PANEL A,21.B6,,,,
RR0853: -3.01K OHM,PANEL A,SC,021204,LEAD,---,21.B6,XT0085:7,PANEL A,21.B6,,,,
RR0854: -1.0K OHM,PANEL A,SC,021204,LEAD,---,21.B6,XT0085:7,PANEL A,21.B6,,,,
RR0854: -1.0K OHM,PANEL A,SC,021221,LEAD,---,21.B6,XT0085:8,PANEL A,21.B6,,,,
UJ0131:OUT(-),PANEL A,SC,0V,WHT,10,19.C4,XT0134:1,PANEL A,22.B3,,,,
VD6211:-,PANEL A,SC,KA017611,LEAD,---,89.A5,XT0171:1,PANEL A,89.A5,,,,
VD6211:+,PANEL A,SC,009204,LEAD,---,89.A5,XT0171:2,PANEL A,89.A5,,,,
XT0080:1,PANEL A,SC,0V,WHT,12,9.D1,XT0135:2,PANEL A,22.B4,,,,
XT0090:1,PANEL A,SC,0V,WHT,12,9.B1,XT0135:2,PANEL A,22.B4,,,,
XT0134:1,PANEL A,SC,0V,WHT,12,22.B3,XT0135:1,PANEL A,22.B4,,,,
XT0135:1,PANEL A,SC,0V,WHT,12,22.B4,XT0136:3,PANEL A,23.A2,,,,
XT0136:1,PANEL A,SC,FU0139,WHT,20,23.A2,XT0136:11,PANEL A,65.C6,,,,
XT0136:1,PANEL A,SC,FU0139,WHT,20,23.A2,XT0136:4,PANEL A,62.D5,,,,
XT0136:12,PANEL A,SC,0V,WHT,12,65.C6,XT0136:3,PANEL A,23.A2,,,,
AU0080:L2,PANEL A,WC0008,AU0080L2,ENET,CABLE,9.C2,AU0070:L1,PANEL B,10.A2,,,,
AF0080:19,PANEL A,SC,L3411N,WHT,20,52.B7,XT0060:4,PANEL B,52.B5,,,,
AF0081:01,PANEL A,SC,SB31509,WHT,20,63.C7,XT7004:36,PANEL B,63.D6,,,,
AF0081:09,PANEL A,SC,008109,WHT,20,53.A7,KA0236:24,PANEL B,53.B5,,,,
AF0081:12,PANEL A,SC,KA024214,WHT,20,24.C7,KA0242:14,PANEL B,24.C6,,,,
AF0082:04,PANEL A,SC,KA024314,WHT,20,24.B7,KA0243:14,PANEL B,24.B6,,,,
AF0082:20,PANEL A,SC,UA1200J27,WHT,20,25.C7,UA1200:J2-7,PANEL B,25.B3,,,,
AF0082:39,PANEL A,SC,KA024311,WHT,20,24.B7,KA0243:11,PANEL B,24.B6,,,,
AF0087:11,PANEL A,SC,008711,WHT,20,35.B7,PC0470:INP_A,PANEL B,35.B5,To Loc was: PANEL A,CHG,,
AF0087:14,PANEL A,SC,008714,WHT,20,33.C7,XT0237:2 T2,PANEL B,33.C5,,,,
AF0087:28,PANEL A,SC,008728,WHT,20,35.B7,PC0470:-PWR,PANEL B,35.B5,To Loc was: PANEL A,CHG,,
AF0087:46,PANEL A,SC,008746,WHT,20,35.B7,PC0470:+PWR,PANEL B,35.B5,To Loc was: PANEL A,CHG,,
FU0139:LD,PANEL A,SC,FU0139,WHT,14,22.A5,XT7004:35,PANEL B,63.D6,,,,
GR0133: ,PANEL A,SC,IEG02303,GRN,14,5.A4,IEG0230:3,PANEL B,5.A4,,,,
IEG0080:,PANEL A,SC,IEG02302,GRN,14,9.D6,IEG0230:2,PANEL B,9.D6,,,,
IEG0090:,PANEL A,SC,IEG023011,GRN,14,9.B4,IEG0230:11,PANEL B,9.B5,,,,
KA0130:A2,PANEL A,SC,UA1200J26,WHT,20,25.C5,UA1200:J2-6,PANEL B,25.B3,,,,
KA0131:11,PANEL A,SC,KA013111,WHT,20,23.D4,XT7004:33,PANEL B,63.D6,,,,
KA0131:A1,PANEL A,SC,KA0231A1,WHT,20,23.B6,KA0242:11,PANEL B,24.C6,,,,
KA0132:21,PANEL A,SC,KA013221,WHT,20,23.D4,XT7004:34,PANEL B,63.D6,,,,
KA0135:A1,PANEL A,SC,KA0144A1,WHT,20,23.D6,XT7004:38,PANEL B,63.D6,,,,
KA0136:21,PANEL A,SC,KA013621,WHT,20,23.B3,AF0063:48,PANEL B,23.B4,,,,
KA0136:24,PANEL A,SC,KA013624,WHT,20,23.B3,AF0063:13,PANEL B,23.B4,,,,
KA0137:24,PANEL A,SC,KA013724,WHT,20,23.D3,AF0063:10,PANEL B,23.C4,,,,
KA0138:A1,PANEL A,SC,KA0138A1,WHT,20,23.D6,XT7004:37,PANEL B,63.D6,,,,
KA0141:21,PANEL A,SC,KT0146A1,WHT,20,23.B2,KA0241:21,PANEL B,23.B2,,,,
KA0141:24,PANEL A,SC,,WHT,20,23.B2,KA0241:24,PANEL B,23.B2,,,,
KA0144:21,PANEL A,SC,KA023222,WHT,20,89.A6,KA0232:22,PANEL B,89.A6,,,,
KA0144:22,PANEL A,SC,KA014422,WHT,20,89.A6,KA0249:12,PANEL B,89.B6,,,,
KA0144:A1,PANEL A,SC,KA0144A1,WHT,20,23.C6,XT7004:38,PANEL B,63.D6,,,,
KA0221:11,PANEL A,SC,006314,WHT,20,52.B6,AF0063:14,PANEL B,52.B7,,,,
KA0221:11,PANEL A,SC,006314,WHT,20,52.B6,KA0235:24,PANEL B,52.B5,,,,
KA0221:A2,PANEL A,SC,L3411N,WHT,20,52.B6,XT0060:4,PANEL B,52.B5,,,,
KA6211:A1,PANEL A,SC,KA6211A1,WHT,20,89.A6,KA0246:14,PANEL B,89.A6,,,,
KT0145:A1,PANEL A,SC,KA024412,WHT,20,23.B6,KA0244:12,PANEL B,24.D4,,,,
KT0146:15,PANEL A,SC,KT014615,WHT,20,24.C6,AF0062:02,PANEL B,24.C7,,,,
KT0146:18,PANEL A,SC,KA024214,WHT,20,24.C6,KA0231:14,PANEL B,24.C6,,,,
XT0134:3,PANEL A,SC,0V,WHT,16,22.B3,UJ0291:24V(-),PANEL B,35.C6,,,,
XT0134:4,PANEL A,SC,0V,WHT,12,22.B3,XT0235:1,PANEL B,22.D4,,,,
XT0135:1,PANEL A,SC,0V,WHT,14,22.B4,KA1020:24,PANEL B,40.A5,,,,
XT0136:1,PANEL A,SC,FU0139,WHT,20,23.A2,XT0240:12,PANEL B,24.C4,,,,
XT0136:3,PANEL A,SC,0V,WHT,20,23.A2,XT0240:10,PANEL B,24.D3,,,,
XT0136:6,PANEL A,SC,PS32004,WHT,20,62.D5,KA0240:11,PANEL B,62.D6,,,,
XT0136:7,PANEL A,SC,UF1300,WHT,20,62.D6,KA0240:14,PANEL B,62.D6,,,,
XT0137:1,PANEL A,SC,ESTOPA,WHT,20,34.B5,XT0240:3,PANEL B,24.A3,,,,
XT0137:2,PANEL A,SC,ESTOP,WHT,20,34.B5,XT0240:4,PANEL B,24.A3,,,,
XT0138:3,PANEL A,SC,FU0136,WHT,14,22.A3,FU0291:LI,PANEL B,35.C5,,,,
XT0138:4,PANEL A,SC,FU0136,WHT,10,22.B3,FU0210:LI,PANEL B,22.C4,,,,
XT0139:3,PANEL A,SC,FU0137,WHT,14,22.B4,FU0211:LI,PANEL B,22.B4,,,,
XT0139:3,PANEL A,SC,FU0137,WHT,16,22.B4,KA0232:21,PANEL B,89.A6,,,,
XT0139:4,PANEL A,SC,KA0231A1,WHT,20,24.D6,KA0230:A1,PANEL B,24.D6,,,,
XT0171:1,PANEL A,SC,KA017611,WHT,20,89.A5,KA0246:11,PANEL B,89.A6,,,,
AU0090:L1,PANEL A,WC0003,AP0603L2,ENET,CABLE,9.A2,AP0603:L2,PLC PANEL,6.A3,,,,
FU0010:LD,PANEL A,SC,FU0010,WHT,14,22.A5,UV0600:(+),PLC PANEL,6.B2,,,,
XT0135:1,PANEL A,SC,0V,WHT,16,22.B4,UV0600:(-),PLC PANEL,6.B2,,,,
AF0090:10,PANEL A,SC,UJ0132OK2,WHT,20,20.C7,UJ0132:OK2,TURBINE VIBRATION PANEL,20.C4,,ADDED,,
AF0090:45,PANEL A,SC,UJ0132OK1,WHT,20,20.C7,UJ0132:OK1,TURBINE VIBRATION PANEL,20.C4,,ADDED,,
AF0093:02,PANEL A,SC,UJ0132VIN,WHT,20,20.B7,UJ0132:VIN,TURBINE VIBRATION PANEL,20.C4,,ADDED,,
AF0093:08,PANEL A,SC,UJ0132IOUT,WHT,20,20.B7,UJ0132:IOUT,TURBINE VIBRATION PANEL,20.C4,,ADDED,,
FU139:LI,PANEL A,SC,UJ0132P,WHT,10,22.B3,UJ0132:OUT(+),TURBINE VIBRATION PANEL,20.C4,,ADDED,,
UJ0131:IS,PANEL A,SC,UJ0131LS,WHT,16,19.C4,UJ0132:IS,TURBINE VIBRATION PANEL,20.C4,,ADDED,,
XT0010:1,PANEL A,SC,521POS,WHT,12,19.C2,FU0132:LI,TURBINE VIBRATION PANEL,20.C3,,ADDED,,
XT0010:2,PANEL A,SC,521NEG,WHT,12,19.C2,FU0132A:LI,TURBINE VIBRATION PANEL,20.C3,,ADDED,,
XT0134:5,PANEL A,SC,0V,WHT,10,22.B3,UJ0132:OUT(-),TURBINE VIBRATION PANEL,20.C4,,ADDED,,
AU0060:L1,PANEL B,WC0007,AU0070L2,ENET,CABLE,10.C2,AU0070:L2,PANEL B,10.A2,,,,
AF0064:14,PANEL B,WC4524,UA1200J13,RED,20,25.B7,UA1200:J1-3,PANEL B,25.B3,,,,
AF0064:15,PANEL B,WC4524,UA1200J11,BLK,20,25.B7,UA1200:J1-1,PANEL B,25.B3,,,,
FLOATING,PANEL B,WC4524,UA1200S,SH,20,25.B3,IEG0060:,PANEL B,25.B6,,,,
XT0060:1,PANEL B,JC,0V,CLIP,---,10.D1,XT0060:2,PANEL B,10.D1,,,,
XT0233:1,PANEL B,JC,FU0210,CLIP,---,22.C4,XT0233:2,PANEL B,22.C4,,,,
XT0233:2,PANEL B,JC,FU0210,CLIP,---,22.C4,XT0233:3,PANEL B,22.C4,,,,
XT0235:1,PANEL B,JC,0V,CLIP,---,22.D4,XT0235:2,PANEL B,22.D4,,,,
XT0235:2,PANEL B,JC,0V,CLIP,---,22.D4,XT0235:3,PANEL B,22.D4,,,,
XT0240:10,PANEL B,JC,0V,CLIP,---,24.D3,XT0240:9,PANEL B,24.D3,,,,
XT0240:11,PANEL B,JC,FU0139,CLIP,---,24.C4,XT0240:12,PANEL B,24.C4,,,,
AF0060:02,PANEL B,SC,006002,WHT,20,41.B7,KA0233:14,PANEL B,41.B5,,,,
AF0060:06,PANEL B,SC,006006,WHT,20,50.B7,KA0237:14,PANEL B,50.B5,,,,
AF0060:14,PANEL B,SC,006014,WHT,20,42.B7,KA0234:14,PANEL B,42.B5,,,,
AF0060:16,PANEL B,SC,AU0060N,WHT,20,10.C2,AU0060:COM,PANEL B,10.C2,,,,
AF0060:34,PANEL B,SC,AU0060P,WHT,20,10.C2,AU0060:V+,PANEL B,10.C2,,,,
AF0061:00,PANEL B,SC,006100,WHT,20,35.A7,KA1020:A1,PANEL B,35.A5,,,,
AF0061:16,PANEL B,SC,0V,WHT,20,10.C3,XT0060:2,PANEL B,10.D1,,,,
AF0061:17,PANEL B,SC,006117,WHT,20,35.A7,KA1020:A2,PANEL B,35.A5,,,,
AF0061:34,PANEL B,SC,FU0061,WHT,14,10.C3,FU0061:LD,PANEL B,10.D1,,,,
AF0062:06,PANEL B,SC,006206,WHT,20,53.B7,KA0222:A1,PANEL B,53.B6,,,,
AF0062:12,PANEL B,SC,UA1200J14,WHT,20,25.C7,UA1200:J1-4,PANEL B,25.B3,,,,
AF0062:14,PANEL B,SC,006214,WHT,20,25.C7,XT0237:1 B2,PANEL B,25.C5,,,,
AF0062:16,PANEL B,SC,0V,WHT,20,10.C3,XT0060:2,PANEL B,10.D1,,,,
AF0062:18,PANEL B,SC,KA0231A2,WHT,20,24.C7,KA0231:A2,PANEL B,24.C6,,,,
AF0062:20,PANEL B,SC,L3421N,WHT,16,53.B7,XT0060:6,PANEL B,53.B6,,,,
AF0062:34,PANEL B,SC,FU0062,WHT,14,10.C3,FU0062:LD,PANEL B,10.D1,,,,
AF0062:38,PANEL B,SC,006238,WHT,20,53.B7,KA0222:14,PANEL B,53.B6,,,,
AF0063:11,PANEL B,SC,KA023924,WHT,20,24.A7,KA0239:24,PANEL B,24.B6,,,,
AF0063:12,PANEL B,SC,UA1200J21,WHT,20,24.A7,KA0241:11,PANEL B,24.A5,,,,
AF0063:15,PANEL B,SC,KA024524,WHT,20,24.B7,KA0245:24,PANEL B,24.B6,,,,
AF0063:16,PANEL B,SC,0V,WHT,20,10.C4,XT0060:2,PANEL B,10.D1,,,,
AF0063:33,PANEL B,SC,AF0063N,WHT,16,10.C4,AF0064:16,PANEL B,10.C5,,,,
AF0063:34,PANEL B,SC,FU0063,WHT,14,10.C4,FU0063:LD,PANEL B,10.D1,,,,
AF0063:46,PANEL B,SC,KA023921,WHT,20,24.A7,KA0239:21,PANEL B,24.B6,,,,
AF0063:50,PANEL B,SC,KA024521,WHT,20,24.B7,KA0245:21,PANEL B,24.B6,,,,
AF0063:51,PANEL B,SC,AF0063P,WHT,20,10.C4,AF0064:34,PANEL B,10.C5,,,,
AF0064:13,PANEL B,SC,006429,WHT,20,48.A7,AF0064:29,PANEL B,48.A7,,,,
AF0064:33,PANEL B,SC,AF0064N,WHT,20,10.C5,AF0065:16,PANEL B,10.C5,,,,
AF0064:51,PANEL B,SC,AF0064P,WHT,20,10.C5,AF0065:34,PANEL B,10.C5,,,,
AF0065:01,PANEL B,SC,006501,WHT,20,54.A7,AF0065:17,PANEL B,54.A7,,,,
AF0065:03,PANEL B,SC,006505,WHT,20,51.C7,AF0065:19,PANEL B,51.C7,,,,
AF0065:07,PANEL B,SC,AF006513,WHT,20,46.A7,AF0065:23,PANEL B,46.A7,,,,
AF0070:05,PANEL B,SC,G3831,LEAD,---,57.A7,RR0700: -10K OHM,PANEL B,57.A6,,,,
AF0070:07,PANEL B,SC,007007,LEAD,---,57.A7,RR0700: -10K OHM,PANEL B,57.A6,,,,
AF0070:08,PANEL B,SC,007008,LEAD,---,57.B7,RR0701: -10K OHM,PANEL B,57.B6,,,,
AF0070:10,PANEL B,SC,G3531,LEAD,---,57.B7,RR0701: -10K OHM,PANEL B,57.B6,,,,
AF0070:34,PANEL B,SC,AU0070P,WHT,20,10.A2,AU0070:V+,PANEL B,10.A2,,,,
AF0070:35,PANEL B,SC,AU0070N,WHT,20,10.A2,AU0070:COM,PANEL B,10.A2,,,,
AF0070:50,PANEL B,SC,AF0070P,WHT,20,10.A2,AF0071:34,PANEL B,10.A3,,,,
AF0070:51,PANEL B,SC,AF0070N,WHT,20,10.A2,AF0071:16,PANEL B,10.A3,,,,
AF0071:33,PANEL B,SC,AF0071N,WHT,20,10.A3,AF0072:16,PANEL B,10.A3,,,,
AF0071:51,PANEL B,SC,AF0071P,WHT,20,10.A3,AF0072:34,PANEL B,10.A3,,,,
AF0072:33,PANEL B,SC,AF0072N,WHT,20,10.A3,AF0073:16,PANEL B,10.A4,,,,
AF0072:51,PANEL B,SC,AF0072P,WHT,20,10.A3,AF0073:34,PANEL B,10.A4,,,,
AF0073:01,PANEL B,SC,007301,WHT,20,49.B7,AF0073:17,PANEL B,49.B7,,,,
AF0073:03,PANEL B,SC,007305,WHT,20,51.C7,AF0073:19,PANEL B,51.C7,,,,
AF0073:33,PANEL B,SC,AF0073N,WHT,20,10.A4,AF0074:35,PANEL B,10.A5,,,,
AF0073:51,PANEL B,SC,AF0073P,WHT,20,10.A4,AF0074:34,PANEL B,10.A5,,,,
AF0074:02,PANEL B,SC,007402,WHT,16,44.B7,AF0074:03,PANEL B,44.B7,,,,
AF0074:05,PANEL B,SC,007405,LEAD,---,44.A7,TE0741:CJC,PANEL B,44.A6,,,,
AF0074:12,PANEL B,SC,007412,LEAD,---,44.A5,TE0742:CJC,PANEL B,44.A5,,,,
AF0074:37,PANEL B,SC,007437,LEAD,---,44.A7,TE0741:(+),PANEL B,44.A6,,,,
AF0074:38,PANEL B,SC,007438,LEAD,---,44.A7,TE0741:GND,PANEL B,44.A6,,,,
AF0074:39,PANEL B,SC,007439,LEAD,---,44.A7,TE0741:(-),PANEL B,44.A6,,,,
AF0074:46,PANEL B,SC,007446,LEAD,---,44.A5,TE0742:(+),PANEL B,44.A5,,,,
AF0074:47,PANEL B,SC,007447,LEAD,---,44.A5,TE0742:GND,PANEL B,44.A5,,,,
AF0074:48,PANEL B,SC,007448,LEAD,---,44.A5,TE0742:(-),PANEL B,44.A5,,,,
AF0074:50,PANEL B,SC,AF0074P,WHT,20,10.A5,AF0075:34,PANEL B,10.A5,,,,
AF0074:51,PANEL B,SC,AF0074N,WHT,20,10.A5,AF0075:35,PANEL B,10.A5,,,,
AF0075:05,PANEL B,SC,007505,LEAD,---,45.A7,TE0751:CJC,PANEL B,45.A6,,,,
AF0075:12,PANEL B,SC,007512,LEAD,---,45.A5,TE0752:CJC,PANEL B,45.A5,,,,
AF0075:23,PANEL B,SC,JP,VIO,20,10.A5,AF0075:24,PANEL B,10.A5,,,,
AF0075:27,PANEL B,SC,JP,VIO,20,10.A5,AF0075:28,PANEL B,10.A5,,,,
AF0075:31,PANEL B,SC,JP,VIO,20,10.A5,AF0075:32,PANEL B,10.A5,,,,
AF0075:37,PANEL B,SC,007537,LEAD,---,45.A7,TE0751:(+),PANEL B,45.A6,,,,
AF0075:38,PANEL B,SC,007538,LEAD,---,45.A7,TE0751:GND,PANEL B,45.A6,,,,
AF0075:39,PANEL B,SC,007539,LEAD,---,45.A7,TE0751:(-),PANEL B,45.A6,,,,
AF0075:46,PANEL B,SC,007546,LEAD,---,45.A5,TE0752:(+),PANEL B,45.A5,,,,
AF0075:47,PANEL B,SC,007547,LEAD,---,45.A5,TE0752:GND,PANEL B,45.A5,,,,
AF0075:48,PANEL B,SC,007548,LEAD,---,45.A5,TE0752:(-),PANEL B,45.A5,,,,
AU0060:COM,PANEL B,SC,0V,WHT,20,10.C2,XT0060:1,PANEL B,10.D1,,,,
AU0060:V+,PANEL B,SC,FU0060,WHT,14,10.C2,FU0060:LD,PANEL B,10.C1,,,,
AU0070:COM,PANEL B,SC,0V,WHT,20,10.A2,XT0070:1,PANEL B,10.B1,,,,
AU0070:V+,PANEL B,SC,FU0070,WHT,14,10.A2,FU0070:LD,PANEL B,10.B1,,,,
BA1100:NEG,PANEL B,SC,UJ0291N,WHT,16,35.D1,UJ0291:OUT1(-),PANEL B,35.C6,,,,
BA1100:POS,PANEL B,SC,FU1101LD,WHT,16,35.D1,FU1101:LD,PANEL B,35.C2,,,,
FRAME,PANEL B,SC,GR0232,GRN/YEL,14,5.A3,GR0232: ,PANEL B,5.A3,,,,
FU0001:LI,PANEL B,SC,FU0210,WHT,16,3.A3,XT0001:1,PANEL B,3.A3,,,,
FU0002:LI,PANEL B,SC,FU0210,WHT,16,3.B3,XT0001:2,PANEL B,3.B3,,,,
FU0007:LI,PANEL B,SC,FU0210,WHT,16,3.C3,XT0001:3,PANEL B,3.C3,,,,
FU0008:LI,PANEL B,SC,FU0210,WHT,16,3.D3,XT0001:4,PANEL B,3.D3,,,,
FU0009:LI,PANEL B,SC,FU0210,WHT,16,4.A3,XT0001:5,PANEL B,4.A3,,,,
FU0060:LI,PANEL B,SC,FU0210,WHT,14,10.C1,FU0061:LI,PANEL B,10.D1,,,,
FU0060:LI,PANEL B,SC,FU0210,WHT,14,10.C1,XT0233:1,PANEL B,22.C4,,,,
FU0061:LI,PANEL B,SC,FU0210,WHT,14,10.D1,FU0062:LI,PANEL B,10.D1,,,,
FU0062:LI,PANEL B,SC,FU0210,WHT,14,10.D1,FU0063:LI,PANEL B,10.D1,,,,
FU0070:LI,PANEL B,SC,FU0210,WHT,14,10.B1,XT0233:2,PANEL B,22.C4,,,,
FU0210:LD,PANEL B,SC,FU0210,WHT,12,22.C4,XT0233:1,PANEL B,22.C4,,,,
FU0211:LD,PANEL B,SC,FU0211,WHT,14,22.B4,KA1020:14,PANEL B,40.A5,,,,
FU0212:LD,PANEL B,SC,FU0212,WHT,16,22.C5,KA0248:21,PANEL B,25.C6,,,,
FU0212:LD,PANEL B,SC,FU0212,WHT,16,22.C5,XT0233:4,PANEL B,25.D5,,,,
FU0212:LI,PANEL B,SC,FU0210,WHT,14,22.C5,XT0233:1,PANEL B,22.C4,,,,
FU0291:LD,PANEL B,SC,FU0291,WHT,16,35.C5,UJ0291:24V(+),PANEL B,35.C6,,,,
FU1101:LI,PANEL B,SC,UJ0291P,WHT,16,35.C2,UJ0291:OUT1(+),PANEL B,35.C6,,,,
GR0231: ,PANEL B,SC,IEG02306,GRN,14,5.A3,IEG0230:6,PANEL B,5.A3,,,,
GR0233: ,PANEL B,SC,0V,WHT,14,10.B1,XT0070:1,PANEL B,10.B1,,,,
IEG0060:,PANEL B,SC,IEG02304,GRN,14,10.D5,IEG0230:4,PANEL B,10.D5,,,,
IEG0070:,PANEL B,SC,IEG02305,GRN,14,10.B3,IEG0230:5,PANEL B,10.B4,,,,
IEG0230:8,PANEL B,SC,IEG02308,GRN,16,25.D6,UA1200:J3-4,PANEL B,25.B3,,,,
KA0222:11,PANEL B,SC,008109,WHT,20,53.B6,KA0236:24,PANEL B,53.B5,,,,
KA0222:A2,PANEL B,SC,L3421N,WHT,16,53.B6,XT0060:6,PANEL B,53.B6,,,,
KA0230:A1,PANEL B,SC,KA0231A1,WHT,20,24.D6,KA0234:A1,PANEL B,24.D6,,,,
KA0230:A2,PANEL B,SC,KA0231A2,WHT,20,24.D6,KA0234:A2,PANEL B,24.D6,,,,
KA0231:11,PANEL B,SC,KA0231A1,WHT,20,24.C6,KA0231:A1,PANEL B,24.C6,,,,
KA0231:11,PANEL B,SC,KA0231A1,WHT,20,24.C6,KA0242:11,PANEL B,24.C6,,,,
KA0231:14,PANEL B,SC,KA024214,WHT,20,24.C6,KA0242:14,PANEL B,24.C6,,,,
KA0231:21,PANEL B,SC,KA023121,WHT,20,24.A4,KA0245:14,PANEL B,24.A4,,,,
KA0231:24,PANEL B,SC,KA024114,WHT,20,24.A4,KA0241:14,PANEL B,24.A5,,,,
KA0231:A1,PANEL B,SC,KA0231A1,WHT,20,24.C6,KA0232:A1,PANEL B,24.D6,,,,
KA0231:A2,PANEL B,SC,KA0231A2,WHT,20,24.C6,KA0232:A2,PANEL B,24.D6,,,,
KA0232:22,PANEL B,SC,KA023222,WHT,20,89.A6,KA0249:11,PANEL B,89.B6,,,,
KA0232:A1,PANEL B,SC,KA0231A1,WHT,20,24.D6,KA0233:A1,PANEL B,24.D6,,,,
KA0232:A2,PANEL B,SC,KA0231A2,WHT,20,24.D6,KA0233:A2,PANEL B,24.D6,,,,
KA0233:A1,PANEL B,SC,KA0231A1,WHT,20,24.D6,KA0234:A1,PANEL B,24.D6,,,,
KA0233:A2,PANEL B,SC,KA0231A2,WHT,20,24.D6,KA0234:A2,PANEL B,24.D6,,,,
KA0235:11,PANEL B,SC,UA1200J21,WHT,20,24.A5,KA0241:11,PANEL B,24.A5,,,,
KA0235:11,PANEL B,SC,UA1200J21,WHT,20,24.A5,XT0060:3,PANEL B,25.D5,,,,
KA0235:14,PANEL B,SC,KA024114,WHT,20,24.A5,KA0241:14,PANEL B,24.A5,,,,
KA0235:A1,PANEL B,SC,ESTOP,WHT,20,24.A2,KA0236:A1,PANEL B,24.B2,,,,
KA0235:A1,PANEL B,SC,ESTOP,WHT,20,24.A2,XT0240:4,PANEL B,24.A3,,,,
KA0235:A2,PANEL B,SC,0V,WHT,20,24.A2,KA0236:A2,PANEL B,24.B2,,,,
KA0236:11,PANEL B,SC,FU0139,WHT,20,24.D4,KA0244:11,PANEL B,24.D4,,,,
KA0236:11,PANEL B,SC,FU0139,WHT,20,24.D4,XT0240:12,PANEL B,24.C4,,,,
KA0236:12,PANEL B,SC,KA023612,WHT,20,24.D4,XT0240:13,PANEL B,24.D4,,,,
KA0236:A1,PANEL B,SC,ESTOP,WHT,20,24.B2,KA0237:A1,PANEL B,24.B2,,,,
KA0236:A2,PANEL B,SC,0V,WHT,20,24.B2,KA0237:A2,PANEL B,24.B2,,,,
KA0237:A1,PANEL B,SC,ESTOP,WHT,20,24.B2,KA0238:A1,PANEL B,24.B2,,,,
KA0237:A2,PANEL B,SC,0V,WHT,20,24.B2,KA0238:A2,PANEL B,24.B2,,,,
KA0238:A1,PANEL B,SC,ESTOP,WHT,20,24.B2,KA0239:A1,PANEL B,24.B2,,,,
KA0238:A2,PANEL B,SC,0V,WHT,20,24.B2,KA0239:A2,PANEL B,24.B2,,,,
KA0239:A1,PANEL B,SC,ESTOP,WHT,20,24.B2,KA0240:A1,PANEL B,24.B2,,,,
KA0239:A2,PANEL B,SC,0V,WHT,20,24.B2,KA0240:A2,PANEL B,24.B2,,,,
KA0240:A1,PANEL B,SC,ESTOP,WHT,20,24.B2,KA0248:A1,PANEL B,24.B2,,,,
KA0240:A2,PANEL B,SC,0V,WHT,20,24.B2,KA0248:A2,PANEL B,24.B2,,,,
KA0241:A1,PANEL B,SC,KA0241A1,WHT,20,24.C2,KA0242:A1,PANEL B,24.C2,,,,
KA0241:A1,PANEL B,SC,KA0241A1,WHT,20,24.C2,XT0240:6,PANEL B,24.C3,,,,
KA0241:A2,PANEL B,SC,0V,WHT,20,24.C2,KA0242:A2,PANEL B,24.C2,,,,
KA0241:A2,PANEL B,SC,0V,WHT,20,24.C2,KA0250:A2,PANEL B,24.C2,,,,
KA0242:21,PANEL B,SC,024221,WHT,20,25.C6,XT0237:1 T2,PANEL B,25.C5,,,,
KA0242:24,PANEL B,SC,024822,WHT,20,25.C6,KA0248:22,PANEL B,25.C6,,,,
KA0242:A2,PANEL B,SC,0V,WHT,20,24.C2,KA0243:A2,PANEL B,24.C2,,,,
KA0243:21,PANEL B,SC,ESTOPC,WHT,20,24.A3,XT0240:1,PANEL B,24.A3,,,,
KA0243:24,PANEL B,SC,KA024511,WHT,20,24.A3,KA0245:11,PANEL B,24.A4,,,,
KA0243:A1,PANEL B,SC,KA0243A1,WHT,20,24.C2,KA0244:A1,PANEL B,24.D2,,,,
KA0243:A1,PANEL B,SC,KA0243A1,WHT,20,24.C2,XT0240:7,PANEL B,24.C3,,,,
KA0243:A2,PANEL B,SC,0V,WHT,20,24.C2,KA0244:A2,PANEL B,24.D2,,,,
KA0244:A1,PANEL B,SC,KA0243A1,WHT,20,24.D2,KA0246:A1,PANEL B,24.D2,,,,
KA0244:A2,PANEL B,SC,0V,WHT,20,24.D2,KA0246:A2,PANEL B,24.D2,,,,
KA0245:A1,PANEL B,SC,KA0245A1,WHT,20,24.D2,KA0249:A1,PANEL B,24.D2,,,,
KA0245:A1,PANEL B,SC,KA0245A1,WHT,20,24.D2,XT0240:8,PANEL B,24.D3,,,,
KA0245:A2,PANEL B,SC,0V,WHT,20,24.D2,KA0247:A2,PANEL B,24.D2,,,,
KA0245:A2,PANEL B,SC,0V,WHT,20,24.D2,KA0249:A2,PANEL B,24.D2,,,,
KA0246:A1,PANEL B,SC,KA0243A1,WHT,20,24.D2,KA0247:A1,PANEL B,24.D2,,,,
KA0246:A2,PANEL B,SC,0V,WHT,20,24.D2,KA0247:A2,PANEL B,24.D2,,,,
KA0248:A1,PANEL B,SC,ESTOP,WHT,20,24.B2,KA0250:A1,PANEL B,24.C2,,,,
KA0248:A2,PANEL B,SC,0V,WHT,20,24.B2,KA0250:A2,PANEL B,24.C2,,,,
KA0249:A2,PANEL B,SC,0V,WHT,20,24.D2,XT0240:10,PANEL B,24.D3,,,,
PC0470:INP_A,PANEL B,SC,008711,WHT,20,35.B5,PC0470:INP_B,PANEL B,35.B5,"Fr Loc. was: PANEL A
To Loc was: PANEL A",CHG,,
UA1200:J1-10,PANEL B,SC,FU0212,WHT,20,25.B3,XT0233:4,PANEL B,25.D5,,,,
UA1200:J1-5,PANEL B,SC,UA1200J15,WHT,20,25.B3,XT0237:1 B1,PANEL B,25.C5,,,,
UA1200:J1-8,PANEL B,SC,UA1200J,WHT,20,57.C6,UA1200:J3-5,PANEL B,57.C6,,,,
UA1200:J1-9,PANEL B,SC,0V,WHT,20,25.B3,XT0235:4,PANEL B,25.D5,,,,
UA1200:J2-1,PANEL B,SC,UA1200J21,WHT,20,25.B3,XT0060:3,PANEL B,25.D5,,,,
UA1200:J2-2,PANEL B,SC,FU0212,WHT,20,25.B3,XT0233:4,PANEL B,25.D5,,,,
XT0001:1,PANEL B,SC,FU0210,WHT,20,3.A3,XT0001:2,PANEL B,3.B3,,,,
XT0001:1,PANEL B,SC,FU0210,WHT,12,3.A3,XT0233:3,PANEL B,22.C4,,,,
XT0001:10,PANEL B,SC,0V,WHT,16,4.A3,XT0001:9,PANEL B,3.D3,,,,
XT0001:2,PANEL B,SC,FU0210,WHT,20,3.B3,XT0001:3,PANEL B,3.C3,,,,
XT0001:3,PANEL B,SC,FU0210,WHT,20,3.C3,XT0001:4,PANEL B,3.D3,,,,
XT0001:4,PANEL B,SC,FU0210,WHT,20,3.D3,XT0001:5,PANEL B,4.A3,,,,
XT0001:6,PANEL B,SC,0V,WHT,16,3.A3,XT0001:7,PANEL B,3.B3,,,,
XT0001:6,PANEL B,SC,0V,WHT,12,3.A3,XT0235:3,PANEL B,22.D4,,,,
XT0001:7,PANEL B,SC,0V,WHT,16,3.B3,XT0001:8,PANEL B,3.C3,,,,
XT0001:8,PANEL B,SC,0V,WHT,16,3.C3,XT0001:9,PANEL B,3.D3,,,,
XT0060:1,PANEL B,SC,0V,WHT,14,10.D1,XT0235:1,PANEL B,22.D4,Ga/Sz was: 10,CHG,,
XT0070:1,PANEL B,SC,0V,WHT,14,10.B1,XT0235:1,PANEL B,22.D4,,,,
XT0235:2,PANEL B,SC,0V,WHT,12,22.D4,XT0235:4,PANEL B,25.D5,,,,
XT0236:1,PANEL B,SC,FU0139,WHT,20,33.B5,XT0240:11,PANEL B,24.C4,,,,
XT0236:2,PANEL B,SC,KA0241A1,WHT,20,33.B5,XT0240:6,PANEL B,24.C3,,,,
XT0236:3,PANEL B,SC,0V,WHT,12,33.C5,XT0240:9,PANEL B,24.D3,,,,
XT0237:2 B2,PANEL B,SC,KA023612,WHT,20,33.C5,XT0240:13,PANEL B,24.D4,,,,
BA1100:L2,PANEL B,WC0010,BA1100L2,ENET,CABLE,35.D1,AP0602:L1,PLC PANEL,6.A3,,,,
BA1100:L1,PANEL B,WC9002,BA0004RJ45,ENET,CABLE,35.D1,BA0004:RJ45,PLC PANEL,3.B2,,,,
FU0001:LD,PANEL B,SC,FU0001,WHT,16,3.A3,BA0001:V1(+),PLC PANEL,3.A2,,,,
FU0002:LD,PANEL B,SC,FU0002,WHT,16,3.B3,BA0004:V1(+),PLC PANEL,3.B2,,,,
FU0007:LD,PANEL B,SC,FU0007,WHT,16,3.C3,BA0007:V1(+),PLC PANEL,3.C2,,,,
FU0008:LD,PANEL B,SC,FU0008,WHT,16,3.D3,BA0005:V1(+),PLC PANEL,3.D2,,,,
FU0009:LD,PANEL B,SC,BA0009P,WHT,16,4.A3,BA0009:V1(+),PLC PANEL,4.A2,,,,
IEG0230:1,PANEL B,SC,IEG02301,GRN,12,6.B6,AR0600:IE2,PLC PANEL,6.A1,,,,
IEG0230:12,PANEL B,SC,GR0234,GRN,14,5.A4,GR0234: ,PLC PANEL,5.A4,,,,
XT0001:10,PANEL B,SC,0V,WHT,16,4.A3,BA0009:V1(-),PLC PANEL,4.A2,,,,
XT0001:6,PANEL B,SC,0V,WHT,16,3.A3,BA0001:V1(-),PLC PANEL,3.A2,,,,
XT0001:7,PANEL B,SC,0V,WHT,16,3.B3,BA0004:V1(-),PLC PANEL,3.B2,,,,
XT0001:8,PANEL B,SC,0V,WHT,16,3.C3,BA0007:V1(-),PLC PANEL,3.C2,,,,
XT0001:9,PANEL B,SC,0V,WHT,16,3.D3,BA0005:V1(-),PLC PANEL,3.D2,,,,
AP0606:L1,PLC PANEL,W9005,AP0606L1,ENET,CABLE,6.C5,BA0005:RJ45,PLC PANEL,3.D2,,,,
AP0602:L2,PLC PANEL,WC0001,AP0602L2,ENET,CABLE,6.A3,AP0603:L1,PLC PANEL,6.A3,,,,
AP0609:L1,PLC PANEL,WC9007,AP0609L1,ENET,CABLE,6.C5,BA0007:RJ45,PLC PANEL,3.C2,,,,
AP0605:ENET,PLC PANEL,WC9009,BA0009RJ45,ENET,CABLE,6.C5,BA0009:RJ45,PLC PANEL,4.A2,,,,
AP0609:L1,PLC PANEL,SC,*,,,6.A6,AP0609:L2,PLC PANEL,6.A6,,,,
AR0600:IE1,PLC PANEL,SC,UV0600G,GRN,14,6.A1,UV0600:GND,PLC PANEL,6.B2,,,,
XT0561:1,PWR DISTRIBUTION RAIL,JC,FU0200LI,CLIP,---,11.B5,XT0561:2,PWR DISTRIBUTION RAIL,11.B5,,,,
XT0561:2,PWR DISTRIBUTION RAIL,JC,FU0200LI,CLIP,---,11.B5,XT0561:3,PWR DISTRIBUTION RAIL,11.B5,,,,
XT0561:3,PWR DISTRIBUTION RAIL,JC,FU0200LI,CLIP,---,11.B5,XT0561:4,PWR DISTRIBUTION RAIL,11.B5,,ADDED,,
XT0561:4,PWR DISTRIBUTION RAIL,JC,FU0200LI,CLIP,---,11.B5,XT0561:5,PWR DISTRIBUTION RAIL,11.B5,,,,
XT0561:5,PWR DISTRIBUTION RAIL,JC,FU0200LI,CLIP,---,11.B5,XT0561:6,PWR DISTRIBUTION RAIL,11.A5,,,,
XT0561:6,PWR DISTRIBUTION RAIL,JC,FU0200LI,CLIP,---,11.A5,XT0561:7,PWR DISTRIBUTION RAIL,11.A5,,ADDED,,
XT0562:1,PWR DISTRIBUTION RAIL,JC,0V1,CLIP,---,11.C5,XT0562:2,PWR DISTRIBUTION RAIL,11.C5,,,,
XT0562:2,PWR DISTRIBUTION RAIL,JC,0V1,CLIP,---,11.C5,XT0562:3,PWR DISTRIBUTION RAIL,11.C5,,,,
XT0562:3,PWR DISTRIBUTION RAIL,JC,0V1,CLIP,---,11.C5,XT0562:4,PWR DISTRIBUTION RAIL,11.C5,,ADDED,,
XT0562:4,PWR DISTRIBUTION RAIL,JC,0V1,CLIP,---,11.C5,XT0562:5,PWR DISTRIBUTION RAIL,11.C5,,,,
XT0562:5,PWR DISTRIBUTION RAIL,JC,0V1,CLIP,---,11.C5,XT0562:6,PWR DISTRIBUTION RAIL,11.D5,,,,
XT0562:6,PWR DISTRIBUTION RAIL,JC,0V1,CLIP,---,11.D5,XT0562:7,PWR DISTRIBUTION RAIL,11.D5,,ADDED,,
FU0190:LI,PWR DISTRIBUTION RAIL,SC,FU0200LI,WHT,14,12.C3,FU0273:LI,PWR DISTRIBUTION RAIL,12.B3,,,,
FU0200:LI,PWR DISTRIBUTION RAIL,SC,FU0200LI,WHT,14,12.A3,FU0273:LI,PWR DISTRIBUTION RAIL,12.B3,,,,
FU0200:LI,PWR DISTRIBUTION RAIL,SC,FU0200LI,WHT,14,12.A3,XT0561:1,PWR DISTRIBUTION RAIL,11.B5,,,,
FU0600:LD,PWR DISTRIBUTION RAIL,SC,FU0200LI,WHT,14,15.A2,XT0561:5,PWR DISTRIBUTION RAIL,15.A2,,DELETED,,
FU0600:LD,PWR DISTRIBUTION RAIL,SC,FU0200LI,WHT,14,11.A4,XT0561:6,PWR DISTRIBUTION RAIL,11.A5,,ADDED,,
FU0600:LI,PWR DISTRIBUTION RAIL,SC,FU0600,WHT,14,11.A4,FU0610:LD,PWR DISTRIBUTION RAIL,11.A4,,,,
FU0600:LI,PWR DISTRIBUTION RAIL,SC,FU0600,WHT,14,11.A4,FU0611:LD,PWR DISTRIBUTION RAIL,11.A4,,,,
XT0561:2,PWR DISTRIBUTION RAIL,SC,FU0200LI,WHT,14,11.A2,XT0561:4,PWR DISTRIBUTION RAIL,15.A2,,DELETED,,
XT0561:2,PWR DISTRIBUTION RAIL,SC,FU0200LI,WHT,14,11.B5,XT0561:5,PWR DISTRIBUTION RAIL,11.B5,,ADDED,,
XT0562:2,PWR DISTRIBUTION RAIL,SC,0V1,WHT,14,11.B2,XT0562:4,PWR DISTRIBUTION RAIL,15.B2,,DELETED,,
XT0562:2,PWR DISTRIBUTION RAIL,SC,0V1,WHT,14,11.C5,XT0562:5,PWR DISTRIBUTION RAIL,11.C5,,ADDED,,
FU0200:LD,PWR DISTRIBUTION RAIL,SC,FU0200,WHT,14,12.A3,AU0200:V+,TCP,12.A3,,,,
XT0562:1,PWR DISTRIBUTION RAIL,SC,0V1,WHT,14,11.C5,AU0200:COM,TCP,12.A3,,,,
XT0562:3,PWR DISTRIBUTION RAIL,SC,0V1,WHT,20,11.C5,SH0401:A,TCP,14.C5,,,,
XT0563:1,PWR DISTRIBUTION RAIL,SC,ESTOPB,WHT,20,14.D6,SB0400:11,TCP,14.D5,,,,
XT0563:2,PWR DISTRIBUTION RAIL,SC,ESTOPA,WHT,20,14.D6,SB0400:12,TCP,14.D5,,,,
XT0563:3,PWR DISTRIBUTION RAIL,SC,KA023612,WHT,20,14.B6,XT0564:1 B2,TCP,14.B5,,,,
XT0563:4,PWR DISTRIBUTION RAIL,SC,0V,WHT,20,14.B6,HL0410:A,TCP,14.B5,,,,
XT0563:5,PWR DISTRIBUTION RAIL,SC,KA0241A1,WHT,20,14.C6,SA0401:1,TCP,14.C5,,,,
XT0563:6,PWR DISTRIBUTION RAIL,SC,FU0139,WHT,20,14.C6,SA0401:2,TCP,14.C5,,,,
AF0200:00,TCP,SC,TCP01AP,WHT,20,13.A3,HL0400:A+,TCP,13.A1,,,,
AF0200:01,TCP,SC,TCP02AP,WHT,20,13.A3,HL0401:A+,TCP,13.A1,,,,
AF0200:02,TCP,SC,TCP03AP,WHT,20,13.B3,HL0402:A+,TCP,13.B1,,,,
AF0200:03,TCP,SC,TCP04AP,WHT,20,13.B3,HL0403:A+,TCP,13.B1,,,,
AF0200:04,TCP,SC,TCP05AP,WHT,20,13.C3,HL0404:A+,TCP,13.C1,,,,
AF0200:05,TCP,SC,TCP06AP,WHT,20,13.C3,HL0405:A+,TCP,13.C1,,,,
AF0200:06,TCP,SC,TCP06BP,WHT,20,13.D3,HL0405:B+,TCP,13.D1,,,,
AF0200:07,TCP,SC,TCP15AP,WHT,20,13.C7,SH0409:A+,TCP,13.C5,,,,
AF0200:08,TCP,SC,TCP15BP,WHT,20,13.C7,SH0409:B+,TCP,13.C5,,,,
AF0200:09,TCP,SC,TCP16AP,WHT,20,13.D7,SH0410:A+,TCP,13.D5,,,,
AF0200:10,TCP,SC,TCP16BP,WHT,20,13.D7,SH0410:B+,TCP,13.D5,,,,
AF0200:11,TCP,SC,TCP07AP,WHT,20,13.D3,HL0406:A+,TCP,13.D1,,,,
AF0200:12,TCP,SC,TCP08AP,WHT,20,13.A7,HL0407:A+,TCP,13.A5,,,,
AF0200:13,TCP,SC,TCP09AP,WHT,20,13.A7,HL0408:A+,TCP,13.A5,,,,
AF0200:14,TCP,SC,TCP10AP,WHT,20,13.B7,HL0409:A+,TCP,13.B5,,,,
AF0200:15,TCP,SC,TCP11AP,WHT,20,13.B7,HL0411:A+,TCP,13.B5,,,,
AF0200:16,TCP,SC,AU0200N,WHT,20,12.A4,AU0200:COM,TCP,12.A3,,,,
AF0200:17,TCP,SC,TCP01A,WHT,20,13.A3,HL0400:A,TCP,13.A1,,,,
AF0200:18,TCP,SC,TCP02A,WHT,20,13.A3,HL0401:A,TCP,13.A1,,,,
AF0200:19,TCP,SC,TCP03A,WHT,20,13.B3,HL0402:A,TCP,13.B1,,,,
AF0200:20,TCP,SC,TCP04A,WHT,20,13.B3,HL0403:A,TCP,13.B1,,,,
AF0200:21,TCP,SC,TCP05A,WHT,20,13.C3,HL0404:A,TCP,13.C1,,,,
AF0200:22,TCP,SC,TCP06A,WHT,20,13.C3,HL0405:A,TCP,13.C1,,,,
AF0200:23,TCP,SC,TCP06B,WHT,20,13.D3,HL0405:B,TCP,13.D1,,,,
AF0200:24,TCP,SC,TCP15A,WHT,20,13.C7,SH0409:A,TCP,13.C5,,,,
AF0200:25,TCP,SC,TCP15B,WHT,20,13.C7,SH0409:B,TCP,13.C5,,,,
AF0200:26,TCP,SC,TCP16A,WHT,20,13.D7,SH0410:A,TCP,13.D5,,,,
AF0200:27,TCP,SC,TCP16B,WHT,20,13.D7,SH0410:B,TCP,13.D5,,,,
AF0200:28,TCP,SC,TCP07A,WHT,20,13.D3,HL0406:A,TCP,13.D1,,,,
AF0200:29,TCP,SC,TCP08A,WHT,20,13.A7,HL0407:A,TCP,13.A5,,,,
AF0200:30,TCP,SC,TCP09A,WHT,20,13.A7,HL0408:A,TCP,13.A5,,,,
AF0200:31,TCP,SC,TCP10A,WHT,20,13.B7,HL0409:A,TCP,13.B5,,,,
AF0200:32,TCP,SC,TCP11A,WHT,20,13.B7,HL0411:A,TCP,13.B5,,,,
AF0200:33,TCP,SC,AF0200N,WHT,20,12.A4,AF0201:16,TCP,12.A5,,,,
AF0200:34,TCP,SC,AU0200P,WHT,20,12.A4,AU0200:V+,TCP,12.A3,,,,
AF0200:51,TCP,SC,AF0200P,WHT,20,12.A4,AF0201:34,TCP,12.A5,,,,
AF0201:01,TCP,SC,TCP14NO,WHT,20,14.A3,SH0401:NO,TCP,14.A1,,,,
AF0201:02,TCP,SC,TCP15NO,WHT,20,14.A3,SH0409:NO,TCP,14.A1,,,,
AF0201:03,TCP,SC,TCP16NO,WHT,20,14.B3,SH0410:NO,TCP,14.B1,,,,
AF0201:04,TCP,SC,TCP17B2,WHT,20,14.C3,SA0400:14,TCP,14.C1,,,,
AF0201:05,TCP,SC,TCP17A2,WHT,20,14.B3,SA0400:12,TCP,14.B1,,,,
AF0201:06,TCP,SC,TCP23NC,WHT,20,14.D3,SB0401:NC,TCP,14.D1,,,,
AF0201:07,TCP,SC,TCP24NO,WHT,20,14.D3,SB0402:NO,TCP,14.D1,,,,
AF0201:08,TCP,SC,TCP25NO,WHT,20,14.A7,SB0403:NO,TCP,14.A5,,,,
AF0201:09,TCP,SC,TCP26NO,WHT,20,14.A7,SB0404:NO,TCP,14.A5,,,,
AF0201:33,TCP,SC,AF0201N,WHT,20,12.A5,AF0202:16,TCP,12.A5,,,,
AF0201:36,TCP,SC,TCP14C,WHT,20,14.A3,SH0401:C,TCP,14.A1,,,,
AF0201:37,TCP,SC,TCP15C,WHT,20,14.A3,SH0409:C,TCP,14.A1,,,,
AF0201:38,TCP,SC,TCP16C,WHT,20,14.B3,SH0410:C,TCP,14.B1,,,,
AF0201:39,TCP,SC,TCP17B1,WHT,20,14.C3,SA0400:13,TCP,14.C1,,,,
AF0201:40,TCP,SC,TCP17A1,WHT,20,14.B3,SA0400:11,TCP,14.B1,,,,
AF0201:41,TCP,SC,TCP23C,WHT,20,14.D3,SB0401:C,TCP,14.D1,,,,
AF0201:42,TCP,SC,TCP24C,WHT,20,14.D3,SB0402:C,TCP,14.D1,,,,
AF0201:43,TCP,SC,TCP25C,WHT,20,14.A7,SB0403:C,TCP,14.A5,,,,
AF0201:44,TCP,SC,TCP26C,WHT,20,14.A7,SB0404:C,TCP,14.A5,,,,
AF0201:51,TCP,SC,AF0201P,WHT,20,12.A5,AF0202:34,TCP,12.A5,,,,
AF0202:00,TCP,SC,TCP18B2,WHT,20,14.D6,SB0400:22,TCP,14.D5,,,,
AF0202:01,TCP,SC,TCP19NO,WHT,20,15.A3,SH0404:NO,TCP,15.A1,,,,
AF0202:02,TCP,SC,TCP20NO,WHT,20,15.B3,SH0405:NO,TCP,15.B1,,,,
AF0202:03,TCP,SC,TCP21NO,WHT,20,15.B3,SH0406:NO,TCP,15.B1,,,,
AF0202:04,TCP,SC,TCP22NO,WHT,20,15.C3,SH0407:NO,TCP,15.C1,,,,
AF0202:05,TCP,SC,TCP28NC,WHT,20,15.C3,SB0406:NC,TCP,15.C1,,,,
AF0202:06,TCP,SC,TCP29NO,WHT,20,15.D3,SB0405:NO,TCP,15.D1,,,,
AF0202:07,TCP,SC,TCP30NO,WHT,20,15.D3,SH0408:NO,TCP,15.D1,,,,
AF0202:08,TCP,SC,TCP31NO,WHT,20,15.A6,SB0407:NO,TCP,15.A5,,,,
AF0202:09,TCP,SC,TCP32NO,WHT,20,15.A6,SB0408:NO,TCP,15.A5,,,,
AF0202:10,TCP,SC,TCP19AP,WHT,20,15.B6,SH0404:A+,TCP,15.B5,,,,
AF0202:11,TCP,SC,TCP20AP,WHT,20,15.B6,SH0405:A+,TCP,15.B5,,,,
AF0202:12,TCP,SC,TCP21AP,WHT,20,15.C6,SH0406:A+,TCP,15.C5,,,,
AF0202:13,TCP,SC,TCP22AP,WHT,20,15.C6,SH0407:A+,TCP,15.C5,,,,
AF0202:14,TCP,SC,TCP30AP,WHT,20,15.D6,SH0408:A+,TCP,15.D5,,,,
AF0202:15,TCP,SC,TCP30BP,WHT,20,15.D6,SH0408:B+,TCP,15.D5,,,,
AF0202:27,TCP,SC,TCP19A,WHT,20,15.B6,SH0404:A,TCP,15.B5,,,,
AF0202:28,TCP,SC,TCP20A,WHT,20,15.B6,SH0405:A,TCP,15.B5,,,,
AF0202:29,TCP,SC,TCP21A,WHT,20,15.C6,SH0406:A,TCP,15.C5,,,,
AF0202:30,TCP,SC,TCP22A,WHT,20,15.C6,SH0407:A,TCP,15.C5,,,,
AF0202:31,TCP,SC,TCP30A,WHT,20,15.D6,SH0408:A,TCP,15.D5,,,,
AF0202:32,TCP,SC,TCP30B,WHT,20,15.D6,SH0408:B,TCP,15.D5,,,,
AF0202:35,TCP,SC,TCP18B1,WHT,20,14.D6,SB0400:21,TCP,14.D5,,,,
AF0202:36,TCP,SC,TCP19C,WHT,20,15.A3,SH0404:C,TCP,15.A1,,,,
AF0202:37,TCP,SC,TCP20C,WHT,20,15.B3,SH0405:C,TCP,15.B1,,,,
AF0202:38,TCP,SC,TCP21C,WHT,20,15.B3,SH0406:C,TCP,15.B1,,,,
AF0202:39,TCP,SC,TCP22C,WHT,20,15.C3,SH0407:C,TCP,15.C1,,,,
AF0202:40,TCP,SC,TCP28C,WHT,20,15.C3,SB0406:C,TCP,15.C1,,,,
AF0202:41,TCP,SC,TCP29C,WHT,20,15.D3,SB0405:C,TCP,15.D1,,,,
AF0202:42,TCP,SC,TCP30C,WHT,20,15.D3,SH0408:C,TCP,15.D1,,,,
AF0202:43,TCP,SC,TCP31C,WHT,20,15.A6,SB0407:C,TCP,15.A5,,,,
AF0202:44,TCP,SC,TCP32C,WHT,20,15.A6,SB0408:C,TCP,15.A5,,,,
HL0400:A,TCP,SC,TCP01A,WHT,20,13.A1,HL0400:B,TCP,13.A1,,,,
HL0400:A+,TCP,SC,TCP01AP,WHT,20,13.A1,HL0400:B+,TCP,13.A1,,,,
HL0401:A,TCP,SC,TCP02A,WHT,20,13.A1,HL0401:B,TCP,13.A1,,,,
HL0401:A+,TCP,SC,TCP02AP,WHT,20,13.A1,HL0401:B+,TCP,13.A1,,,,
HL0402:A,TCP,SC,TCP03A,WHT,20,13.B1,HL0402:B,TCP,13.B1,,,,
HL0402:A+,TCP,SC,TCP03AP,WHT,20,13.B1,HL0402:B+,TCP,13.B1,,,,
HL0403:A,TCP,SC,TCP04A,WHT,20,13.B1,HL0403:B,TCP,13.B1,,,,
HL0403:A+,TCP,SC,TCP04AP,WHT,20,13.B1,HL0403:B+,TCP,13.B1,,,,
HL0404:A,TCP,SC,TCP05A,WHT,20,13.C1,HL0404:B,TCP,13.C1,,,,
HL0404:A+,TCP,SC,TCP05AP,WHT,20,13.C1,HL0404:B+,TCP,13.C1,,,,
HL0406:A,TCP,SC,TCP07A,WHT,20,13.D1,HL0406:B,TCP,13.D1,,,,
HL0406:A+,TCP,SC,TCP07AP,WHT,20,13.D1,HL0406:B+,TCP,13.D1,,,,
HL0407:A,TCP,SC,TCP08A,WHT,20,13.A5,HL0407:B,TCP,13.A5,,,,
HL0407:A+,TCP,SC,TCP08AP,WHT,20,13.A5,HL0407:B+,TCP,13.A5,,,,
HL0408:A,TCP,SC,TCP09A,WHT,20,13.A5,HL0408:B,TCP,13.A5,,,,
HL0408:A+,TCP,SC,TCP09AP,WHT,20,13.A5,HL0408:B+,TCP,13.A5,,,,
HL0409:A,TCP,SC,TCP10A,WHT,20,13.B5,HL0409:B,TCP,13.B5,,,,
HL0409:A+,TCP,SC,TCP10AP,WHT,20,13.B5,HL0409:B+,TCP,13.B5,,,,
HL0410:A,TCP,SC,0V,WHT,20,14.B5,HL0410:B,TCP,14.B5,,,,
HL0410:A+,TCP,SC,TCP12AP,WHT,20,14.B5,HL0410:B+,TCP,14.B5,,,,
HL0410:A+,TCP,SC,TCP12AP,WHT,20,14.B5,XT0564:1 B1,TCP,14.B5,,,,
HL0411:A,TCP,SC,TCP11A,WHT,20,13.B5,HL0411:B,TCP,13.B5,,,,
HL0411:A+,TCP,SC,TCP11AP,WHT,20,13.B5,HL0411:B+,TCP,13.B5,,,,
SB0404:NO,TCP,SC,TCP26NO,WHT,20,14.A5,XT0564:1 T1,TCP,14.B5,,,,
SH0401:A,TCP,SC,0V1,WHT,20,14.C5,SH0401:B,TCP,14.C5,,,,
SH0401:A+,TCP,SC,TCP14AP,WHT,20,14.C5,XT0564:5 B1,TCP,14.C5,,,,
SH0401:B+,TCP,SC,TCP14BP,WHT,20,14.C5,XT0564:4 B1,TCP,14.C5,,,,
SH0404:A,TCP,SC,TCP19A,WHT,20,15.B5,SH0404:B,TCP,15.B5,,,,
SH0404:A+,TCP,SC,TCP19AP,WHT,20,15.B5,SH0404:B+,TCP,15.B5,,,,
SH0405:A,TCP,SC,TCP20A,WHT,20,15.B5,SH0405:B,TCP,15.B5,,,,
SH0405:A+,TCP,SC,TCP20AP,WHT,20,15.B5,SH0405:B+,TCP,15.B5,,,,
SH0406:A,TCP,SC,TCP21A,WHT,20,15.C5,SH0406:B,TCP,15.C5,,,,
SH0406:A+,TCP,SC,TCP21AP,WHT,20,15.C5,SH0406:B+,TCP,15.C5,,,,
SH0407:A,TCP,SC,TCP22A,WHT,20,15.C5,SH0407:B,TCP,15.C5,,,,
SH0407:A+,TCP,SC,TCP22AP,WHT,20,15.C5,SH0407:B+,TCP,15.C5,,,,
XT0564:1 T2,TCP,SC,TCP26NO,WHT,20,14.B5,XT0564:4 T2,TCP,14.C5,,,,
XT0564:4 T1,TCP,SC,TCP26NO,WHT,20,14.C5,XT0564:5 T1,TCP,14.C5,,,,
FRAME,TURBINE VIBRATION PANEL,SC,GR0113,GRN/YEL,14,5.A4,GR0113: ,TURBINE VIBRATION PANEL,5.A4,,,,
FRAME,TURBINE VIBRATION PANEL,SC,UJ0132G,GRN/YEL,12,20.C4,UJ0132:G,TURBINE VIBRATION PANEL,20.C4,"Fr Loc. was: BACK WALL PANEL
To Loc was: BACK WALL PANEL",CHG,,
FU0132:LD,TURBINE VIBRATION PANEL,SC,FU0132,WHT,12,20.C3,UJ0132:+,TURBINE VIBRATION PANEL,20.C4,"Fr Loc. was: BACK WALL PANEL
To Loc was: BACK WALL PANEL",CHG,,
FU0132A:LD,TURBINE VIBRATION PANEL,SC,FU0132A,WHT,12,20.C3,UJ0132:-,TURBINE VIBRATION PANEL,20.C4,"Fr Loc. was: BACK WALL PANEL
To Loc was: BACK WALL PANEL",CHG,,